city,state,place_name,category,mood,available_time_min,distance_km,visit_duration_min,preference_match,is_open,time_fit,distance_fit,suitability
Srinagar,Jammu and Kashmir,Shankaracharya Temple,religious,nature,120,1.09,105,0.784,0,1,1,1
Nashik,Maharashtra,Trimbakeshwar Temple,religious,adventure,60,0.42,130,0.527,1,0,1,0
Pune,Maharashtra,Sinhagad Fort,fort,relax,180,3.05,195,0.176,1,0,1,0
Lucknow,Uttar Pradesh,Residency Lucknow,historic,nature,30,2.54,110,0.394,1,0,1,0
Bengaluru,Karnataka,Lalbagh Botanical Garden,garden,adventure,60,0.76,105,0.502,1,0,1,0
Kolkata,West Bengal,Maidan,park,adventure,180,10.22,70,0.413,1,1,1,1
Nagpur,Maharashtra,Ramtek Fort Temple,fort,relax,180,7.99,140,0.427,1,1,1,1
Chennai,Tamil Nadu,Government Museum Chennai,museum,food,60,1.01,130,0.397,1,0,1,0
Nashik,Maharashtra,Nandur Madhameshwar Bird Sanctuary,nature,adventure,480,32.38,200,0.301,1,1,1,0
Kolkata,West Bengal,Maidan,park,nature,480,15.07,80,0.795,1,1,1,1
Gangtok,Sikkim,Tsomgo Lake,lake,nature,120,1.28,165,0.763,1,0,1,1
Gangtok,Sikkim,Banjhakri Falls,nature,relax,480,1.23,135,0.462,1,1,1,1
Pune,Maharashtra,Sarasbaug,park,explore,120,4.23,50,0.291,1,1,1,1
Jaipur,Rajasthan,Nahargarh Fort,fort,relax,180,11.34,120,0.312,1,1,1,1
Pune,Maharashtra,Sarasbaug,park,explore,30,1.58,70,0.246,1,0,1,0
Darjeeling,West Bengal,Padmaja Naidu Himalayan Zoological Park,nature,food,30,0.96,130,0.381,1,0,1,0
Delhi,Delhi,India Gate,monument,adventure,480,34.87,50,0.222,1,1,1,0
Kolkata,West Bengal,Howrah Bridge,monument,culture,60,2.02,40,0.853,1,1,1,1
Amritsar,Punjab,Jallianwala Bagh,historic,adventure,180,4.93,75,0.25,1,1,1,1
Udaipur,Rajasthan,City Palace Udaipur,historic,nature,120,3.35,120,0.499,1,1,1,1
Goa,Goa,Palolem Beach,beach,culture,30,0.89,165,0.471,1,0,1,0
Nashik,Maharashtra,Pandavleni Caves,historic,nature,300,17.89,135,0.211,1,1,1,1
Ahmedabad,Gujarat,Sidi Saiyyed Mosque,religious,adventure,120,4.05,50,0.4,1,1,1,1
Chennai,Tamil Nadu,Government Museum Chennai,museum,relax,300,9.82,140,0.295,1,1,1,1
Hyderabad,Telangana,Golconda Fort,fort,adventure,60,0.57,145,0.746,1,0,1,0
Srinagar,Jammu and Kashmir,Dal Lake,lake,nature,30,0.59,145,0.871,1,0,1,1
Mumbai,Maharashtra,Elephanta Caves,historic,food,300,5.19,175,0.373,1,1,1,1
Bengaluru,Karnataka,Bannerghatta Biological Park,nature,adventure,30,0.77,170,0.831,1,0,1,1
Hampi,Karnataka,Matanga Hill,nature,adventure,60,0.84,95,0.805,1,0,1,1
Delhi,Delhi,Humayun's Tomb,historic,adventure,480,18.56,95,0.189,1,1,1,0
Jaipur,Rajasthan,City Palace,historic,adventure,120,7.46,115,0.146,1,1,1,0
Mumbai,Maharashtra,Marine Drive,viewpoint,explore,120,2.03,60,0.942,1,1,1,1
Kolkata,West Bengal,Indian Museum,museum,culture,60,1.9,110,0.906,0,0,1,0
Hyderabad,Telangana,Hussain Sagar Lake,nature,adventure,300,13.33,75,0.273,1,1,1,1
Nashik,Maharashtra,Pandavleni Caves,historic,culture,30,1.8,120,0.869,0,0,1,0
Bengaluru,Karnataka,Bangalore Palace,historic,nature,480,31.47,90,0.412,1,1,1,1
Chennai,Tamil Nadu,Fort St George,historic,explore,30,2.4,85,0.847,1,0,1,1
Mysuru,Karnataka,Brindavan Gardens,garden,culture,120,5.51,85,0.476,1,1,1,1
Agra,Uttar Pradesh,Agra Fort,fort,culture,30,2.04,125,0.921,1,0,1,1
Hyderabad,Telangana,Salar Jung Museum,museum,food,480,3.77,140,0.273,1,1,1,1
Darjeeling,West Bengal,Happy Valley Tea Estate,nature,adventure,60,4.51,95,0.302,1,0,1,0
Bengaluru,Karnataka,Bangalore Palace,historic,food,480,27.43,80,0.061,1,1,1,0
Hyderabad,Telangana,Qutb Shahi Tombs,historic,food,300,19.89,100,0.22,1,1,1,1
Gangtok,Sikkim,Tashi View Point,viewpoint,explore,480,30.16,70,0.738,1,1,1,1
Kolkata,West Bengal,Howrah Bridge,monument,explore,60,4.24,45,0.763,1,1,1,1
Delhi,Delhi,India Gate,monument,nature,60,1.87,55,0.312,1,1,1,1
Hampi,Karnataka,Hampi Bazaar,historic,culture,30,1.51,60,0.861,1,0,1,1
Agra,Uttar Pradesh,Itmad-ud-Daulah's Tomb,historic,culture,30,2.5,80,0.943,1,0,1,1
Srinagar,Jammu and Kashmir,Shankaracharya Temple,religious,adventure,120,6.78,120,0.749,1,1,1,1
Mysuru,Karnataka,Brindavan Gardens,garden,food,300,6.87,105,0.063,1,1,1,1
Mysuru,Karnataka,Mysuru Zoo,nature,nature,480,31.22,175,0.798,1,1,1,1
Jaipur,Rajasthan,Jal Mahal,viewpoint,explore,30,2.98,50,0.957,1,0,1,1
Ahmedabad,Gujarat,Kankaria Lake,nature,culture,60,1.42,70,0.329,1,0,1,0
Nagpur,Maharashtra,Deekshabhoomi,monument,relax,30,2.91,65,0.792,1,0,1,1
Bengaluru,Karnataka,Cubbon Park,park,relax,180,4.82,80,0.899,1,1,1,1
Agra,Uttar Pradesh,Akbar's Tomb,historic,explore,30,1.78,90,0.739,1,0,1,1
Nashik,Maharashtra,Trimbakeshwar Temple,religious,relax,30,0.79,115,0.867,1,0,1,1
Mysuru,Karnataka,Brindavan Gardens,garden,nature,300,1.79,100,0.768,1,1,1,1
Nagpur,Maharashtra,Satpuda Botanical Garden,garden,nature,480,11.24,70,0.818,1,1,1,1
Mysuru,Karnataka,Mysore Palace,historic,adventure,120,6.47,110,0.259,1,1,1,1
Jaipur,Rajasthan,City Palace,historic,adventure,60,4.44,110,0.25,1,0,1,0
Nagpur,Maharashtra,Ambazari Lake,nature,culture,300,13.09,65,0.298,1,1,1,1
Agra,Uttar Pradesh,Akbar's Tomb,historic,adventure,180,4.47,85,0.271,1,1,1,1
Delhi,Delhi,Lodhi Garden,garden,relax,180,1.0,90,0.828,1,1,1,1
Delhi,Delhi,Lotus Temple,religious,explore,60,3.34,70,0.278,0,0,1,0
Udaipur,Rajasthan,Lake Pichola,lake,nature,180,2.85,75,0.872,1,1,1,1
Pune,Maharashtra,Sinhagad Fort,fort,adventure,180,6.86,165,0.764,1,1,1,1
Hyderabad,Telangana,Salar Jung Museum,museum,culture,60,2.41,110,0.93,1,0,1,1
Mumbai,Maharashtra,Elephanta Caves,historic,relax,300,6.2,140,0.282,1,1,1,1
Amritsar,Punjab,Partition Museum,museum,relax,180,9.12,105,0.518,1,1,1,1
Chennai,Tamil Nadu,Guindy National Park,nature,explore,300,6.16,110,0.293,1,1,1,1
Mumbai,Maharashtra,Juhu Beach,beach,relax,480,8.3,85,0.962,0,1,1,1
Delhi,Delhi,Lodhi Garden,garden,nature,180,11.26,65,0.961,1,1,1,1
Goa,Goa,Fort Aguada,fort,culture,30,2.06,125,0.752,1,0,1,1
Udaipur,Rajasthan,City Palace Udaipur,historic,food,180,4.19,120,0.1,0,1,1,0
Jaipur,Rajasthan,Jal Mahal,viewpoint,culture,480,4.43,45,0.373,1,1,1,0
Amritsar,Punjab,Jallianwala Bagh,historic,culture,60,4.6,70,0.852,1,0,1,1
Jaipur,Rajasthan,Nahargarh Fort,fort,nature,300,6.65,100,0.876,1,1,1,1
Varanasi,Uttar Pradesh,Dashashwamedh Ghat,religious,culture,180,5.34,80,0.791,0,1,1,1
Ahmedabad,Gujarat,Sidi Saiyyed Mosque,religious,nature,300,12.59,70,0.504,1,1,1,1
Nagpur,Maharashtra,Ramtek Fort Temple,fort,explore,120,6.27,100,0.177,1,1,1,1
Delhi,Delhi,Qutub Minar,historic,adventure,480,28.27,100,0.139,1,1,1,1
Kolkata,West Bengal,Maidan,park,culture,60,2.79,75,0.376,1,0,1,0
Agra,Uttar Pradesh,Akbar's Tomb,historic,relax,120,4.49,75,0.302,1,1,1,1
Nashik,Maharashtra,Saptashrungi Temple,religious,food,180,2.28,125,0.242,1,1,1,1
Ahmedabad,Gujarat,Kankaria Lake,nature,relax,480,4.0,100,0.906,0,1,1,1
Gangtok,Sikkim,Tsomgo Lake,lake,adventure,60,2.76,170,0.806,1,0,1,1
Pune,Maharashtra,Aga Khan Palace,historic,relax,300,3.42,85,0.379,1,1,1,1
Mumbai,Maharashtra,Juhu Beach,beach,food,480,22.98,90,0.089,1,1,1,0
Udaipur,Rajasthan,City Palace Udaipur,historic,explore,480,23.95,145,0.836,1,1,1,1
Varanasi,Uttar Pradesh,Assi Ghat,religious,food,30,2.29,70,0.253,1,0,1,0
Darjeeling,West Bengal,Tiger Hill,viewpoint,food,120,4.41,125,0.358,1,0,1,0
Pune,Maharashtra,Aga Khan Palace,historic,explore,60,0.71,75,0.72,1,0,1,1
Bengaluru,Karnataka,Cubbon Park,park,nature,30,1.42,70,0.916,1,0,1,1
Jaipur,Rajasthan,Hawa Mahal,historic,nature,60,0.77,60,0.182,1,1,1,1
Goa,Goa,Baga Beach,beach,explore,300,18.6,135,0.781,1,1,1,1
Srinagar,Jammu and Kashmir,Dal Lake,lake,relax,60,4.02,120,0.86,1,0,1,1
Gangtok,Sikkim,Tsomgo Lake,lake,relax,60,2.76,200,0.472,1,0,1,0
Mumbai,Maharashtra,Gateway of India,historic,food,300,12.48,80,0.248,1,1,1,0
Varanasi,Uttar Pradesh,Sarnath,historic,food,120,7.27,160,0.265,1,0,1,0
Delhi,Delhi,Lotus Temple,religious,culture,120,5.46,65,0.957,1,1,1,1
Hyderabad,Telangana,Golconda Fort,fort,adventure,480,17.67,130,0.97,1,1,1,1
Pune,Maharashtra,Aga Khan Palace,historic,adventure,30,2.37,100,0.353,1,0,1,0
Udaipur,Rajasthan,City Palace Udaipur,historic,adventure,300,7.0,160,0.408,1,1,1,1
Bengaluru,Karnataka,Bannerghatta Biological Park,nature,culture,300,12.92,205,0.369,1,1,1,1
Chennai,Tamil Nadu,Kapaleeshwarar Temple,religious,nature,60,3.5,80,0.47,1,0,1,0
Udaipur,Rajasthan,Lake Pichola,lake,nature,30,1.98,95,0.731,0,0,1,0
Delhi,Delhi,Lodhi Garden,garden,explore,480,7.92,60,0.102,1,1,1,0
Pune,Maharashtra,Sinhagad Fort,fort,food,180,7.03,215,0.064,1,0,1,0
Bengaluru,Karnataka,Bannerghatta Biological Park,nature,explore,180,8.79,175,0.761,1,1,1,1
Chennai,Tamil Nadu,Government Museum Chennai,museum,nature,480,28.24,135,0.251,1,1,1,1
Nagpur,Maharashtra,Satpuda Botanical Garden,garden,culture,30,2.08,60,0.179,0,0,1,0
Agra,Uttar Pradesh,Agra Fort,fort,explore,30,1.22,125,0.936,1,0,1,1
Nagpur,Maharashtra,Seminary Hill,nature,food,300,4.83,65,0.165,1,1,1,1
Mysuru,Karnataka,Brindavan Gardens,garden,explore,30,0.45,85,0.15,0,0,1,0
Lucknow,Uttar Pradesh,Chota Imambara,historic,culture,480,9.43,110,0.82,0,1,1,1
Bengaluru,Karnataka,Vidhana Soudha,monument,nature,120,4.44,45,0.316,1,1,1,1
Hyderabad,Telangana,Golconda Fort,fort,culture,30,2.16,125,0.907,1,0,1,1
Mumbai,Maharashtra,Chhatrapati Shivaji Maharaj Terminus,historic,culture,180,6.3,60,0.843,0,1,1,1
Delhi,Delhi,Lotus Temple,religious,relax,30,0.67,85,0.845,0,0,1,0
Nagpur,Maharashtra,Seminary Hill,nature,culture,180,10.68,55,0.249,1,1,1,1
Pune,Maharashtra,Pune Okayama Friendship Garden,garden,food,180,11.33,80,0.125,1,1,1,1
Lucknow,Uttar Pradesh,Janeshwar Mishra Park,park,culture,480,14.22,105,0.424,1,1,1,1
Kolkata,West Bengal,Maidan,park,nature,30,1.8,70,0.782,1,0,1,1
Goa,Goa,Dudhsagar Falls,nature,nature,120,5.7,195,0.953,1,0,1,1
Ahmedabad,Gujarat,Kankaria Lake,nature,food,300,3.43,90,0.357,1,1,1,1
Mumbai,Maharashtra,Marine Drive,viewpoint,food,120,1.22,70,0.131,0,1,1,0
Bengaluru,Karnataka,Bannerghatta Biological Park,nature,food,300,7.55,190,0.158,0,1,1,0
Mumbai,Maharashtra,Elephanta Caves,historic,explore,300,12.61,165,0.926,1,1,1,1
Ahmedabad,Gujarat,Adalaj Stepwell,historic,food,120,3.86,75,0.307,1,1,1,1
Darjeeling,West Bengal,Happy Valley Tea Estate,nature,adventure,480,8.1,100,0.425,1,1,1,1
Agra,Uttar Pradesh,Itmad-ud-Daulah's Tomb,historic,explore,60,1.8,75,0.893,1,0,1,1
Nagpur,Maharashtra,Ambazari Lake,nature,adventure,300,2.56,80,0.392,0,1,1,1
Mysuru,Karnataka,Mysore Palace,historic,adventure,30,0.68,140,0.533,1,0,1,0
Delhi,Delhi,Qutub Minar,historic,explore,300,15.09,105,0.898,1,1,1,1
Hampi,Karnataka,Virupaksha Temple,religious,culture,300,18.26,85,0.72,1,1,1,1
Nagpur,Maharashtra,Khindsi Lake,nature,food,60,4.95,105,0.087,1,0,1,0
Nagpur,Maharashtra,Ambazari Lake,nature,nature,60,3.06,75,0.847,1,0,1,1
Delhi,Delhi,Lotus Temple,religious,explore,480,5.96,70,0.449,1,1,1,1
Darjeeling,West Bengal,Tiger Hill,viewpoint,adventure,180,2.95,135,0.727,1,1,1,1
Bengaluru,Karnataka,Lalbagh Botanical Garden,garden,nature,30,0.85,105,0.846,1,0,1,1
Amritsar,Punjab,Partition Museum,museum,explore,30,1.03,100,0.936,1,0,1,1
Mysuru,Karnataka,Chamundi Hill,nature,culture,60,0.85,105,0.873,1,0,1,1
Goa,Goa,Palolem Beach,beach,nature,120,1.3,165,0.747,1,0,1,1
Mumbai,Maharashtra,Hanging Gardens,garden,explore,30,2.3,60,0.349,1,0,1,0
Nagpur,Maharashtra,Deekshabhoomi,monument,relax,60,3.47,60,0.95,1,1,1,1
Delhi,Delhi,Humayun's Tomb,historic,food,300,12.21,75,0.109,1,1,1,0
Nagpur,Maharashtra,Deekshabhoomi,monument,explore,60,1.25,50,0.257,1,1,1,1
Delhi,Delhi,Lotus Temple,religious,explore,30,0.88,70,0.291,1,0,1,0
Gangtok,Sikkim,Tsomgo Lake,lake,relax,300,7.76,175,0.121,1,1,1,0
Amritsar,Punjab,Jallianwala Bagh,historic,explore,120,0.72,75,0.938,1,1,1,1
Jaipur,Rajasthan,City Palace,historic,food,30,2.22,115,0.164,1,0,1,0
Hampi,Karnataka,Hampi Bazaar,historic,adventure,300,7.94,80,0.144,1,1,1,1
Mumbai,Maharashtra,Marine Drive,viewpoint,explore,480,3.52,65,0.84,1,1,1,1
Hyderabad,Telangana,Qutb Shahi Tombs,historic,nature,300,10.5,100,0.201,1,1,1,1
Hyderabad,Telangana,Qutb Shahi Tombs,historic,adventure,300,10.87,95,0.118,0,1,1,0
Delhi,Delhi,Lodhi Garden,garden,nature,300,1.45,75,0.882,1,1,1,1
Nagpur,Maharashtra,Satpuda Botanical Garden,garden,explore,60,1.51,55,0.265,1,1,1,1
Udaipur,Rajasthan,City Palace Udaipur,historic,culture,120,7.1,140,0.884,1,0,1,1
Pune,Maharashtra,Sarasbaug,park,culture,60,2.0,65,0.31,1,0,1,0
Lucknow,Uttar Pradesh,Janeshwar Mishra Park,park,food,180,9.83,100,0.13,0,1,1,0
Jaipur,Rajasthan,Jantar Mantar,museum,relax,300,8.84,75,0.338,1,1,1,1
Amritsar,Punjab,Partition Museum,museum,explore,480,25.7,130,0.822,1,1,1,1
Delhi,Delhi,Red Fort,historic,adventure,180,5.68,100,0.361,1,1,1,1
Hyderabad,Telangana,Salar Jung Museum,museum,adventure,30,2.63,105,0.418,0,0,1,0
Nagpur,Maharashtra,Ramtek Fort Temple,fort,nature,300,2.62,125,0.183,1,1,1,1
Nashik,Maharashtra,Saptashrungi Temple,religious,adventure,180,4.77,145,0.832,1,1,1,1
Pune,Maharashtra,Raja Dinkar Kelkar Museum,museum,food,30,1.08,80,0.136,1,0,1,0
Goa,Goa,Basilica of Bom Jesus,religious,explore,180,5.89,80,0.978,1,1,1,1
Lucknow,Uttar Pradesh,Residency Lucknow,historic,explore,60,4.49,90,0.849,1,0,1,1
Goa,Goa,Palolem Beach,beach,food,480,29.09,145,0.395,1,1,1,1
Kolkata,West Bengal,Howrah Bridge,monument,adventure,30,1.74,50,0.126,1,0,1,0
Delhi,Delhi,India Gate,monument,adventure,60,3.38,50,0.323,1,1,1,1
Hampi,Karnataka,Matanga Hill,nature,food,180,2.53,135,0.13,1,1,1,0
Varanasi,Uttar Pradesh,Assi Ghat,religious,adventure,120,7.48,65,0.181,1,1,1,0
Mumbai,Maharashtra,Hanging Gardens,garden,relax,60,1.09,50,0.956,0,1,1,1
Bengaluru,Karnataka,Cubbon Park,park,culture,300,11.52,70,0.138,1,1,1,0
Amritsar,Punjab,Partition Museum,museum,adventure,300,7.77,130,0.25,0,1,1,0
Hampi,Karnataka,Hampi Bazaar,historic,adventure,180,9.6,65,0.513,0,1,1,0
Srinagar,Jammu and Kashmir,Shankaracharya Temple,religious,culture,480,18.35,120,0.934,1,1,1,1
Jaipur,Rajasthan,Amber Fort,fort,nature,480,7.99,125,0.453,1,1,1,1
Mumbai,Maharashtra,Gateway of India,historic,explore,180,9.05,100,0.747,0,1,1,1
Chennai,Tamil Nadu,Government Museum Chennai,museum,explore,300,9.6,115,0.898,1,1,1,1
Varanasi,Uttar Pradesh,Assi Ghat,religious,relax,300,17.2,75,0.965,0,1,1,1
Mumbai,Maharashtra,Chhatrapati Shivaji Maharaj Terminus,historic,relax,60,2.33,65,0.402,1,0,1,0
Delhi,Delhi,Red Fort,historic,relax,180,11.88,120,0.26,1,1,1,0
Nagpur,Maharashtra,Ambazari Lake,nature,nature,180,3.37,90,0.907,0,1,1,1
Pune,Maharashtra,Sinhagad Fort,fort,food,300,16.27,150,0.188,1,1,1,0
Goa,Goa,Palolem Beach,beach,food,30,0.8,165,0.071,1,0,1,0
Nashik,Maharashtra,Trimbakeshwar Temple,religious,nature,30,0.88,110,0.364,1,0,1,0
Agra,Uttar Pradesh,Akbar's Tomb,historic,nature,30,2.25,100,0.277,1,0,1,0
Hyderabad,Telangana,Golconda Fort,fort,culture,300,11.73,150,0.823,1,1,1,1
Udaipur,Rajasthan,Saheliyon-ki-Bari,garden,culture,180,3.62,80,0.305,1,1,1,1
Chennai,Tamil Nadu,Fort St George,historic,culture,180,0.84,105,0.925,1,1,1,1
Varanasi,Uttar Pradesh,Kashi Vishwanath Temple,religious,explore,30,1.09,75,0.172,0,0,1,0
Nashik,Maharashtra,Panchvati,historic,food,300,16.32,80,0.214,1,1,1,1
Jaipur,Rajasthan,Jal Mahal,viewpoint,food,120,1.79,45,0.116,1,1,1,1
Gangtok,Sikkim,Tashi View Point,viewpoint,adventure,480,15.19,50,0.423,1,1,1,1
Bengaluru,Karnataka,Bannerghatta Biological Park,nature,culture,60,1.87,210,0.34,1,0,1,0
Goa,Goa,Baga Beach,beach,adventure,300,7.67,140,0.481,1,1,1,1
Pune,Maharashtra,Pune Okayama Friendship Garden,garden,nature,30,0.8,90,0.764,1,0,1,1
Mumbai,Maharashtra,Elephanta Caves,historic,food,60,4.89,145,0.29,0,0,1,0
Mumbai,Maharashtra,Gateway of India,historic,explore,300,3.26,100,0.801,1,1,1,1
Hyderabad,Telangana,Salar Jung Museum,museum,food,120,1.5,130,0.092,0,0,1,0
Mumbai,Maharashtra,Marine Drive,viewpoint,adventure,120,1.7,70,0.361,1,1,1,1
Bengaluru,Karnataka,Bangalore Palace,historic,adventure,300,19.0,105,0.154,1,1,1,1
Delhi,Delhi,Humayun's Tomb,historic,explore,60,4.91,80,0.207,1,0,1,0
Delhi,Delhi,Humayun's Tomb,historic,relax,300,2.79,95,0.776,1,1,1,1
Udaipur,Rajasthan,Jagdish Temple,religious,nature,30,2.22,70,0.32,0,0,1,0
Jaipur,Rajasthan,Amber Fort,fort,culture,180,10.15,150,0.736,1,1,1,1
Delhi,Delhi,Lodhi Garden,garden,explore,180,11.18,70,0.476,1,1,1,0
Hampi,Karnataka,Virupaksha Temple,religious,nature,480,30.67,75,0.541,1,1,1,1
Pune,Maharashtra,Raja Dinkar Kelkar Museum,museum,relax,60,4.65,80,0.428,1,0,1,0
Jaipur,Rajasthan,City Palace,historic,nature,480,13.07,140,0.511,1,1,1,1
Amritsar,Punjab,Wagah Border,monument,nature,480,16.35,150,0.319,1,1,1,1
Nashik,Maharashtra,Nandur Madhameshwar Bird Sanctuary,nature,culture,480,10.54,210,0.443,1,1,1,1
Pune,Maharashtra,Sinhagad Fort,fort,nature,300,7.67,175,0.931,1,1,1,1
Amritsar,Punjab,Sri Harmandir Sahib (Golden Temple),religious,explore,180,11.47,120,0.374,1,1,1,0
Nagpur,Maharashtra,Satpuda Botanical Garden,garden,adventure,120,6.69,65,0.325,1,1,1,1
Lucknow,Uttar Pradesh,Bara Imambara,historic,food,120,3.1,115,0.24,1,1,1,1
Agra,Uttar Pradesh,Agra Fort,fort,food,300,4.84,120,0.059,1,1,1,1
Hyderabad,Telangana,Golconda Fort,fort,food,180,2.28,180,0.165,1,1,1,0
Amritsar,Punjab,Jallianwala Bagh,historic,adventure,480,16.18,70,0.404,0,1,1,0
Amritsar,Punjab,Sri Harmandir Sahib (Golden Temple),religious,food,120,4.95,125,0.3,1,0,1,0
Bengaluru,Karnataka,Bannerghatta Biological Park,nature,nature,480,26.31,215,0.819,1,1,1,1
Kolkata,West Bengal,Howrah Bridge,monument,nature,30,0.53,40,0.259,1,0,1,0
Pune,Maharashtra,Raja Dinkar Kelkar Museum,museum,adventure,180,1.26,75,0.472,1,1,1,1
Delhi,Delhi,Lotus Temple,religious,nature,120,2.73,80,0.249,1,1,1,1
Kolkata,West Bengal,St. Paul's Cathedral,religious,relax,30,0.69,55,0.83,1,0,1,1
Agra,Uttar Pradesh,Akbar's Tomb,historic,food,300,4.44,105,0.212,0,1,1,0
Nashik,Maharashtra,Saptashrungi Temple,religious,adventure,300,15.26,175,0.892,1,1,1,1
Hampi,Karnataka,Virupaksha Temple,religious,relax,120,7.75,80,0.322,0,1,1,0
Nagpur,Maharashtra,Seminary Hill,nature,nature,180,10.12,60,0.902,1,1,1,1
Darjeeling,West Bengal,Padmaja Naidu Himalayan Zoological Park,nature,relax,60,2.89,145,0.308,1,0,1,0
Varanasi,Uttar Pradesh,Kashi Vishwanath Temple,religious,food,180,9.93,100,0.266,1,1,1,1
Amritsar,Punjab,Sri Harmandir Sahib (Golden Temple),religious,nature,60,0.78,145,0.104,1,0,1,0
Ahmedabad,Gujarat,Sidi Saiyyed Mosque,religious,culture,120,5.19,70,0.957,0,1,1,1
Udaipur,Rajasthan,Jagdish Temple,religious,adventure,120,6.1,55,0.355,1,1,1,1
Goa,Goa,Palolem Beach,beach,explore,60,0.75,135,0.432,1,0,1,0
Nagpur,Maharashtra,Khindsi Lake,nature,nature,120,2.55,95,0.887,1,1,1,1
Hyderabad,Telangana,Charminar,historic,adventure,30,2.18,70,0.542,1,0,1,0
Kolkata,West Bengal,Howrah Bridge,monument,culture,30,0.98,40,0.724,1,0,1,0
Bengaluru,Karnataka,Bangalore Palace,historic,culture,300,12.18,80,0.897,1,1,1,1
Mysuru,Karnataka,Chamundi Hill,nature,nature,300,7.88,115,0.851,1,1,1,1
Pune,Maharashtra,Sinhagad Fort,fort,food,30,2.16,205,0.132,1,0,1,0
Udaipur,Rajasthan,Saheliyon-ki-Bari,garden,food,60,0.6,80,0.183,1,0,1,0
Nashik,Maharashtra,Panchvati,historic,culture,480,23.39,85,0.978,1,1,1,1
Mumbai,Maharashtra,Juhu Beach,beach,explore,60,1.99,75,0.763,1,0,1,1
Amritsar,Punjab,Jallianwala Bagh,historic,culture,480,27.41,70,0.901,1,1,1,1
Mysuru,Karnataka,Mysuru Zoo,nature,relax,120,2.74,215,0.121,1,0,1,0
Mumbai,Maharashtra,Elephanta Caves,historic,adventure,60,3.38,140,0.826,1,0,1,1
Ahmedabad,Gujarat,Sabarmati Ashram,historic,explore,60,2.43,80,0.488,1,0,1,0
Mumbai,Maharashtra,Marine Drive,viewpoint,food,180,4.7,70,0.333,1,1,1,1
Chennai,Tamil Nadu,Fort St George,historic,food,30,1.3,75,0.283,1,0,1,0
Chennai,Tamil Nadu,Guindy National Park,nature,food,180,5.65,115,0.262,1,1,1,1
Hyderabad,Telangana,Hussain Sagar Lake,nature,adventure,480,28.2,85,0.399,1,1,1,1
Hyderabad,Telangana,Qutb Shahi Tombs,historic,relax,60,2.78,95,0.776,1,0,1,1
Hampi,Karnataka,Virupaksha Temple,religious,culture,120,5.55,105,0.962,1,1,1,1
Hampi,Karnataka,Matanga Hill,nature,nature,480,23.04,110,0.823,0,1,1,1
Udaipur,Rajasthan,City Palace Udaipur,historic,culture,180,4.44,120,0.744,1,1,1,1
Pune,Maharashtra,Shaniwar Wada,historic,relax,300,11.27,70,0.256,1,1,1,1
Bengaluru,Karnataka,Cubbon Park,park,food,30,1.3,80,0.188,1,0,1,0
Pune,Maharashtra,Sarasbaug,park,nature,30,0.44,55,0.839,1,0,1,1
Amritsar,Punjab,Wagah Border,monument,explore,180,11.26,185,0.86,1,0,1,1
Darjeeling,West Bengal,Padmaja Naidu Himalayan Zoological Park,nature,culture,120,4.44,165,0.264,1,0,1,0
Agra,Uttar Pradesh,Itmad-ud-Daulah's Tomb,historic,nature,60,0.45,70,0.215,1,0,1,0
Amritsar,Punjab,Partition Museum,museum,culture,480,4.65,100,0.76,1,1,1,1
Kolkata,West Bengal,Howrah Bridge,monument,culture,300,1.09,40,0.844,1,1,1,1
Pune,Maharashtra,Shaniwar Wada,historic,culture,30,2.01,60,0.84,1,0,1,1
Hampi,Karnataka,Virupaksha Temple,religious,food,480,27.45,85,0.184,1,1,1,0
Udaipur,Rajasthan,Saheliyon-ki-Bari,garden,adventure,120,5.34,75,0.153,1,1,1,0
Ahmedabad,Gujarat,Adalaj Stepwell,historic,relax,480,8.71,60,0.311,1,1,1,1
Delhi,Delhi,Lodhi Garden,garden,food,300,8.98,75,0.099,1,1,1,1
Pune,Maharashtra,Sarasbaug,park,food,180,5.2,50,0.207,1,1,1,1
Mumbai,Maharashtra,Hanging Gardens,garden,adventure,120,0.91,55,0.108,1,1,1,1
Pune,Maharashtra,Sarasbaug,park,culture,30,2.17,50,0.404,1,0,1,0
Agra,Uttar Pradesh,Itmad-ud-Daulah's Tomb,historic,explore,180,2.21,75,0.905,1,1,1,1
Pune,Maharashtra,Shaniwar Wada,historic,nature,480,19.95,70,0.172,1,1,1,0
Bengaluru,Karnataka,Bannerghatta Biological Park,nature,relax,30,2.67,145,0.448,0,0,1,0
Nashik,Maharashtra,Trimbakeshwar Temple,religious,food,180,6.99,100,0.11,0,1,1,0
Udaipur,Rajasthan,Lake Pichola,lake,relax,180,1.6,105,0.847,1,1,1,1
Hyderabad,Telangana,Qutb Shahi Tombs,historic,culture,120,1.33,95,0.81,1,1,1,1
Varanasi,Uttar Pradesh,Sarnath,historic,relax,120,7.06,145,0.79,1,0,1,1
Udaipur,Rajasthan,Saheliyon-ki-Bari,garden,explore,30,2.33,75,0.15,1,0,1,0
Nagpur,Maharashtra,Deekshabhoomi,monument,adventure,120,1.92,50,0.33,1,1,1,1
Jaipur,Rajasthan,Jal Mahal,viewpoint,food,180,7.83,45,0.278,1,1,1,1
Varanasi,Uttar Pradesh,Assi Ghat,religious,explore,300,13.97,70,0.915,1,1,1,1
Nashik,Maharashtra,Nandur Madhameshwar Bird Sanctuary,nature,culture,30,1.03,150,0.347,1,0,1,0
Ahmedabad,Gujarat,Sidi Saiyyed Mosque,religious,adventure,60,2.3,70,0.389,1,0,1,0
Jaipur,Rajasthan,Jantar Mantar,museum,food,300,10.38,90,0.311,1,1,1,1
Kolkata,West Bengal,Howrah Bridge,monument,adventure,300,18.5,40,0.46,1,1,1,1
Mumbai,Maharashtra,Juhu Beach,beach,adventure,120,6.04,100,0.452,1,1,1,1
Srinagar,Jammu and Kashmir,Shankaracharya Temple,religious,adventure,300,10.88,100,0.821,1,1,1,1
Delhi,Delhi,Lodhi Garden,garden,culture,180,0.94,65,0.122,1,1,1,1
Hyderabad,Telangana,Salar Jung Museum,museum,relax,30,1.44,130,0.337,1,0,1,0
Bengaluru,Karnataka,Cubbon Park,park,relax,30,0.64,75,0.855,1,0,1,1
Udaipur,Rajasthan,Lake Pichola,lake,adventure,480,7.75,75,0.477,1,1,1,1
Mumbai,Maharashtra,Elephanta Caves,historic,nature,120,4.43,135,0.21,1,0,1,0
Mumbai,Maharashtra,Marine Drive,viewpoint,explore,30,2.14,60,0.867,1,0,1,1
Gangtok,Sikkim,Banjhakri Falls,nature,culture,60,1.07,105,0.503,0,0,1,0
Goa,Goa,Dudhsagar Falls,nature,food,180,8.04,235,0.137,1,0,1,0
Ahmedabad,Gujarat,Sabarmati Ashram,historic,food,30,2.33,95,0.306,1,0,1,0
Srinagar,Jammu and Kashmir,Shankaracharya Temple,religious,culture,180,6.23,105,0.72,1,1,1,1
Gangtok,Sikkim,Banjhakri Falls,nature,adventure,180,0.55,120,0.918,1,1,1,1
Hyderabad,Telangana,Qutb Shahi Tombs,historic,nature,120,7.12,100,0.51,1,1,1,1
Bengaluru,Karnataka,Vidhana Soudha,monument,adventure,30,2.98,45,0.533,1,0,1,0
Goa,Goa,Fort Aguada,fort,culture,60,1.99,120,0.75,1,0,1,0
Pune,Maharashtra,Aga Khan Palace,historic,culture,300,11.5,90,0.935,1,1,1,1
Mumbai,Maharashtra,Juhu Beach,beach,food,30,1.46,95,0.377,1,0,1,0
Hampi,Karnataka,Hampi Bazaar,historic,explore,180,1.75,65,0.877,1,1,1,1
Delhi,Delhi,Lotus Temple,religious,adventure,180,2.59,65,0.451,0,1,1,1
Chennai,Tamil Nadu,Fort St George,historic,nature,180,7.13,85,0.209,1,1,1,1
Ahmedabad,Gujarat,Adalaj Stepwell,historic,explore,60,0.65,90,0.958,1,0,1,1
Mysuru,Karnataka,Mysore Palace,historic,relax,60,4.47,120,0.18,1,0,1,0
Srinagar,Jammu and Kashmir,Pari Mahal,historic,relax,300,9.58,90,0.969,1,1,1,1
Goa,Goa,Dudhsagar Falls,nature,explore,180,8.0,210,0.105,1,0,1,0
Lucknow,Uttar Pradesh,Chota Imambara,historic,adventure,180,8.37,85,0.168,1,1,1,1
Goa,Goa,Baga Beach,beach,food,30,2.58,140,0.106,1,0,1,0
Nashik,Maharashtra,Pandavleni Caves,historic,food,180,6.76,105,0.107,1,1,1,1
Nagpur,Maharashtra,Satpuda Botanical Garden,garden,explore,180,3.8,70,0.278,1,1,1,0
Lucknow,Uttar Pradesh,Janeshwar Mishra Park,park,adventure,180,7.42,85,0.211,1,1,1,0
Ahmedabad,Gujarat,Sidi Saiyyed Mosque,religious,culture,300,5.02,50,0.889,1,1,1,1
Lucknow,Uttar Pradesh,Chota Imambara,historic,food,480,23.09,95,0.054,1,1,1,1
Goa,Goa,Dudhsagar Falls,nature,nature,480,31.3,215,0.881,1,1,1,1
Varanasi,Uttar Pradesh,Assi Ghat,religious,nature,180,0.43,65,0.444,1,1,1,1
Lucknow,Uttar Pradesh,Residency Lucknow,historic,food,300,6.46,105,0.131,1,1,1,1
Ahmedabad,Gujarat,Sidi Saiyyed Mosque,religious,explore,180,9.11,65,0.813,1,1,1,1
Srinagar,Jammu and Kashmir,Dal Lake,lake,adventure,30,1.65,100,0.278,1,0,1,0
Kolkata,West Bengal,Indian Museum,museum,explore,180,10.85,120,0.896,0,1,1,1
Udaipur,Rajasthan,Lake Pichola,lake,culture,60,3.98,85,0.312,1,0,1,0
Jaipur,Rajasthan,Nahargarh Fort,fort,adventure,30,2.26,110,0.865,1,0,1,1
Lucknow,Uttar Pradesh,Chota Imambara,historic,adventure,480,18.68,80,0.301,1,1,1,1
Agra,Uttar Pradesh,Itmad-ud-Daulah's Tomb,historic,culture,300,7.42,60,0.75,1,1,1,1
Mumbai,Maharashtra,Gateway of India,historic,nature,180,11.13,75,0.35,1,1,1,1
Gangtok,Sikkim,Banjhakri Falls,nature,explore,180,5.64,130,0.308,1,1,1,1
Mumbai,Maharashtra,Elephanta Caves,historic,relax,180,3.34,130,0.483,1,1,1,1
Nagpur,Maharashtra,Satpuda Botanical Garden,garden,nature,30,0.85,70,0.731,1,0,1,1
Kolkata,West Bengal,Maidan,park,adventure,480,4.26,80,0.294,1,1,1,0
Hyderabad,Telangana,Salar Jung Museum,museum,relax,300,5.88,130,0.333,1,1,1,1
Hyderabad,Telangana,Salar Jung Museum,museum,food,30,1.04,135,0.076,1,0,1,0
Mumbai,Maharashtra,Hanging Gardens,garden,food,60,2.98,65,0.324,1,0,1,0
Nashik,Maharashtra,Trimbakeshwar Temple,religious,adventure,480,17.57,140,0.115,0,1,1,0
Goa,Goa,Baga Beach,beach,adventure,60,4.69,125,0.146,1,0,1,0
Pune,Maharashtra,Sinhagad Fort,fort,culture,180,6.18,190,0.945,1,0,1,0
Pune,Maharashtra,Shaniwar Wada,historic,explore,120,4.06,75,0.975,1,1,1,1
Chennai,Tamil Nadu,Kapaleeshwarar Temple,religious,food,300,9.0,85,0.354,1,1,1,1
Mysuru,Karnataka,Chamundi Hill,nature,food,300,11.68,140,0.137,0,1,1,0
Srinagar,Jammu and Kashmir,Shankaracharya Temple,religious,nature,60,2.08,105,0.979,1,0,1,1
Ahmedabad,Gujarat,Sidi Saiyyed Mosque,religious,food,120,4.94,65,0.279,1,1,1,1
Gangtok,Sikkim,Banjhakri Falls,nature,relax,60,1.99,140,0.237,1,0,1,0
Jaipur,Rajasthan,Jantar Mantar,museum,food,60,2.73,90,0.297,1,0,1,0
Mumbai,Maharashtra,Juhu Beach,beach,relax,30,1.21,75,0.749,1,0,1,1
Gangtok,Sikkim,Rumtek Monastery,religious,explore,300,10.82,125,0.323,1,1,1,1
Amritsar,Punjab,Jallianwala Bagh,historic,nature,60,0.62,70,0.178,1,0,1,0
Lucknow,Uttar Pradesh,Bara Imambara,historic,culture,180,1.65,115,0.808,1,1,1,1
Nagpur,Maharashtra,Ramtek Fort Temple,fort,nature,480,34.17,130,0.182,0,1,1,0
Varanasi,Uttar Pradesh,Kashi Vishwanath Temple,religious,relax,300,12.99,85,0.843,1,1,1,1
Nagpur,Maharashtra,Khindsi Lake,nature,culture,120,6.56,95,0.339,1,1,1,1
Kolkata,West Bengal,Maidan,park,relax,180,8.77,65,0.889,1,1,1,1
Varanasi,Uttar Pradesh,Sarnath,historic,food,480,5.96,170,0.229,1,1,1,1
Udaipur,Rajasthan,Lake Pichola,lake,food,480,22.75,90,0.327,1,1,1,1
Nagpur,Maharashtra,Seminary Hill,nature,adventure,300,5.43,65,0.739,1,1,1,1
Amritsar,Punjab,Jallianwala Bagh,historic,explore,30,2.77,70,0.94,0,0,1,0
Darjeeling,West Bengal,Tiger Hill,viewpoint,relax,120,1.03,140,0.428,1,0,1,0
Pune,Maharashtra,Aga Khan Palace,historic,food,480,28.29,80,0.393,1,1,1,1
Goa,Goa,Dudhsagar Falls,nature,food,480,2.65,280,0.098,1,1,1,1
Mysuru,Karnataka,Chamundi Hill,nature,adventure,300,13.59,115,0.927,1,1,1,1
Chennai,Tamil Nadu,Marina Beach,beach,explore,60,4.66,80,0.949,1,0,1,1
Hyderabad,Telangana,Hussain Sagar Lake,nature,explore,60,4.24,60,0.913,1,1,1,1
Udaipur,Rajasthan,Saheliyon-ki-Bari,garden,relax,60,2.52,65,0.86,1,0,1,1
Mysuru,Karnataka,Mysuru Zoo,nature,relax,480,18.84,145,0.344,1,1,1,1
Pune,Maharashtra,Shaniwar Wada,historic,adventure,180,1.49,85,0.419,1,1,1,1
Ahmedabad,Gujarat,Sidi Saiyyed Mosque,religious,nature,480,19.16,55,0.505,1,1,1,1
Mysuru,Karnataka,Mysore Palace,historic,culture,300,11.46,100,0.785,1,1,1,1
Pune,Maharashtra,Raja Dinkar Kelkar Museum,museum,food,300,3.05,95,0.286,1,1,1,0
Amritsar,Punjab,Sri Harmandir Sahib (Golden Temple),religious,adventure,120,4.96,145,0.274,1,0,1,0
Pune,Maharashtra,Sinhagad Fort,fort,nature,480,16.31,160,0.914,1,1,1,1
Hyderabad,Telangana,Charminar,historic,explore,60,0.84,85,0.816,1,0,1,1
Hampi,Karnataka,Hampi Bazaar,historic,culture,120,5.02,80,0.791,1,1,1,1
Hyderabad,Telangana,Salar Jung Museum,museum,food,180,1.14,105,0.339,1,1,1,1
Agra,Uttar Pradesh,Agra Fort,fort,relax,300,8.71,115,0.116,1,1,1,0
Chennai,Tamil Nadu,Government Museum Chennai,museum,adventure,480,25.48,115,0.467,1,1,1,1
Agra,Uttar Pradesh,Mehtab Bagh,garden,food,480,14.47,65,0.054,1,1,1,0
Gangtok,Sikkim,Banjhakri Falls,nature,adventure,300,2.11,145,0.759,0,1,1,1
Mysuru,Karnataka,Brindavan Gardens,garden,explore,120,7.1,80,0.457,1,1,1,1
Bengaluru,Karnataka,Lalbagh Botanical Garden,garden,food,180,6.51,80,0.37,1,1,1,1
Hyderabad,Telangana,Qutb Shahi Tombs,historic,food,480,26.16,75,0.206,1,1,1,1
Agra,Uttar Pradesh,Itmad-ud-Daulah's Tomb,historic,adventure,180,8.43,70,0.255,0,1,1,0
Delhi,Delhi,India Gate,monument,relax,480,4.51,60,0.763,1,1,1,1
Agra,Uttar Pradesh,Agra Fort,fort,explore,60,2.2,115,0.872,1,0,1,1
Nashik,Maharashtra,Pandavleni Caves,historic,culture,300,12.01,105,0.911,1,1,1,1
Gangtok,Sikkim,Tashi View Point,viewpoint,relax,180,6.91,60,0.811,1,1,1,1
Gangtok,Sikkim,Tashi View Point,viewpoint,relax,300,3.28,50,0.911,1,1,1,1
Amritsar,Punjab,Sri Harmandir Sahib (Golden Temple),religious,explore,480,20.43,140,0.381,1,1,1,1
Lucknow,Uttar Pradesh,Bara Imambara,historic,nature,480,13.12,115,0.35,1,1,1,1
Mysuru,Karnataka,Mysore Palace,historic,relax,300,17.86,100,0.252,1,1,1,1
Mysuru,Karnataka,Mysore Palace,historic,nature,120,5.31,135,0.465,0,0,1,0
Nashik,Maharashtra,Saptashrungi Temple,religious,nature,480,34.69,130,0.46,1,1,1,1
Mumbai,Maharashtra,Gateway of India,historic,culture,300,16.74,75,0.96,0,1,1,1
Mumbai,Maharashtra,Chhatrapati Shivaji Maharaj Terminus,historic,relax,300,11.24,70,0.451,1,1,1,1
Chennai,Tamil Nadu,Guindy National Park,nature,culture,480,3.92,110,0.368,0,1,1,0
Nashik,Maharashtra,Panchvati,historic,food,30,1.91,70,0.309,1,0,1,0
Hampi,Karnataka,Virupaksha Temple,religious,explore,30,2.38,95,0.805,0,0,1,0
Chennai,Tamil Nadu,Kapaleeshwarar Temple,religious,adventure,300,14.22,70,0.488,1,1,1,1
Bengaluru,Karnataka,Lalbagh Botanical Garden,garden,food,120,1.97,105,0.191,1,1,1,1
Goa,Goa,Fort Aguada,fort,culture,480,14.14,130,0.956,1,1,1,1
Varanasi,Uttar Pradesh,Kashi Vishwanath Temple,religious,explore,120,2.93,90,0.398,0,1,1,0
Hampi,Karnataka,Matanga Hill,nature,relax,180,8.75,100,0.387,1,1,1,1
Gangtok,Sikkim,Tashi View Point,viewpoint,culture,120,0.73,70,0.451,1,1,1,1
Bengaluru,Karnataka,Bannerghatta Biological Park,nature,culture,120,6.69,150,0.234,0,0,1,0
Kolkata,West Bengal,St. Paul's Cathedral,religious,adventure,480,4.49,70,0.509,1,1,1,1
Mysuru,Karnataka,Brindavan Gardens,garden,relax,180,2.54,95,0.897,1,1,1,1
Nashik,Maharashtra,Saptashrungi Temple,religious,adventure,30,2.18,160,0.889,1,0,1,1
Jaipur,Rajasthan,Jal Mahal,viewpoint,relax,60,1.99,40,0.893,1,1,1,1
Nashik,Maharashtra,Pandavleni Caves,historic,adventure,180,1.69,125,0.969,1,1,1,1
Srinagar,Jammu and Kashmir,Shankaracharya Temple,religious,food,120,5.45,105,0.336,1,1,1,0
Jaipur,Rajasthan,Jantar Mantar,museum,nature,60,0.6,85,0.455,1,0,1,0
Mumbai,Maharashtra,Hanging Gardens,garden,explore,300,11.29,65,0.516,1,1,1,1
Pune,Maharashtra,Sinhagad Fort,fort,adventure,120,3.45,165,0.878,1,0,1,1
Hyderabad,Telangana,Golconda Fort,fort,explore,120,3.05,170,0.969,1,0,1,1
Pune,Maharashtra,Sinhagad Fort,fort,explore,480,26.28,205,0.302,1,1,1,1
Goa,Goa,Palolem Beach,beach,nature,30,2.92,180,0.833,1,0,1,1
Darjeeling,West Bengal,Happy Valley Tea Estate,nature,adventure,300,4.33,75,0.47,1,1,1,1
Delhi,Delhi,Qutub Minar,historic,food,180,8.47,125,0.232,1,1,1,0
Agra,Uttar Pradesh,Taj Mahal,historic,food,300,9.34,135,0.17,1,1,1,1
Kolkata,West Bengal,Maidan,park,food,480,13.64,85,0.39,1,1,1,1
Mysuru,Karnataka,Brindavan Gardens,garden,nature,60,3.18,100,0.743,1,0,1,1
Mumbai,Maharashtra,Gateway of India,historic,nature,120,2.69,90,0.398,1,1,1,1
Agra,Uttar Pradesh,Akbar's Tomb,historic,nature,300,13.07,105,0.409,0,1,1,0
Darjeeling,West Bengal,Tiger Hill,viewpoint,explore,120,2.55,135,0.913,0,0,1,1
Agra,Uttar Pradesh,Itmad-ud-Daulah's Tomb,historic,nature,120,2.46,60,0.389,1,1,1,1
Ahmedabad,Gujarat,Sabarmati Ashram,historic,relax,30,0.43,80,0.818,1,0,1,1
Chennai,Tamil Nadu,Government Museum Chennai,museum,food,180,2.67,135,0.152,1,1,1,1
Bengaluru,Karnataka,Bannerghatta Biological Park,nature,adventure,180,6.75,195,0.728,1,0,1,1
Nagpur,Maharashtra,Khindsi Lake,nature,adventure,480,7.66,75,0.494,1,1,1,1
Ahmedabad,Gujarat,Adalaj Stepwell,historic,culture,120,4.23,65,0.743,1,1,1,1
Hampi,Karnataka,Matanga Hill,nature,culture,480,31.9,110,0.201,1,1,1,0
Pune,Maharashtra,Pune Okayama Friendship Garden,garden,adventure,180,11.18,60,0.516,1,1,1,1
Mumbai,Maharashtra,Marine Drive,viewpoint,food,30,2.55,70,0.099,1,0,1,0
Nashik,Maharashtra,Trimbakeshwar Temple,religious,food,60,3.04,120,0.253,1,0,1,0
Mumbai,Maharashtra,Elephanta Caves,historic,culture,480,10.87,175,0.815,1,1,1,1
Amritsar,Punjab,Partition Museum,museum,relax,300,9.88,135,0.531,1,1,1,1
Varanasi,Uttar Pradesh,Kashi Vishwanath Temple,religious,explore,180,8.9,80,0.3,1,1,1,0
Nagpur,Maharashtra,Deekshabhoomi,monument,food,480,19.86,65,0.277,1,1,1,1
Goa,Goa,Basilica of Bom Jesus,religious,explore,120,0.86,60,0.875,1,1,1,1
Lucknow,Uttar Pradesh,Bara Imambara,historic,nature,120,4.28,140,0.205,0,0,1,0
Agra,Uttar Pradesh,Itmad-ud-Daulah's Tomb,historic,explore,300,17.1,80,0.808,1,1,1,1
Mumbai,Maharashtra,Gateway of India,historic,adventure,180,4.2,85,0.409,1,1,1,1
Kolkata,West Bengal,St. Paul's Cathedral,religious,nature,300,18.28,70,0.428,0,1,1,0
Pune,Maharashtra,Pune Okayama Friendship Garden,garden,nature,120,4.2,85,0.941,1,1,1,1
Delhi,Delhi,Qutub Minar,historic,adventure,300,13.26,105,0.449,1,1,1,0
Jaipur,Rajasthan,Jal Mahal,viewpoint,culture,300,10.04,40,0.257,1,1,1,0
Srinagar,Jammu and Kashmir,Dal Lake,lake,adventure,120,7.23,145,0.389,1,0,1,0
Delhi,Delhi,India Gate,monument,relax,30,2.87,65,0.948,1,0,1,1
Hampi,Karnataka,Virupaksha Temple,religious,culture,180,6.88,95,0.791,1,1,1,1
Kolkata,West Bengal,St. Paul's Cathedral,religious,food,300,6.28,60,0.2,1,1,1,1
Nashik,Maharashtra,Trimbakeshwar Temple,religious,nature,480,1.74,125,0.253,1,1,1,0
Jaipur,Rajasthan,City Palace,historic,explore,120,0.58,110,0.765,1,1,1,1
Mumbai,Maharashtra,Juhu Beach,beach,explore,30,0.96,85,0.803,0,0,1,0
Amritsar,Punjab,Jallianwala Bagh,historic,relax,300,19.72,80,0.105,1,1,1,1
Lucknow,Uttar Pradesh,Chota Imambara,historic,relax,480,33.39,75,0.233,1,1,1,1
Bengaluru,Karnataka,Bannerghatta Biological Park,nature,food,60,4.2,145,0.078,1,0,1,0
Mumbai,Maharashtra,Elephanta Caves,historic,explore,30,1.06,120,0.751,1,0,1,1
Chennai,Tamil Nadu,Kapaleeshwarar Temple,religious,culture,180,5.34,80,0.721,1,1,1,1
Udaipur,Rajasthan,City Palace Udaipur,historic,culture,30,0.97,160,0.754,1,0,1,1
Gangtok,Sikkim,Banjhakri Falls,nature,food,30,1.67,100,0.213,1,0,1,0
Hampi,Karnataka,Virupaksha Temple,religious,adventure,300,8.17,100,0.427,1,1,1,1
Chennai,Tamil Nadu,Marina Beach,beach,food,300,2.49,90,0.346,1,1,1,1
Jaipur,Rajasthan,Amber Fort,fort,nature,180,6.35,150,0.189,1,1,1,0
Chennai,Tamil Nadu,Fort St George,historic,nature,60,0.81,100,0.221,1,0,1,0
Nashik,Maharashtra,Trimbakeshwar Temple,religious,nature,60,1.12,100,0.55,1,0,1,0
Pune,Maharashtra,Sinhagad Fort,fort,relax,60,2.41,210,0.27,1,0,1,0
Mumbai,Maharashtra,Juhu Beach,beach,culture,300,0.64,100,0.334,1,1,1,1
Nashik,Maharashtra,Panchvati,historic,nature,60,3.41,90,0.107,1,0,1,0
Lucknow,Uttar Pradesh,Janeshwar Mishra Park,park,food,30,1.46,100,0.104,1,0,1,0
Agra,Uttar Pradesh,Akbar's Tomb,historic,explore,120,2.77,80,0.946,1,1,1,1
Amritsar,Punjab,Wagah Border,monument,explore,30,1.23,210,0.76,1,0,1,1
Bengaluru,Karnataka,Bannerghatta Biological Park,nature,adventure,60,2.53,215,0.887,1,0,1,1
Jaipur,Rajasthan,Hawa Mahal,historic,relax,30,0.52,65,0.229,1,0,1,0
Srinagar,Jammu and Kashmir,Dal Lake,lake,nature,60,3.1,120,0.776,1,0,1,1
Udaipur,Rajasthan,Saheliyon-ki-Bari,garden,nature,180,2.48,80,0.958,1,1,1,1
Ahmedabad,Gujarat,Lothal,historic,relax,180,8.32,120,0.193,1,1,1,0
Varanasi,Uttar Pradesh,Assi Ghat,religious,culture,30,2.69,80,0.781,1,0,1,1
Hyderabad,Telangana,Hussain Sagar Lake,nature,relax,120,4.41,90,0.815,1,1,1,1
Varanasi,Uttar Pradesh,Sarnath,historic,explore,300,4.01,155,0.9,0,1,1,1
Gangtok,Sikkim,Banjhakri Falls,nature,adventure,120,7.13,125,0.911,1,0,1,1
Gangtok,Sikkim,Banjhakri Falls,nature,relax,120,5.39,135,0.174,1,0,1,0
Amritsar,Punjab,Partition Museum,museum,nature,180,10.12,105,0.427,0,1,1,1
Nagpur,Maharashtra,Deekshabhoomi,monument,adventure,30,1.55,55,0.185,1,0,1,0
Mumbai,Maharashtra,Elephanta Caves,historic,explore,120,7.91,170,0.913,1,0,1,1
Nashik,Maharashtra,Trimbakeshwar Temple,religious,culture,30,0.64,125,0.753,1,0,1,1
Darjeeling,West Bengal,Darjeeling Himalayan Railway,historic,nature,120,6.34,125,0.345,1,0,1,0
Gangtok,Sikkim,Tashi View Point,viewpoint,nature,480,1.09,55,0.826,1,1,1,1
Lucknow,Uttar Pradesh,Janeshwar Mishra Park,park,food,300,4.32,110,0.053,1,1,1,0
Bengaluru,Karnataka,Bannerghatta Biological Park,nature,relax,180,0.95,185,0.45,0,0,1,0
Mumbai,Maharashtra,Marine Drive,viewpoint,adventure,480,9.64,55,0.334,1,1,1,1
Amritsar,Punjab,Sri Harmandir Sahib (Golden Temple),religious,explore,120,2.42,105,0.272,1,1,1,1
Jaipur,Rajasthan,City Palace,historic,food,300,10.82,100,0.364,1,1,1,1
Jaipur,Rajasthan,City Palace,historic,food,180,7.75,140,0.195,1,1,1,1
Delhi,Delhi,Lodhi Garden,garden,adventure,120,6.13,75,0.216,1,1,1,0
Hampi,Karnataka,Vittala Temple,historic,nature,300,7.08,120,0.236,1,1,1,1
Goa,Goa,Baga Beach,beach,nature,120,1.56,110,0.335,1,1,1,1
Darjeeling,West Bengal,Darjeeling Himalayan Railway,historic,adventure,60,3.01,140,0.391,1,0,1,0
Nashik,Maharashtra,Saptashrungi Temple,religious,relax,300,5.73,150,0.182,1,1,1,1
Lucknow,Uttar Pradesh,Bara Imambara,historic,explore,120,4.48,125,0.952,1,0,1,1
Udaipur,Rajasthan,City Palace Udaipur,historic,nature,300,15.61,130,0.534,1,1,1,1
Chennai,Tamil Nadu,Government Museum Chennai,museum,nature,120,6.27,110,0.479,1,1,1,1
Darjeeling,West Bengal,Happy Valley Tea Estate,nature,culture,60,4.3,80,0.431,1,0,1,0
Jaipur,Rajasthan,City Palace,historic,relax,300,10.93,115,0.103,1,1,1,1
Varanasi,Uttar Pradesh,Kashi Vishwanath Temple,religious,relax,30,2.98,80,0.876,1,0,1,1
Nagpur,Maharashtra,Deekshabhoomi,monument,food,120,7.71,50,0.343,1,1,1,1
Amritsar,Punjab,Partition Museum,museum,explore,300,7.84,125,0.816,1,1,1,1
Hampi,Karnataka,Hampi Bazaar,historic,relax,300,10.21,80,0.433,1,1,1,1
Chennai,Tamil Nadu,Fort St George,historic,explore,60,2.75,80,0.787,1,0,1,1
Delhi,Delhi,Humayun's Tomb,historic,food,60,2.23,80,0.4,1,0,1,0
Bengaluru,Karnataka,Vidhana Soudha,monument,explore,300,19.38,50,0.916,1,1,1,1
Hampi,Karnataka,Hampi Bazaar,historic,nature,120,3.71,70,0.395,1,1,1,1
Srinagar,Jammu and Kashmir,Pari Mahal,historic,explore,120,4.37,90,0.772,1,1,1,1
Lucknow,Uttar Pradesh,Chota Imambara,historic,food,180,6.27,75,0.241,1,1,1,0
Jaipur,Rajasthan,Amber Fort,fort,culture,300,3.11,170,0.841,1,1,1,1
Varanasi,Uttar Pradesh,Sarnath,historic,nature,30,2.11,180,0.305,1,0,1,0
Jaipur,Rajasthan,Hawa Mahal,historic,explore,30,1.34,60,0.854,1,0,1,1
Mumbai,Maharashtra,Chhatrapati Shivaji Maharaj Terminus,historic,nature,120,2.69,70,0.452,0,1,1,0
Pune,Maharashtra,Shaniwar Wada,historic,relax,480,6.15,80,0.275,1,1,1,1
Pune,Maharashtra,Sinhagad Fort,fort,nature,60,2.56,210,0.844,0,0,1,0
Mysuru,Karnataka,Mysuru Zoo,nature,explore,180,0.82,175,0.81,0,1,1,1
Lucknow,Uttar Pradesh,Janeshwar Mishra Park,park,adventure,300,7.6,105,0.103,1,1,1,0
Mysuru,Karnataka,Brindavan Gardens,garden,culture,30,0.89,75,0.188,0,0,1,0
Delhi,Delhi,Lodhi Garden,garden,food,180,5.1,80,0.269,1,1,1,1
Lucknow,Uttar Pradesh,Chota Imambara,historic,explore,300,17.08,85,0.934,0,1,1,1
Goa,Goa,Basilica of Bom Jesus,religious,adventure,480,27.62,75,0.291,1,1,1,1
Udaipur,Rajasthan,Jagdish Temple,religious,culture,120,3.76,50,0.847,1,1,1,1
Varanasi,Uttar Pradesh,Sarnath,historic,food,300,18.85,130,0.141,1,1,1,0
Agra,Uttar Pradesh,Itmad-ud-Daulah's Tomb,historic,relax,180,11.49,85,0.478,1,1,1,1
Jaipur,Rajasthan,Jal Mahal,viewpoint,relax,30,1.79,55,0.972,1,0,1,1
Kolkata,West Bengal,Victoria Memorial,historic,explore,300,19.21,140,0.933,1,1,1,1
Amritsar,Punjab,Wagah Border,monument,adventure,120,7.62,145,0.306,1,0,1,0
Jaipur,Rajasthan,Jal Mahal,viewpoint,explore,300,3.03,45,0.93,1,1,1,1
Agra,Uttar Pradesh,Itmad-ud-Daulah's Tomb,historic,food,120,5.41,65,0.059,1,1,1,1
Ahmedabad,Gujarat,Sidi Saiyyed Mosque,religious,explore,60,3.99,55,0.924,1,1,1,1
Udaipur,Rajasthan,Saheliyon-ki-Bari,garden,adventure,60,3.91,85,0.5,1,0,1,0
Goa,Goa,Basilica of Bom Jesus,religious,explore,480,21.43,85,0.854,1,1,1,1
Pune,Maharashtra,Sarasbaug,park,explore,180,11.67,55,0.327,1,1,1,0
Gangtok,Sikkim,Tsomgo Lake,lake,relax,30,1.12,170,0.452,1,0,1,0
Agra,Uttar Pradesh,Agra Fort,fort,nature,30,0.66,145,0.107,1,0,1,0
Hampi,Karnataka,Hampi Bazaar,historic,relax,60,0.52,85,0.318,1,0,1,0
Srinagar,Jammu and Kashmir,Dal Lake,lake,relax,300,0.51,135,0.843,1,1,1,1
Darjeeling,West Bengal,Happy Valley Tea Estate,nature,relax,180,9.63,95,0.858,1,1,1,1
Jaipur,Rajasthan,Nahargarh Fort,fort,nature,120,5.41,130,0.765,1,0,1,1
Mumbai,Maharashtra,Juhu Beach,beach,nature,120,2.24,90,0.873,1,1,1,1
Nagpur,Maharashtra,Ramtek Fort Temple,fort,relax,60,2.87,120,0.533,1,0,1,0
Varanasi,Uttar Pradesh,Kashi Vishwanath Temple,religious,nature,480,32.11,90,0.446,1,1,1,1
Goa,Goa,Baga Beach,beach,food,120,1.37,140,0.151,1,0,1,0
Mumbai,Maharashtra,Chhatrapati Shivaji Maharaj Terminus,historic,food,30,1.22,65,0.055,1,0,1,0
Chennai,Tamil Nadu,Marina Beach,beach,relax,180,8.63,100,0.747,1,1,1,1
Pune,Maharashtra,Aga Khan Palace,historic,culture,480,2.11,95,0.846,1,1,1,1
Nashik,Maharashtra,Anjaneri Hills,nature,food,30,0.91,190,0.219,1,0,1,0
Mysuru,Karnataka,Chamundi Hill,nature,adventure,480,33.39,140,0.745,1,1,1,1
Nagpur,Maharashtra,Satpuda Botanical Garden,garden,adventure,60,3.68,65,0.512,1,0,1,0
Agra,Uttar Pradesh,Akbar's Tomb,historic,explore,300,14.72,85,0.972,1,1,1,1
Gangtok,Sikkim,Tsomgo Lake,lake,adventure,180,7.66,150,0.97,1,1,1,1
Mysuru,Karnataka,Chamundi Hill,nature,adventure,120,2.44,125,0.868,1,0,1,1
Ahmedabad,Gujarat,Kankaria Lake,nature,explore,300,16.01,75,0.895,1,1,1,1
Kolkata,West Bengal,St. Paul's Cathedral,religious,explore,180,4.9,65,0.395,1,1,1,1
Goa,Goa,Palolem Beach,beach,relax,60,0.75,150,0.765,1,0,1,1
Bengaluru,Karnataka,Bangalore Palace,historic,nature,300,5.18,105,0.211,1,1,1,0
Varanasi,Uttar Pradesh,Assi Ghat,religious,adventure,180,8.51,60,0.217,1,1,1,0
Pune,Maharashtra,Raja Dinkar Kelkar Museum,museum,nature,120,6.18,75,0.451,1,1,1,1
Ahmedabad,Gujarat,Lothal,historic,relax,300,10.38,165,0.331,1,1,1,1
Jaipur,Rajasthan,Nahargarh Fort,fort,adventure,300,19.49,140,0.786,1,1,1,1
Goa,Goa,Baga Beach,beach,nature,480,22.86,140,0.145,1,1,1,0
Delhi,Delhi,India Gate,monument,explore,480,29.17,55,0.87,1,1,1,1
Chennai,Tamil Nadu,Guindy National Park,nature,nature,30,1.17,120,0.919,0,0,1,1
Goa,Goa,Basilica of Bom Jesus,religious,food,180,7.45,65,0.088,0,1,1,0
Goa,Goa,Basilica of Bom Jesus,religious,nature,120,4.84,85,0.258,1,1,1,0
Udaipur,Rajasthan,Jagdish Temple,religious,culture,30,0.47,60,0.735,1,0,1,1
Goa,Goa,Dudhsagar Falls,nature,food,60,4.7,280,0.122,1,0,1,0
Delhi,Delhi,Red Fort,historic,explore,30,2.77,125,0.95,1,0,1,1
Amritsar,Punjab,Partition Museum,museum,food,60,4.65,120,0.082,1,0,1,0
Darjeeling,West Bengal,Darjeeling Himalayan Railway,historic,nature,60,0.43,135,0.396,1,0,1,0
Darjeeling,West Bengal,Darjeeling Himalayan Railway,historic,adventure,30,0.68,135,0.305,1,0,1,0
Srinagar,Jammu and Kashmir,Mughal Gardens,garden,adventure,30,1.61,85,0.505,1,0,1,0
Agra,Uttar Pradesh,Akbar's Tomb,historic,relax,300,11.42,75,0.244,1,1,1,0
Hyderabad,Telangana,Qutb Shahi Tombs,historic,relax,300,8.31,75,0.878,1,1,1,1
Nashik,Maharashtra,Saptashrungi Temple,religious,explore,120,2.05,160,0.409,1,0,1,0
Chennai,Tamil Nadu,Marina Beach,beach,culture,480,19.67,80,0.423,1,1,1,1
Bengaluru,Karnataka,Bannerghatta Biological Park,nature,relax,480,8.67,165,0.244,1,1,1,1
Varanasi,Uttar Pradesh,Kashi Vishwanath Temple,religious,culture,180,1.41,85,0.732,1,1,1,1
Delhi,Delhi,Lotus Temple,religious,relax,180,10.67,70,0.733,1,1,1,1
Nagpur,Maharashtra,Satpuda Botanical Garden,garden,culture,60,3.39,60,0.17,1,1,1,0
Kolkata,West Bengal,St. Paul's Cathedral,religious,nature,180,2.04,60,0.33,1,1,1,1
Hampi,Karnataka,Hampi Bazaar,historic,food,180,5.37,70,0.098,1,1,1,1
Nagpur,Maharashtra,Ambazari Lake,nature,food,300,17.62,90,0.338,1,1,1,1
Darjeeling,West Bengal,Padmaja Naidu Himalayan Zoological Park,nature,relax,300,8.69,130,0.248,1,1,1,1
Darjeeling,West Bengal,Happy Valley Tea Estate,nature,relax,300,12.49,85,0.77,1,1,1,1
Jaipur,Rajasthan,Hawa Mahal,historic,food,30,2.34,70,0.214,1,0,1,0
Jaipur,Rajasthan,Hawa Mahal,historic,food,180,6.77,65,0.081,1,1,1,1
Lucknow,Uttar Pradesh,Bara Imambara,historic,adventure,30,1.18,115,0.337,1,0,1,0
Hyderabad,Telangana,Hussain Sagar Lake,nature,nature,60,1.88,80,0.726,1,0,1,1
Jaipur,Rajasthan,Jal Mahal,viewpoint,food,300,18.4,50,0.332,1,1,1,0
Gangtok,Sikkim,Rumtek Monastery,religious,culture,30,2.08,140,0.879,0,0,1,0
Ahmedabad,Gujarat,Sabarmati Ashram,historic,food,120,6.39,95,0.099,1,1,1,1
Varanasi,Uttar Pradesh,Assi Ghat,religious,adventure,300,12.2,70,0.217,1,1,1,1
Hampi,Karnataka,Vittala Temple,historic,explore,180,10.09,135,0.825,1,1,1,1
Jaipur,Rajasthan,Jantar Mantar,museum,adventure,180,9.63,100,0.39,1,1,1,0
Varanasi,Uttar Pradesh,Assi Ghat,religious,relax,30,0.51,80,0.759,1,0,1,1
Lucknow,Uttar Pradesh,Bara Imambara,historic,culture,300,0.83,100,0.887,1,1,1,1
Pune,Maharashtra,Raja Dinkar Kelkar Museum,museum,culture,300,0.93,105,0.905,1,1,1,1
Nagpur,Maharashtra,Satpuda Botanical Garden,garden,explore,480,10.13,65,0.51,1,1,1,1
Goa,Goa,Baga Beach,beach,relax,120,1.31,120,0.914,1,1,1,1
Delhi,Delhi,Humayun's Tomb,historic,nature,30,2.79,85,0.275,1,0,1,0
Bengaluru,Karnataka,Bangalore Palace,historic,relax,120,5.09,85,0.535,1,1,1,1
Srinagar,Jammu and Kashmir,Dal Lake,lake,adventure,300,18.66,100,0.529,0,1,1,1
Jaipur,Rajasthan,Nahargarh Fort,fort,food,480,10.92,145,0.207,0,1,1,0
Lucknow,Uttar Pradesh,Bara Imambara,historic,explore,30,1.1,100,0.831,1,0,1,1
Agra,Uttar Pradesh,Akbar's Tomb,historic,adventure,300,2.73,100,0.347,1,1,1,1
Bengaluru,Karnataka,Vidhana Soudha,monument,culture,60,3.23,50,0.805,1,1,1,1
Gangtok,Sikkim,Tsomgo Lake,lake,explore,180,11.16,180,0.238,1,1,1,1
Mumbai,Maharashtra,Juhu Beach,beach,food,300,9.58,80,0.066,1,1,1,1
Lucknow,Uttar Pradesh,Chota Imambara,historic,culture,30,2.46,100,0.755,1,0,1,1
Darjeeling,West Bengal,Happy Valley Tea Estate,nature,nature,30,1.87,75,0.906,1,0,1,0
Chennai,Tamil Nadu,Guindy National Park,nature,food,60,3.97,125,0.135,1,0,1,0
Agra,Uttar Pradesh,Agra Fort,fort,nature,120,1.12,100,0.375,1,1,1,0
Srinagar,Jammu and Kashmir,Shankaracharya Temple,religious,nature,180,1.75,115,0.846,1,1,1,1
Lucknow,Uttar Pradesh,Bara Imambara,historic,nature,60,4.16,125,0.522,1,0,1,0
Udaipur,Rajasthan,Jagdish Temple,religious,relax,180,3.16,65,0.8,1,1,1,1
Hampi,Karnataka,Hampi Bazaar,historic,nature,480,28.37,75,0.265,1,1,1,0
Goa,Goa,Baga Beach,beach,adventure,180,8.72,130,0.116,1,1,1,1
Mumbai,Maharashtra,Juhu Beach,beach,adventure,480,31.11,85,0.244,1,1,1,1
Jaipur,Rajasthan,Jantar Mantar,museum,nature,480,8.97,80,0.34,1,1,1,1
Udaipur,Rajasthan,Saheliyon-ki-Bari,garden,food,30,1.57,85,0.38,1,0,1,0
Pune,Maharashtra,Raja Dinkar Kelkar Museum,museum,nature,60,1.45,75,0.49,1,0,1,0
Srinagar,Jammu and Kashmir,Dal Lake,lake,food,300,16.39,105,0.104,1,1,1,0
Pune,Maharashtra,Sarasbaug,park,food,300,8.73,70,0.145,1,1,1,1
Darjeeling,West Bengal,Padmaja Naidu Himalayan Zoological Park,nature,relax,180,3.22,120,0.383,1,1,1,1
Hyderabad,Telangana,Charminar,historic,food,180,8.15,80,0.282,1,1,1,1
Nagpur,Maharashtra,Ramtek Fort Temple,fort,adventure,480,22.11,120,0.927,1,1,1,1
Varanasi,Uttar Pradesh,Sarnath,historic,food,30,1.0,135,0.268,1,0,1,0
Nashik,Maharashtra,Pandavleni Caves,historic,nature,480,11.81,140,0.407,1,1,1,1
Srinagar,Jammu and Kashmir,Shankaracharya Temple,religious,explore,120,5.62,130,0.228,1,0,1,0
Jaipur,Rajasthan,Jal Mahal,viewpoint,adventure,60,4.29,50,0.293,1,1,1,1
Srinagar,Jammu and Kashmir,Mughal Gardens,garden,explore,120,7.67,85,0.437,1,1,1,1
Kolkata,West Bengal,St. Paul's Cathedral,religious,relax,480,27.3,70,0.758,1,1,1,1
Agra,Uttar Pradesh,Taj Mahal,historic,adventure,30,2.03,125,0.132,0,0,1,0
Lucknow,Uttar Pradesh,Residency Lucknow,historic,adventure,30,0.44,75,0.476,1,0,1,0
Bengaluru,Karnataka,Lalbagh Botanical Garden,garden,explore,120,4.23,80,0.365,1,1,1,1
Pune,Maharashtra,Raja Dinkar Kelkar Museum,museum,relax,30,2.07,95,0.542,1,0,1,0
Nashik,Maharashtra,Pandavleni Caves,historic,relax,30,1.83,115,0.458,1,0,1,0
Nashik,Maharashtra,Saptashrungi Temple,religious,culture,180,11.11,135,0.897,0,1,1,1
Ahmedabad,Gujarat,Adalaj Stepwell,historic,adventure,60,4.98,75,0.546,1,0,1,0
Hyderabad,Telangana,Charminar,historic,nature,300,9.96,65,0.493,1,1,1,1
Hyderabad,Telangana,Qutb Shahi Tombs,historic,explore,480,2.41,85,0.1,1,1,1,0
Kolkata,West Bengal,Victoria Memorial,historic,nature,60,1.14,110,0.281,1,0,1,0
Agra,Uttar Pradesh,Akbar's Tomb,historic,culture,60,4.55,90,0.794,1,0,1,1
Mumbai,Maharashtra,Gateway of India,historic,adventure,60,2.53,85,0.388,1,0,1,0
Jaipur,Rajasthan,Nahargarh Fort,fort,relax,60,3.74,120,0.41,1,0,1,0
Nagpur,Maharashtra,Satpuda Botanical Garden,garden,adventure,30,2.11,60,0.238,1,0,1,0
Pune,Maharashtra,Shaniwar Wada,historic,relax,120,3.68,80,0.517,1,1,1,1
Darjeeling,West Bengal,Padmaja Naidu Himalayan Zoological Park,nature,relax,120,2.32,145,0.45,1,0,1,0
Hampi,Karnataka,Hampi Bazaar,historic,adventure,480,18.37,75,0.386,1,1,1,1
Delhi,Delhi,Qutub Minar,historic,relax,60,3.21,140,0.355,1,0,1,0
Hyderabad,Telangana,Golconda Fort,fort,relax,480,24.21,120,0.251,1,1,1,1
Ahmedabad,Gujarat,Kankaria Lake,nature,explore,30,2.1,75,0.742,1,0,1,0
Agra,Uttar Pradesh,Mehtab Bagh,garden,relax,120,1.57,65,0.961,0,1,1,1
Delhi,Delhi,India Gate,monument,food,180,10.58,50,0.09,1,1,1,1
Nagpur,Maharashtra,Khindsi Lake,nature,relax,480,25.41,90,0.79,1,1,1,1
Pune,Maharashtra,Aga Khan Palace,historic,relax,480,2.81,75,0.456,1,1,1,1
Kolkata,West Bengal,Maidan,park,explore,60,1.97,60,0.137,0,1,1,0
Varanasi,Uttar Pradesh,Sarnath,historic,relax,480,24.67,135,0.864,1,1,1,1
Delhi,Delhi,India Gate,monument,adventure,30,2.11,70,0.206,1,0,1,0
Mumbai,Maharashtra,Chhatrapati Shivaji Maharaj Terminus,historic,explore,300,5.71,65,0.975,1,1,1,1
Kolkata,West Bengal,Howrah Bridge,monument,explore,180,6.2,55,0.969,1,1,1,1
Chennai,Tamil Nadu,Marina Beach,beach,nature,480,22.37,100,0.789,1,1,1,1
Amritsar,Punjab,Sri Harmandir Sahib (Golden Temple),religious,food,30,1.5,115,0.315,1,0,1,0
Jaipur,Rajasthan,Nahargarh Fort,fort,explore,30,0.41,120,0.771,1,0,1,1
Agra,Uttar Pradesh,Akbar's Tomb,historic,culture,180,1.91,75,0.761,1,1,1,1
Hampi,Karnataka,Vittala Temple,historic,adventure,30,2.73,120,0.458,0,0,1,0
Srinagar,Jammu and Kashmir,Mughal Gardens,garden,adventure,60,2.45,105,0.42,1,0,1,0
Nashik,Maharashtra,Trimbakeshwar Temple,religious,relax,300,1.55,125,0.932,0,1,1,1
Gangtok,Sikkim,Tsomgo Lake,lake,food,180,6.89,175,0.393,1,1,1,1
Darjeeling,West Bengal,Darjeeling Himalayan Railway,historic,nature,480,11.85,135,0.476,1,1,1,1
Jaipur,Rajasthan,Jantar Mantar,museum,relax,120,5.71,105,0.291,1,1,1,1
Varanasi,Uttar Pradesh,Sarnath,historic,relax,300,7.05,175,0.728,1,1,1,1
Udaipur,Rajasthan,Saheliyon-ki-Bari,garden,culture,120,6.51,60,0.322,1,1,1,1
Hampi,Karnataka,Hampi Bazaar,historic,explore,120,3.82,70,0.721,0,1,1,1
Agra,Uttar Pradesh,Itmad-ud-Daulah's Tomb,historic,nature,300,16.21,85,0.272,1,1,1,0
Goa,Goa,Baga Beach,beach,food,180,6.97,115,0.375,1,1,1,1
Delhi,Delhi,Qutub Minar,historic,explore,60,0.42,115,0.722,0,0,1,0
Agra,Uttar Pradesh,Taj Mahal,historic,explore,60,2.76,135,0.9,1,0,1,1
Pune,Maharashtra,Shaniwar Wada,historic,food,60,0.76,85,0.206,1,0,1,0
Pune,Maharashtra,Shaniwar Wada,historic,culture,300,10.88,90,0.969,0,1,1,1
Gangtok,Sikkim,Tashi View Point,viewpoint,culture,180,7.23,70,0.231,1,1,1,1
Nashik,Maharashtra,Anjaneri Hills,nature,nature,180,4.24,175,0.77,1,1,1,1
Agra,Uttar Pradesh,Agra Fort,fort,adventure,30,1.89,125,0.107,1,0,1,0
Hyderabad,Telangana,Hussain Sagar Lake,nature,explore,120,7.02,70,0.971,1,1,1,1
Varanasi,Uttar Pradesh,Kashi Vishwanath Temple,religious,culture,30,2.66,95,0.814,0,0,1,1
Chennai,Tamil Nadu,Fort St George,historic,explore,180,8.44,70,0.735,1,1,1,1
Jaipur,Rajasthan,Amber Fort,fort,food,180,1.27,160,0.158,0,1,1,0
Pune,Maharashtra,Sarasbaug,park,adventure,180,1.44,50,0.191,1,1,1,1
Udaipur,Rajasthan,Lake Pichola,lake,relax,480,33.48,105,0.888,1,1,1,1
Bengaluru,Karnataka,Lalbagh Botanical Garden,garden,relax,60,1.38,95,0.935,0,0,1,1
Nashik,Maharashtra,Panchvati,historic,relax,120,2.3,75,0.269,1,1,1,1
Kolkata,West Bengal,Maidan,park,relax,480,4.97,60,0.907,1,1,1,1
Hampi,Karnataka,Vittala Temple,historic,culture,30,1.42,110,0.826,0,0,1,0
Chennai,Tamil Nadu,Government Museum Chennai,museum,explore,180,3.43,100,0.922,1,1,1,1
Ahmedabad,Gujarat,Kankaria Lake,nature,nature,180,4.26,90,0.951,1,1,1,1
Nashik,Maharashtra,Pandavleni Caves,historic,food,120,1.14,105,0.343,1,1,1,1
Jaipur,Rajasthan,Hawa Mahal,historic,culture,60,4.26,50,0.88,1,1,1,1
Lucknow,Uttar Pradesh,Residency Lucknow,historic,adventure,60,1.61,95,0.285,1,0,1,0
Nashik,Maharashtra,Saptashrungi Temple,religious,nature,180,6.49,160,0.514,0,1,1,0
Nashik,Maharashtra,Saptashrungi Temple,religious,explore,480,27.06,180,0.322,0,1,1,0
Jaipur,Rajasthan,Amber Fort,fort,food,480,10.31,155,0.33,1,1,1,1
Nashik,Maharashtra,Nandur Madhameshwar Bird Sanctuary,nature,adventure,120,2.43,205,0.371,1,0,1,0
Nashik,Maharashtra,Trimbakeshwar Temple,religious,nature,300,4.12,140,0.214,1,1,1,1
Darjeeling,West Bengal,Happy Valley Tea Estate,nature,nature,120,1.48,90,0.862,1,1,1,1
Pune,Maharashtra,Aga Khan Palace,historic,relax,120,0.46,85,0.459,1,1,1,1
Chennai,Tamil Nadu,Fort St George,historic,relax,30,2.55,85,0.162,1,0,1,0
Mysuru,Karnataka,Mysuru Zoo,nature,culture,30,1.98,160,0.451,1,0,1,0
Srinagar,Jammu and Kashmir,Mughal Gardens,garden,food,480,16.79,85,0.178,1,1,1,1
Goa,Goa,Baga Beach,beach,food,480,24.99,145,0.101,1,1,1,0
Hampi,Karnataka,Matanga Hill,nature,relax,300,13.77,135,0.257,1,1,1,0
Ahmedabad,Gujarat,Sabarmati Ashram,historic,relax,60,3.39,80,0.727,0,0,1,1
Srinagar,Jammu and Kashmir,Pari Mahal,historic,culture,30,0.53,70,0.98,1,0,1,1
Delhi,Delhi,Lotus Temple,religious,adventure,30,2.55,70,0.165,1,0,1,0
Ahmedabad,Gujarat,Lothal,historic,explore,120,3.06,130,0.829,1,0,1,1
Hampi,Karnataka,Matanga Hill,nature,culture,120,0.45,125,0.37,1,0,1,0
Kolkata,West Bengal,Maidan,park,relax,120,6.1,85,0.852,1,1,1,1
Mysuru,Karnataka,Mysuru Zoo,nature,food,60,4.36,145,0.351,1,0,1,0
Srinagar,Jammu and Kashmir,Pari Mahal,historic,food,300,7.02,70,0.364,1,1,1,1
Lucknow,Uttar Pradesh,Janeshwar Mishra Park,park,food,480,27.48,95,0.347,1,1,1,1
Hyderabad,Telangana,Golconda Fort,fort,nature,480,28.47,145,0.543,1,1,1,1
Nagpur,Maharashtra,Deekshabhoomi,monument,explore,300,8.83,70,0.21,1,1,1,1
Agra,Uttar Pradesh,Itmad-ud-Daulah's Tomb,historic,adventure,300,12.29,70,0.345,0,1,1,0
Ahmedabad,Gujarat,Lothal,historic,nature,180,8.1,140,0.349,0,1,1,0
Chennai,Tamil Nadu,Government Museum Chennai,museum,adventure,120,0.95,145,0.502,1,0,1,0
Nashik,Maharashtra,Nandur Madhameshwar Bird Sanctuary,nature,relax,120,5.33,215,0.735,1,0,1,1
Kolkata,West Bengal,Indian Museum,museum,relax,30,2.49,140,0.302,1,0,1,0
Nagpur,Maharashtra,Satpuda Botanical Garden,garden,nature,300,7.36,65,0.862,1,1,1,1
Mumbai,Maharashtra,Marine Drive,viewpoint,relax,30,2.41,60,0.943,1,0,1,1
Amritsar,Punjab,Jallianwala Bagh,historic,food,120,7.97,80,0.23,1,1,1,1
Srinagar,Jammu and Kashmir,Shankaracharya Temple,religious,explore,300,12.08,135,0.527,1,1,1,1
Hampi,Karnataka,Matanga Hill,nature,food,120,4.86,115,0.166,1,1,1,0
Mysuru,Karnataka,Mysore Palace,historic,adventure,300,4.23,105,0.393,0,1,1,1
Ahmedabad,Gujarat,Sabarmati Ashram,historic,explore,180,6.6,90,0.317,1,1,1,1
Jaipur,Rajasthan,Amber Fort,fort,culture,60,1.13,170,0.742,1,0,1,1
Pune,Maharashtra,Aga Khan Palace,historic,food,60,1.62,95,0.122,1,0,1,0
Goa,Goa,Basilica of Bom Jesus,religious,adventure,120,0.66,80,0.198,1,1,1,1
Lucknow,Uttar Pradesh,Bara Imambara,historic,food,30,2.98,110,0.399,1,0,1,0
Kolkata,West Bengal,Maidan,park,food,300,13.42,75,0.223,1,1,1,0
Hampi,Karnataka,Hampi Bazaar,historic,food,120,4.67,85,0.071,1,1,1,1
Chennai,Tamil Nadu,Kapaleeshwarar Temple,religious,explore,180,10.84,85,0.517,1,1,1,1
Nagpur,Maharashtra,Ambazari Lake,nature,relax,120,6.2,90,0.756,1,1,1,1
Hyderabad,Telangana,Golconda Fort,fort,food,60,3.83,175,0.183,1,0,1,0
Jaipur,Rajasthan,City Palace,historic,adventure,30,1.15,100,0.258,1,0,1,0
Jaipur,Rajasthan,Amber Fort,fort,culture,480,21.97,140,0.755,1,1,1,1
Mumbai,Maharashtra,Juhu Beach,beach,food,60,2.14,85,0.096,1,0,1,0
Pune,Maharashtra,Shaniwar Wada,historic,adventure,120,7.76,70,0.185,1,1,1,0
Varanasi,Uttar Pradesh,Assi Ghat,religious,food,60,4.74,70,0.197,1,0,1,0
Delhi,Delhi,Lotus Temple,religious,nature,480,12.01,60,0.385,1,1,1,1
Lucknow,Uttar Pradesh,Residency Lucknow,historic,relax,300,10.49,100,0.329,0,1,1,0
Nagpur,Maharashtra,Ramtek Fort Temple,fort,food,300,1.78,95,0.059,1,1,1,1
Goa,Goa,Dudhsagar Falls,nature,adventure,180,9.73,245,0.775,0,0,1,0
Kolkata,West Bengal,St. Paul's Cathedral,religious,food,60,1.74,60,0.366,1,1,1,1
Nagpur,Maharashtra,Seminary Hill,nature,nature,60,2.94,60,0.864,1,1,1,1
Kolkata,West Bengal,Victoria Memorial,historic,explore,30,0.87,125,0.959,1,0,1,1
Pune,Maharashtra,Sarasbaug,park,culture,120,4.75,55,0.505,1,1,1,1
Mysuru,Karnataka,Mysuru Zoo,nature,culture,60,4.85,185,0.507,1,0,1,0
Pune,Maharashtra,Aga Khan Palace,historic,relax,60,2.29,80,0.467,1,0,1,0
Gangtok,Sikkim,Tsomgo Lake,lake,nature,480,17.08,180,0.771,0,1,1,1
Goa,Goa,Fort Aguada,fort,adventure,180,10.26,120,0.754,0,1,1,1
Agra,Uttar Pradesh,Mehtab Bagh,garden,adventure,30,2.71,75,0.465,0,0,1,0
Chennai,Tamil Nadu,Government Museum Chennai,museum,food,480,17.66,135,0.335,1,1,1,1
Hyderabad,Telangana,Qutb Shahi Tombs,historic,adventure,480,23.39,75,0.457,1,1,1,1
Varanasi,Uttar Pradesh,Sarnath,historic,nature,120,1.51,170,0.184,1,0,1,0
Goa,Goa,Fort Aguada,fort,explore,120,2.99,135,0.753,1,0,1,0
Nagpur,Maharashtra,Deekshabhoomi,monument,nature,60,1.86,50,0.171,1,1,1,1
Hampi,Karnataka,Matanga Hill,nature,adventure,180,2.12,115,0.96,1,1,1,1
Udaipur,Rajasthan,Lake Pichola,lake,food,180,7.34,75,0.203,1,1,1,0
Kolkata,West Bengal,Maidan,park,nature,120,0.59,85,0.787,1,1,1,1
Nashik,Maharashtra,Trimbakeshwar Temple,religious,explore,480,2.43,115,0.414,1,1,1,1
Udaipur,Rajasthan,Jagdish Temple,religious,relax,480,19.52,70,0.946,1,1,1,1
Pune,Maharashtra,Pune Okayama Friendship Garden,garden,explore,300,11.26,60,0.242,1,1,1,1
Jaipur,Rajasthan,Nahargarh Fort,fort,culture,30,0.68,140,0.37,1,0,1,0
Chennai,Tamil Nadu,Government Museum Chennai,museum,nature,300,1.01,135,0.514,1,1,1,1
Ahmedabad,Gujarat,Kankaria Lake,nature,culture,30,2.28,90,0.419,1,0,1,0
Nashik,Maharashtra,Trimbakeshwar Temple,religious,relax,60,1.58,145,0.924,1,0,1,1
Hampi,Karnataka,Matanga Hill,nature,relax,60,4.34,115,0.299,1,0,1,0
Pune,Maharashtra,Pune Okayama Friendship Garden,garden,nature,480,7.45,75,0.937,1,1,1,1
Srinagar,Jammu and Kashmir,Dal Lake,lake,adventure,180,5.36,110,0.471,1,1,1,1
Kolkata,West Bengal,St. Paul's Cathedral,religious,relax,180,11.93,55,0.746,1,1,1,1
Agra,Uttar Pradesh,Itmad-ud-Daulah's Tomb,historic,culture,180,0.65,75,0.862,1,1,1,1
Nagpur,Maharashtra,Seminary Hill,nature,explore,300,3.77,60,0.444,1,1,1,1
Hyderabad,Telangana,Qutb Shahi Tombs,historic,culture,480,23.08,100,0.9,1,1,1,1
Nashik,Maharashtra,Anjaneri Hills,nature,food,120,2.56,170,0.163,1,0,1,0
Agra,Uttar Pradesh,Agra Fort,fort,food,30,0.76,110,0.132,1,0,1,0
Hyderabad,Telangana,Salar Jung Museum,museum,relax,60,0.56,125,0.191,1,0,1,0
Agra,Uttar Pradesh,Itmad-ud-Daulah's Tomb,historic,relax,120,6.45,75,0.202,1,1,1,1
Lucknow,Uttar Pradesh,Janeshwar Mishra Park,park,nature,480,14.52,95,0.905,1,1,1,1
Ahmedabad,Gujarat,Sabarmati Ashram,historic,relax,300,15.55,80,0.906,1,1,1,1
Hyderabad,Telangana,Hussain Sagar Lake,nature,culture,30,0.8,75,0.184,1,0,1,0
Ahmedabad,Gujarat,Kankaria Lake,nature,nature,120,4.34,100,0.795,1,1,1,1
Nagpur,Maharashtra,Satpuda Botanical Garden,garden,relax,120,3.62,50,0.804,1,1,1,1
Hampi,Karnataka,Virupaksha Temple,religious,food,60,1.42,110,0.362,1,0,1,0
Pune,Maharashtra,Aga Khan Palace,historic,food,30,2.64,85,0.176,0,0,1,0
Goa,Goa,Baga Beach,beach,explore,120,6.81,100,0.941,1,1,1,1
Nagpur,Maharashtra,Deekshabhoomi,monument,explore,120,3.3,50,0.37,0,1,1,0
Nashik,Maharashtra,Panchvati,historic,relax,60,0.46,75,0.328,1,0,1,0
Bengaluru,Karnataka,Lalbagh Botanical Garden,garden,food,480,10.07,90,0.134,1,1,1,0
Srinagar,Jammu and Kashmir,Mughal Gardens,garden,nature,180,8.47,95,0.838,1,1,1,1
Goa,Goa,Baga Beach,beach,nature,180,3.1,110,0.143,0,1,1,0
Gangtok,Sikkim,Rumtek Monastery,religious,relax,300,10.76,140,0.957,0,1,1,1
Hampi,Karnataka,Vittala Temple,historic,explore,300,16.72,125,0.756,1,1,1,1
Delhi,Delhi,Humayun's Tomb,historic,adventure,180,7.7,95,0.374,1,1,1,1
Mumbai,Maharashtra,Hanging Gardens,garden,relax,30,1.42,50,0.916,1,0,1,1
Bengaluru,Karnataka,Vidhana Soudha,monument,explore,30,1.48,50,0.936,1,0,1,1
Delhi,Delhi,Lotus Temple,religious,adventure,120,2.04,85,0.199,1,1,1,1
Amritsar,Punjab,Partition Museum,museum,nature,120,5.73,145,0.27,0,0,1,0
Bengaluru,Karnataka,Vidhana Soudha,monument,adventure,120,3.44,50,0.432,1,1,1,1
Hampi,Karnataka,Virupaksha Temple,religious,explore,300,7.46,105,0.918,1,1,1,1
Hampi,Karnataka,Vittala Temple,historic,explore,120,7.35,115,0.728,0,1,1,1
Nashik,Maharashtra,Saptashrungi Temple,religious,relax,180,10.76,120,0.234,1,1,1,1
Bengaluru,Karnataka,Cubbon Park,park,culture,180,8.38,65,0.445,1,1,1,1
Ahmedabad,Gujarat,Adalaj Stepwell,historic,adventure,180,9.3,80,0.169,0,1,1,0
Kolkata,West Bengal,Indian Museum,museum,explore,120,4.19,105,0.814,1,1,1,1
Pune,Maharashtra,Shaniwar Wada,historic,nature,60,3.48,60,0.525,1,1,1,1
Mysuru,Karnataka,Chamundi Hill,nature,culture,300,13.59,130,0.799,1,1,1,1
Lucknow,Uttar Pradesh,Janeshwar Mishra Park,park,explore,30,2.42,95,0.153,0,0,1,0
Bengaluru,Karnataka,Vidhana Soudha,monument,nature,60,4.96,40,0.157,1,1,1,1
Nashik,Maharashtra,Anjaneri Hills,nature,relax,30,1.99,190,0.22,1,0,1,0
Jaipur,Rajasthan,Jantar Mantar,museum,nature,180,2.11,95,0.278,1,1,1,1
Gangtok,Sikkim,Rumtek Monastery,religious,food,180,10.89,130,0.156,1,1,1,0
Delhi,Delhi,Lodhi Garden,garden,explore,120,2.13,85,0.38,1,1,1,1
Nashik,Maharashtra,Pandavleni Caves,historic,explore,480,15.52,130,0.979,1,1,1,1
Kolkata,West Bengal,Howrah Bridge,monument,relax,30,1.05,40,0.423,1,0,1,0
Gangtok,Sikkim,Tashi View Point,viewpoint,nature,30,2.65,55,0.724,1,0,1,1
Mysuru,Karnataka,Brindavan Gardens,garden,culture,300,11.04,100,0.127,1,1,1,0
Pune,Maharashtra,Shaniwar Wada,historic,nature,30,2.36,70,0.472,1,0,1,0
Pune,Maharashtra,Pune Okayama Friendship Garden,garden,adventure,120,3.55,65,0.471,1,1,1,1
Goa,Goa,Baga Beach,beach,explore,60,3.69,140,0.764,1,0,1,1
Lucknow,Uttar Pradesh,Janeshwar Mishra Park,park,culture,120,2.6,80,0.484,1,1,1,1
Srinagar,Jammu and Kashmir,Pari Mahal,historic,adventure,120,3.71,65,0.544,1,1,1,1
Bengaluru,Karnataka,Vidhana Soudha,monument,culture,180,5.94,45,0.755,1,1,1,1
Amritsar,Punjab,Jallianwala Bagh,historic,adventure,120,4.04,65,0.439,1,1,1,1
Varanasi,Uttar Pradesh,Dashashwamedh Ghat,religious,relax,30,0.57,85,0.953,1,0,1,1
Darjeeling,West Bengal,Padmaja Naidu Himalayan Zoological Park,nature,nature,60,0.71,140,0.775,1,0,1,1
Mumbai,Maharashtra,Elephanta Caves,historic,adventure,480,23.75,175,0.773,1,1,1,1
Darjeeling,West Bengal,Darjeeling Himalayan Railway,historic,food,60,1.51,130,0.316,1,0,1,0
Bengaluru,Karnataka,Vidhana Soudha,monument,relax,180,1.89,35,0.116,1,1,1,0
Varanasi,Uttar Pradesh,Assi Ghat,religious,explore,120,6.76,65,0.827,1,1,1,1
Goa,Goa,Basilica of Bom Jesus,religious,food,30,1.51,85,0.19,1,0,1,0
Ahmedabad,Gujarat,Kankaria Lake,nature,adventure,60,4.56,95,0.102,1,0,1,0
Nashik,Maharashtra,Nandur Madhameshwar Bird Sanctuary,nature,culture,120,3.99,190,0.195,1,0,1,0
Darjeeling,West Bengal,Padmaja Naidu Himalayan Zoological Park,nature,culture,480,3.28,165,0.496,1,1,1,1
Hyderabad,Telangana,Charminar,historic,nature,120,4.97,60,0.485,0,1,1,1
Pune,Maharashtra,Sinhagad Fort,fort,nature,120,5.33,200,0.831,1,0,1,1
Delhi,Delhi,Lotus Temple,religious,adventure,480,16.44,75,0.285,1,1,1,1
Nashik,Maharashtra,Panchvati,historic,relax,180,4.11,70,0.344,1,1,1,1
Mumbai,Maharashtra,Marine Drive,viewpoint,nature,60,1.27,50,0.844,1,1,1,1
Lucknow,Uttar Pradesh,Janeshwar Mishra Park,park,adventure,120,5.18,90,0.169,1,1,1,0
Udaipur,Rajasthan,Saheliyon-ki-Bari,garden,adventure,180,1.07,80,0.227,0,1,1,1
Hyderabad,Telangana,Salar Jung Museum,museum,explore,120,5.29,120,0.969,1,1,1,1
Chennai,Tamil Nadu,Kapaleeshwarar Temple,religious,explore,120,4.72,80,0.298,0,1,1,0
Ahmedabad,Gujarat,Adalaj Stepwell,historic,explore,120,2.5,75,0.804,0,1,1,1
Lucknow,Uttar Pradesh,Residency Lucknow,historic,culture,120,5.37,75,0.751,1,1,1,1
Goa,Goa,Dudhsagar Falls,nature,nature,30,0.99,275,0.756,1,0,1,1
Kolkata,West Bengal,Indian Museum,museum,food,180,7.55,135,0.159,0,1,1,0
Lucknow,Uttar Pradesh,Bara Imambara,historic,relax,300,13.44,115,0.325,1,1,1,1
Hampi,Karnataka,Vittala Temple,historic,culture,480,13.59,105,0.895,1,1,1,1
Nagpur,Maharashtra,Khindsi Lake,nature,food,300,3.24,90,0.119,0,1,1,0
Hampi,Karnataka,Matanga Hill,nature,culture,30,2.21,135,0.477,1,0,1,0
Delhi,Delhi,Red Fort,historic,explore,180,11.84,125,0.902,1,1,1,1
Ahmedabad,Gujarat,Sidi Saiyyed Mosque,religious,culture,30,2.83,65,0.857,1,0,1,1
Darjeeling,West Bengal,Tiger Hill,viewpoint,culture,300,19.21,140,0.517,1,1,1,1
Jaipur,Rajasthan,Nahargarh Fort,fort,adventure,480,34.69,110,0.893,1,1,1,1
Mumbai,Maharashtra,Chhatrapati Shivaji Maharaj Terminus,historic,adventure,30,0.49,60,0.313,1,0,1,0
Mumbai,Maharashtra,Gateway of India,historic,nature,60,3.8,75,0.156,1,0,1,0
Goa,Goa,Palolem Beach,beach,relax,180,3.13,140,0.949,1,1,1,1
Agra,Uttar Pradesh,Mehtab Bagh,garden,nature,180,11.71,65,0.908,1,1,1,1
Gangtok,Sikkim,Tashi View Point,viewpoint,adventure,30,0.89,60,0.181,1,0,1,0
Kolkata,West Bengal,Indian Museum,museum,nature,300,16.39,100,0.403,1,1,1,1
Mumbai,Maharashtra,Marine Drive,viewpoint,adventure,60,2.67,55,0.165,0,1,1,0
Kolkata,West Bengal,Indian Museum,museum,culture,300,1.09,140,0.948,1,1,1,1
Varanasi,Uttar Pradesh,Kashi Vishwanath Temple,religious,adventure,60,3.49,85,0.2,1,0,1,0
Nagpur,Maharashtra,Ambazari Lake,nature,food,60,2.75,60,0.155,1,1,1,0
Agra,Uttar Pradesh,Mehtab Bagh,garden,adventure,180,6.82,90,0.541,1,1,1,1
Nagpur,Maharashtra,Khindsi Lake,nature,adventure,60,2.87,100,0.162,1,0,1,0
Goa,Goa,Fort Aguada,fort,culture,300,3.36,120,0.785,1,1,1,1
Darjeeling,West Bengal,Happy Valley Tea Estate,nature,relax,30,0.41,95,0.744,1,0,1,1
Lucknow,Uttar Pradesh,Residency Lucknow,historic,explore,300,4.9,100,0.811,1,1,1,1
Varanasi,Uttar Pradesh,Assi Ghat,religious,food,120,3.74,80,0.366,1,1,1,1
Amritsar,Punjab,Partition Museum,museum,adventure,480,17.6,105,0.323,1,1,1,1
Jaipur,Rajasthan,Nahargarh Fort,fort,food,180,7.07,135,0.102,1,1,1,0
Kolkata,West Bengal,Maidan,park,adventure,60,0.67,80,0.148,1,0,1,0
Delhi,Delhi,Lodhi Garden,garden,adventure,30,2.73,75,0.374,1,0,1,0
Goa,Goa,Baga Beach,beach,relax,480,19.08,120,0.907,1,1,1,1
Delhi,Delhi,India Gate,monument,culture,60,4.44,70,0.749,1,0,1,1
Darjeeling,West Bengal,Darjeeling Himalayan Railway,historic,culture,120,4.66,155,0.825,0,0,1,0
Mumbai,Maharashtra,Gateway of India,historic,food,60,3.23,75,0.304,0,0,1,0
Chennai,Tamil Nadu,Marina Beach,beach,food,480,25.85,95,0.177,0,1,1,0
Ahmedabad,Gujarat,Adalaj Stepwell,historic,explore,300,4.22,80,0.92,1,1,1,1
Amritsar,Punjab,Sri Harmandir Sahib (Golden Temple),religious,culture,30,2.81,105,0.771,1,0,1,1
Kolkata,West Bengal,Victoria Memorial,historic,relax,180,1.63,135,0.445,1,1,1,1
Ahmedabad,Gujarat,Sabarmati Ashram,historic,nature,120,1.9,100,0.534,1,1,1,1
Mumbai,Maharashtra,Marine Drive,viewpoint,food,60,3.49,55,0.281,1,1,1,1
Agra,Uttar Pradesh,Itmad-ud-Daulah's Tomb,historic,culture,120,7.48,75,0.907,1,1,1,1
Delhi,Delhi,Lotus Temple,religious,food,60,1.07,75,0.305,1,0,1,0
Amritsar,Punjab,Jallianwala Bagh,historic,food,300,9.76,85,0.195,1,1,1,1
Darjeeling,West Bengal,Tiger Hill,viewpoint,food,60,2.86,100,0.265,1,0,1,0
Nashik,Maharashtra,Nandur Madhameshwar Bird Sanctuary,nature,food,300,3.97,195,0.207,0,1,1,0
Goa,Goa,Palolem Beach,beach,nature,180,3.82,175,0.753,1,1,1,1
Nashik,Maharashtra,Saptashrungi Temple,religious,food,30,0.72,145,0.245,1,0,1,0
Darjeeling,West Bengal,Padmaja Naidu Himalayan Zoological Park,nature,food,480,20.94,140,0.134,1,1,1,1
Pune,Maharashtra,Raja Dinkar Kelkar Museum,museum,culture,60,4.38,75,0.823,1,0,1,1
Ahmedabad,Gujarat,Sidi Saiyyed Mosque,religious,explore,120,2.85,60,0.819,1,1,1,1
Darjeeling,West Bengal,Happy Valley Tea Estate,nature,explore,480,31.12,80,0.768,1,1,1,1
Nagpur,Maharashtra,Ambazari Lake,nature,food,30,1.05,75,0.085,1,0,1,0
Varanasi,Uttar Pradesh,Dashashwamedh Ghat,religious,adventure,60,1.94,80,0.47,1,0,1,0
Udaipur,Rajasthan,Saheliyon-ki-Bari,garden,explore,60,3.83,65,0.162,1,0,1,0
Delhi,Delhi,India Gate,monument,explore,180,7.52,55,0.874,1,1,1,1
Hampi,Karnataka,Virupaksha Temple,religious,adventure,180,10.44,100,0.435,0,1,1,0
Ahmedabad,Gujarat,Adalaj Stepwell,historic,adventure,480,13.9,70,0.152,1,1,1,0
Delhi,Delhi,Red Fort,historic,adventure,480,1.61,110,0.397,1,1,1,0
Hyderabad,Telangana,Salar Jung Museum,museum,relax,480,33.21,130,0.234,1,1,1,1
Mumbai,Maharashtra,Gateway of India,historic,culture,120,0.73,80,0.782,1,1,1,1
Kolkata,West Bengal,Victoria Memorial,historic,culture,30,2.92,140,0.864,1,0,1,1
Ahmedabad,Gujarat,Lothal,historic,explore,480,16.63,130,0.766,1,1,1,1
Ahmedabad,Gujarat,Sidi Saiyyed Mosque,religious,adventure,180,5.61,55,0.476,1,1,1,1
Varanasi,Uttar Pradesh,Kashi Vishwanath Temple,religious,food,300,14.19,85,0.26,1,1,1,0
Hampi,Karnataka,Matanga Hill,nature,explore,300,11.0,135,0.887,1,1,1,1
Lucknow,Uttar Pradesh,Janeshwar Mishra Park,park,explore,180,11.18,80,0.331,1,1,1,1
Nashik,Maharashtra,Nandur Madhameshwar Bird Sanctuary,nature,relax,30,0.63,215,0.773,1,0,1,1
Kolkata,West Bengal,St. Paul's Cathedral,religious,food,480,5.53,70,0.074,1,1,1,0
Jaipur,Rajasthan,Amber Fort,fort,explore,30,0.46,135,0.731,1,0,1,1
Srinagar,Jammu and Kashmir,Dal Lake,lake,food,60,1.87,135,0.382,1,0,1,0
Srinagar,Jammu and Kashmir,Shankaracharya Temple,religious,adventure,30,2.96,140,0.783,1,0,1,1
Nashik,Maharashtra,Panchvati,historic,adventure,30,2.34,75,0.517,1,0,1,0
Mumbai,Maharashtra,Juhu Beach,beach,food,120,2.98,105,0.135,0,1,1,0
Delhi,Delhi,Qutub Minar,historic,explore,30,1.88,105,0.904,1,0,1,1
Pune,Maharashtra,Sarasbaug,park,adventure,120,1.87,55,0.273,1,1,1,0
Nagpur,Maharashtra,Ambazari Lake,nature,food,120,6.38,60,0.348,1,1,1,0
Jaipur,Rajasthan,Nahargarh Fort,fort,food,120,6.27,100,0.38,0,1,1,0
Hyderabad,Telangana,Salar Jung Museum,museum,nature,30,1.81,120,0.211,1,0,1,0
Mysuru,Karnataka,Mysore Palace,historic,food,120,3.92,100,0.337,1,1,1,1
Amritsar,Punjab,Partition Museum,museum,food,30,2.1,95,0.183,1,0,1,0
Nashik,Maharashtra,Saptashrungi Temple,religious,food,120,2.05,135,0.19,1,0,1,0
Agra,Uttar Pradesh,Agra Fort,fort,relax,120,5.16,135,0.433,1,0,1,0
Kolkata,West Bengal,Indian Museum,museum,culture,120,5.59,100,0.733,0,1,1,1
Pune,Maharashtra,Sinhagad Fort,fort,relax,30,2.65,210,0.257,0,0,1,0
Jaipur,Rajasthan,Hawa Mahal,historic,explore,300,10.87,70,0.915,1,1,1,1
Goa,Goa,Baga Beach,beach,culture,30,1.59,100,0.148,1,0,1,0
Agra,Uttar Pradesh,Itmad-ud-Daulah's Tomb,historic,culture,480,11.65,70,0.833,1,1,1,1
Chennai,Tamil Nadu,Marina Beach,beach,adventure,60,3.61,100,0.173,1,0,1,0
Varanasi,Uttar Pradesh,Dashashwamedh Ghat,religious,relax,120,5.6,100,0.94,1,1,1,1
Agra,Uttar Pradesh,Taj Mahal,historic,relax,120,3.81,130,0.752,1,0,1,1
Mumbai,Maharashtra,Juhu Beach,beach,food,180,10.62,80,0.121,1,1,1,0
Darjeeling,West Bengal,Tiger Hill,viewpoint,relax,60,3.41,105,0.195,1,0,1,0
Jaipur,Rajasthan,Nahargarh Fort,fort,culture,180,5.84,130,0.442,1,1,1,1
Bengaluru,Karnataka,Vidhana Soudha,monument,nature,480,24.41,50,0.45,1,1,1,1
Delhi,Delhi,Red Fort,historic,nature,60,1.66,135,0.172,1,0,1,0
Darjeeling,West Bengal,Happy Valley Tea Estate,nature,adventure,120,0.44,75,0.54,1,1,1,1
Mysuru,Karnataka,Mysore Palace,historic,relax,30,2.24,110,0.31,1,0,1,0
Ahmedabad,Gujarat,Sidi Saiyyed Mosque,religious,food,30,2.59,65,0.151,0,0,1,0
Pune,Maharashtra,Pune Okayama Friendship Garden,garden,nature,300,19.81,75,0.886,1,1,1,1
Jaipur,Rajasthan,Hawa Mahal,historic,culture,300,1.74,70,0.928,1,1,1,1
Goa,Goa,Dudhsagar Falls,nature,adventure,300,2.2,210,0.726,1,1,1,1
Delhi,Delhi,Red Fort,historic,food,120,3.84,135,0.305,1,0,1,0
Nagpur,Maharashtra,Deekshabhoomi,monument,nature,180,3.19,60,0.195,1,1,1,1
Nashik,Maharashtra,Nandur Madhameshwar Bird Sanctuary,nature,culture,300,15.58,185,0.15,0,1,1,0
Darjeeling,West Bengal,Tiger Hill,viewpoint,explore,480,34.15,95,0.954,1,1,1,1
Agra,Uttar Pradesh,Mehtab Bagh,garden,culture,480,26.07,80,0.506,1,1,1,1
Ahmedabad,Gujarat,Sidi Saiyyed Mosque,religious,adventure,300,10.75,70,0.203,1,1,1,0
Kolkata,West Bengal,Victoria Memorial,historic,culture,60,1.4,105,0.97,1,0,1,1
Gangtok,Sikkim,Rumtek Monastery,religious,relax,60,0.8,135,0.826,1,0,1,1
Hyderabad,Telangana,Charminar,historic,relax,180,10.01,65,0.254,1,1,1,1
Hyderabad,Telangana,Charminar,historic,nature,480,3.15,70,0.49,1,1,1,1
Mumbai,Maharashtra,Hanging Gardens,garden,food,180,2.55,60,0.086,1,1,1,0
Darjeeling,West Bengal,Darjeeling Himalayan Railway,historic,explore,480,8.41,160,0.862,1,1,1,1
Jaipur,Rajasthan,Jal Mahal,viewpoint,relax,300,19.28,50,0.869,1,1,1,1
Nashik,Maharashtra,Pandavleni Caves,historic,culture,480,20.86,110,0.836,1,1,1,1
Nagpur,Maharashtra,Ambazari Lake,nature,explore,480,5.85,65,0.326,1,1,1,1
Kolkata,West Bengal,Victoria Memorial,historic,adventure,480,19.97,135,0.402,1,1,1,1
Goa,Goa,Palolem Beach,beach,relax,480,16.03,140,0.973,1,1,1,1
Mumbai,Maharashtra,Elephanta Caves,historic,culture,30,0.56,145,0.754,1,0,1,1
Amritsar,Punjab,Sri Harmandir Sahib (Golden Temple),religious,explore,300,11.28,140,0.286,1,1,1,1
Nagpur,Maharashtra,Ambazari Lake,nature,nature,30,1.49,65,0.833,1,0,1,1
Nashik,Maharashtra,Pandavleni Caves,historic,relax,180,4.65,120,0.308,1,1,1,1
Udaipur,Rajasthan,City Palace Udaipur,historic,explore,120,3.7,135,0.88,1,0,1,1
Jaipur,Rajasthan,Amber Fort,fort,adventure,120,6.08,140,0.866,1,0,1,1
Nagpur,Maharashtra,Khindsi Lake,nature,relax,180,5.4,85,0.831,1,1,1,1
Ahmedabad,Gujarat,Sidi Saiyyed Mosque,religious,adventure,480,5.0,65,0.259,1,1,1,0
Agra,Uttar Pradesh,Akbar's Tomb,historic,explore,480,15.15,80,0.95,1,1,1,1
Goa,Goa,Palolem Beach,beach,explore,120,5.35,165,0.123,1,0,1,0
Udaipur,Rajasthan,Jagdish Temple,religious,food,120,1.7,55,0.384,1,1,1,1
Mumbai,Maharashtra,Gateway of India,historic,food,180,9.62,105,0.139,1,1,1,0
Udaipur,Rajasthan,Saheliyon-ki-Bari,garden,relax,30,1.65,60,0.935,0,0,1,1
Kolkata,West Bengal,Maidan,park,culture,300,19.73,75,0.204,1,1,1,1
Srinagar,Jammu and Kashmir,Shankaracharya Temple,religious,relax,180,11.44,95,0.185,1,1,1,1
Agra,Uttar Pradesh,Agra Fort,fort,adventure,480,33.39,145,0.267,1,1,1,1
Mumbai,Maharashtra,Elephanta Caves,historic,explore,180,11.08,140,0.733,1,1,1,1
Nashik,Maharashtra,Panchvati,historic,adventure,300,9.65,75,0.325,1,1,1,1
Kolkata,West Bengal,Howrah Bridge,monument,adventure,120,1.6,45,0.515,1,1,1,1
Delhi,Delhi,India Gate,monument,nature,300,3.93,65,0.171,1,1,1,0
Goa,Goa,Fort Aguada,fort,explore,480,13.73,140,0.963,1,1,1,1
Kolkata,West Bengal,Howrah Bridge,monument,culture,120,2.99,50,0.732,1,1,1,1
Srinagar,Jammu and Kashmir,Pari Mahal,historic,nature,180,9.44,80,0.249,0,1,1,0
Chennai,Tamil Nadu,Government Museum Chennai,museum,adventure,180,8.5,135,0.454,1,1,1,1
Goa,Goa,Palolem Beach,beach,food,180,8.97,145,0.1,1,1,1,1
Pune,Maharashtra,Aga Khan Palace,historic,nature,480,11.53,100,0.461,1,1,1,1
Nagpur,Maharashtra,Satpuda Botanical Garden,garden,culture,120,2.48,65,0.239,1,1,1,0
Nagpur,Maharashtra,Ramtek Fort Temple,fort,explore,30,0.8,105,0.493,1,0,1,0
Nashik,Maharashtra,Saptashrungi Temple,religious,explore,180,4.87,170,0.134,1,1,1,0
Nashik,Maharashtra,Nandur Madhameshwar Bird Sanctuary,nature,relax,480,34.98,145,0.762,1,1,1,1
Udaipur,Rajasthan,Lake Pichola,lake,explore,480,34.29,85,0.783,1,1,1,1
Lucknow,Uttar Pradesh,Chota Imambara,historic,food,300,16.28,85,0.361,1,1,1,1
Delhi,Delhi,Lodhi Garden,garden,culture,60,2.31,80,0.43,1,0,1,0
Delhi,Delhi,Humayun's Tomb,historic,culture,30,2.51,105,0.957,1,0,1,1
Srinagar,Jammu and Kashmir,Pari Mahal,historic,nature,30,1.47,70,0.462,1,0,1,0
Bengaluru,Karnataka,Vidhana Soudha,monument,relax,30,1.25,35,0.116,1,0,1,0
Nagpur,Maharashtra,Ramtek Fort Temple,fort,culture,60,1.68,140,0.951,1,0,1,1
Delhi,Delhi,Red Fort,historic,relax,480,0.46,130,0.213,1,1,1,1
Nashik,Maharashtra,Anjaneri Hills,nature,culture,60,3.67,215,0.405,0,0,1,0
Hyderabad,Telangana,Charminar,historic,adventure,60,0.72,70,0.301,1,0,1,0
Pune,Maharashtra,Aga Khan Palace,historic,relax,180,9.38,75,0.276,1,1,1,0
Lucknow,Uttar Pradesh,Bara Imambara,historic,nature,180,6.23,100,0.226,1,1,1,1
Mumbai,Maharashtra,Juhu Beach,beach,culture,30,0.53,95,0.233,1,0,1,0
Hyderabad,Telangana,Qutb Shahi Tombs,historic,explore,30,2.91,95,0.195,1,0,1,0
Bengaluru,Karnataka,Bangalore Palace,historic,relax,480,8.38,75,0.527,0,1,1,0
Darjeeling,West Bengal,Padmaja Naidu Himalayan Zoological Park,nature,culture,300,4.83,165,0.231,1,1,1,1
Goa,Goa,Basilica of Bom Jesus,religious,nature,300,14.16,70,0.11,1,1,1,0
Delhi,Delhi,Red Fort,historic,adventure,60,0.98,100,0.288,1,0,1,0
Hyderabad,Telangana,Charminar,historic,explore,120,0.5,75,0.939,1,1,1,1
Nashik,Maharashtra,Saptashrungi Temple,religious,nature,60,0.55,135,0.426,1,0,1,0
Mysuru,Karnataka,Mysuru Zoo,nature,adventure,180,10.96,210,0.236,1,0,1,0
Jaipur,Rajasthan,City Palace,historic,adventure,300,3.3,95,0.326,1,1,1,1
Kolkata,West Bengal,St. Paul's Cathedral,religious,adventure,120,4.79,70,0.143,1,1,1,0
Chennai,Tamil Nadu,Marina Beach,beach,culture,300,18.18,85,0.46,1,1,1,1
Nashik,Maharashtra,Nandur Madhameshwar Bird Sanctuary,nature,food,480,28.63,195,0.354,1,1,1,1
Chennai,Tamil Nadu,Government Museum Chennai,museum,adventure,30,2.18,105,0.129,1,0,1,0
Darjeeling,West Bengal,Happy Valley Tea Estate,nature,food,480,16.52,90,0.113,1,1,1,1
Ahmedabad,Gujarat,Sidi Saiyyed Mosque,religious,culture,480,15.92,55,0.942,0,1,1,1
Hyderabad,Telangana,Golconda Fort,fort,food,120,0.45,165,0.393,1,0,1,0
Nagpur,Maharashtra,Deekshabhoomi,monument,culture,300,15.24,70,0.956,1,1,1,1
Nashik,Maharashtra,Anjaneri Hills,nature,adventure,60,4.62,190,0.961,1,0,1,1
Gangtok,Sikkim,Rumtek Monastery,religious,food,120,4.72,140,0.277,1,0,1,0
Hyderabad,Telangana,Salar Jung Museum,museum,relax,120,1.45,115,0.41,1,1,1,1
Bengaluru,Karnataka,Vidhana Soudha,monument,explore,60,1.64,40,0.822,1,1,1,1
Chennai,Tamil Nadu,Fort St George,historic,nature,30,1.23,105,0.185,1,0,1,0
Mumbai,Maharashtra,Gateway of India,historic,explore,30,2.56,100,0.78,1,0,1,1
Chennai,Tamil Nadu,Government Museum Chennai,museum,relax,480,4.19,120,0.413,0,1,1,0
Delhi,Delhi,Red Fort,historic,culture,180,4.18,110,0.889,0,1,1,1
Darjeeling,West Bengal,Tiger Hill,viewpoint,nature,180,1.7,125,0.933,1,1,1,1
Nagpur,Maharashtra,Khindsi Lake,nature,relax,30,1.11,75,0.774,1,0,1,1
Jaipur,Rajasthan,Jantar Mantar,museum,explore,60,2.74,75,0.846,1,0,1,1
Hampi,Karnataka,Hampi Bazaar,historic,culture,480,31.66,75,0.914,1,1,1,1
Srinagar,Jammu and Kashmir,Mughal Gardens,garden,nature,300,9.58,105,0.74,1,1,1,1
Darjeeling,West Bengal,Tiger Hill,viewpoint,nature,60,4.29,130,0.854,0,0,1,0
Varanasi,Uttar Pradesh,Sarnath,historic,adventure,480,2.82,130,0.38,1,1,1,1
Amritsar,Punjab,Wagah Border,monument,explore,480,27.87,180,0.743,1,1,1,1
Jaipur,Rajasthan,City Palace,historic,explore,480,11.72,100,0.975,1,1,1,1
Hyderabad,Telangana,Golconda Fort,fort,explore,60,3.25,170,0.878,1,0,1,1
Hyderabad,Telangana,Charminar,historic,nature,30,0.79,80,0.311,1,0,1,0
Ahmedabad,Gujarat,Sabarmati Ashram,historic,relax,480,6.49,95,0.912,1,1,1,1
Ahmedabad,Gujarat,Kankaria Lake,nature,food,30,0.51,105,0.385,1,0,1,0
Bengaluru,Karnataka,Bannerghatta Biological Park,nature,nature,30,2.74,200,0.81,1,0,1,1
Goa,Goa,Palolem Beach,beach,culture,60,2.39,135,0.292,0,0,1,0
Chennai,Tamil Nadu,Government Museum Chennai,museum,food,30,1.1,130,0.316,1,0,1,0
Lucknow,Uttar Pradesh,Residency Lucknow,historic,adventure,180,1.0,95,0.417,1,1,1,1
Ahmedabad,Gujarat,Sabarmati Ashram,historic,nature,300,1.32,90,0.454,1,1,1,1
Ahmedabad,Gujarat,Sabarmati Ashram,historic,nature,480,23.06,95,0.229,1,1,1,1
Darjeeling,West Bengal,Darjeeling Himalayan Railway,historic,explore,120,4.72,140,0.805,0,0,1,0
Udaipur,Rajasthan,Lake Pichola,lake,food,120,7.41,80,0.343,1,1,1,1
Bengaluru,Karnataka,Vidhana Soudha,monument,relax,60,1.09,40,0.174,0,1,1,0
Delhi,Delhi,Lotus Temple,religious,food,30,2.19,60,0.289,1,0,1,0
Udaipur,Rajasthan,Jagdish Temple,religious,culture,300,7.63,50,0.803,1,1,1,1
Mysuru,Karnataka,Mysuru Zoo,nature,relax,60,1.55,215,0.224,1,0,1,0
Ahmedabad,Gujarat,Lothal,historic,food,120,2.43,150,0.12,1,0,1,0
Agra,Uttar Pradesh,Akbar's Tomb,historic,nature,120,7.49,105,0.459,0,1,1,0
Ahmedabad,Gujarat,Sidi Saiyyed Mosque,religious,food,180,5.88,70,0.276,0,1,1,0
Gangtok,Sikkim,Tashi View Point,viewpoint,relax,30,0.46,65,0.846,1,0,1,0
Mysuru,Karnataka,Mysore Palace,historic,food,300,15.13,140,0.083,1,1,1,1
Kolkata,West Bengal,Maidan,park,culture,120,4.1,60,0.487,1,1,1,1
Jaipur,Rajasthan,Amber Fort,fort,relax,480,7.39,140,0.285,1,1,1,0
Delhi,Delhi,India Gate,monument,relax,180,3.22,60,0.891,1,1,1,1
Delhi,Delhi,Red Fort,historic,adventure,120,1.22,125,0.17,1,0,1,0
Delhi,Delhi,Humayun's Tomb,historic,adventure,60,3.74,80,0.231,1,0,1,0
Darjeeling,West Bengal,Padmaja Naidu Himalayan Zoological Park,nature,nature,180,10.07,125,0.947,0,1,1,1
Goa,Goa,Palolem Beach,beach,relax,30,0.95,135,0.841,1,0,1,1
Amritsar,Punjab,Jallianwala Bagh,historic,nature,30,2.64,70,0.387,1,0,1,0
Mumbai,Maharashtra,Elephanta Caves,historic,food,30,2.88,155,0.139,1,0,1,0
Varanasi,Uttar Pradesh,Sarnath,historic,culture,180,1.6,130,0.82,1,1,1,1
Mumbai,Maharashtra,Gateway of India,historic,culture,480,31.63,105,0.929,1,1,1,1
Varanasi,Uttar Pradesh,Assi Ghat,religious,adventure,480,4.79,90,0.362,1,1,1,1
Chennai,Tamil Nadu,Government Museum Chennai,museum,culture,300,7.81,110,0.896,1,1,1,1
Lucknow,Uttar Pradesh,Chota Imambara,historic,nature,120,6.9,100,0.157,1,1,1,1
Jaipur,Rajasthan,Hawa Mahal,historic,relax,60,1.44,60,0.476,1,1,1,1
Nagpur,Maharashtra,Khindsi Lake,nature,nature,180,8.89,95,0.781,1,1,1,1
Chennai,Tamil Nadu,Marina Beach,beach,food,30,1.17,85,0.351,0,0,1,0
Lucknow,Uttar Pradesh,Bara Imambara,historic,explore,300,16.87,100,0.903,1,1,1,1
Delhi,Delhi,Lotus Temple,religious,food,300,3.3,70,0.185,1,1,1,0
Agra,Uttar Pradesh,Agra Fort,fort,adventure,300,12.18,100,0.2,1,1,1,1
Agra,Uttar Pradesh,Mehtab Bagh,garden,food,30,0.83,80,0.086,1,0,1,0
Goa,Goa,Dudhsagar Falls,nature,relax,30,1.91,250,0.333,1,0,1,0
Mysuru,Karnataka,Mysore Palace,historic,food,180,1.21,110,0.164,1,1,1,0
Nashik,Maharashtra,Nandur Madhameshwar Bird Sanctuary,nature,nature,30,1.93,195,0.873,1,0,1,1
Darjeeling,West Bengal,Happy Valley Tea Estate,nature,food,30,2.94,90,0.267,1,0,1,0
Mysuru,Karnataka,Mysuru Zoo,nature,food,480,19.59,185,0.315,1,1,1,1
Delhi,Delhi,Qutub Minar,historic,relax,300,5.48,125,0.285,1,1,1,1
Jaipur,Rajasthan,City Palace,historic,relax,30,2.81,125,0.261,1,0,1,0
Mumbai,Maharashtra,Elephanta Caves,historic,nature,60,1.53,165,0.483,1,0,1,0
Lucknow,Uttar Pradesh,Chota Imambara,historic,relax,120,4.4,80,0.426,0,1,1,0
Kolkata,West Bengal,Indian Museum,museum,food,30,1.99,95,0.111,1,0,1,0
Udaipur,Rajasthan,City Palace Udaipur,historic,adventure,480,27.87,175,0.136,1,1,1,0
Agra,Uttar Pradesh,Taj Mahal,historic,adventure,120,4.36,145,0.37,1,0,1,0
Hampi,Karnataka,Matanga Hill,nature,nature,60,4.58,125,0.814,1,0,1,0
Varanasi,Uttar Pradesh,Dashashwamedh Ghat,religious,adventure,120,3.75,75,0.298,1,1,1,1
Pune,Maharashtra,Aga Khan Palace,historic,nature,300,7.33,100,0.474,1,1,1,1
Varanasi,Uttar Pradesh,Kashi Vishwanath Temple,religious,adventure,180,3.8,75,0.298,1,1,1,1
Nashik,Maharashtra,Panchvati,historic,food,60,1.57,75,0.382,1,0,1,0
Agra,Uttar Pradesh,Itmad-ud-Daulah's Tomb,historic,adventure,60,3.43,75,0.222,1,0,1,0
Udaipur,Rajasthan,City Palace Udaipur,historic,food,300,16.02,145,0.344,0,1,1,0
Nagpur,Maharashtra,Seminary Hill,nature,explore,60,0.4,65,0.423,1,0,1,1
Varanasi,Uttar Pradesh,Dashashwamedh Ghat,religious,relax,480,31.09,95,0.75,0,1,1,1
Bengaluru,Karnataka,Cubbon Park,park,food,180,2.77,75,0.372,1,1,1,1
Darjeeling,West Bengal,Darjeeling Himalayan Railway,historic,food,480,14.25,125,0.071,1,1,1,1
Darjeeling,West Bengal,Darjeeling Himalayan Railway,historic,relax,30,2.46,165,0.319,1,0,1,0
Delhi,Delhi,Lodhi Garden,garden,adventure,480,31.92,70,0.302,1,1,1,1
Mumbai,Maharashtra,Elephanta Caves,historic,adventure,300,13.49,130,0.792,1,1,1,1
Kolkata,West Bengal,Howrah Bridge,monument,explore,120,6.86,50,0.948,1,1,1,1
Nashik,Maharashtra,Saptashrungi Temple,religious,adventure,60,0.61,165,0.833,1,0,1,1
Pune,Maharashtra,Sinhagad Fort,fort,adventure,60,4.3,215,0.947,1,0,1,1
Nashik,Maharashtra,Nandur Madhameshwar Bird Sanctuary,nature,adventure,60,3.81,180,0.357,1,0,1,0
Pune,Maharashtra,Aga Khan Palace,historic,explore,480,26.36,90,0.816,1,1,1,1
Jaipur,Rajasthan,Amber Fort,fort,adventure,30,1.78,135,0.789,1,0,1,1
Chennai,Tamil Nadu,Fort St George,historic,culture,30,2.38,85,0.792,1,0,1,1
Mysuru,Karnataka,Mysuru Zoo,nature,nature,300,15.11,215,0.773,1,1,1,1
Agra,Uttar Pradesh,Taj Mahal,historic,culture,60,1.63,170,0.791,0,0,1,0
Mumbai,Maharashtra,Hanging Gardens,garden,relax,180,3.23,70,0.886,1,1,1,1
Goa,Goa,Fort Aguada,fort,food,480,17.48,115,0.34,1,1,1,1
Jaipur,Rajasthan,City Palace,historic,nature,180,2.81,130,0.158,1,1,1,1
Goa,Goa,Dudhsagar Falls,nature,explore,480,33.83,280,0.379,1,1,1,1
Hyderabad,Telangana,Salar Jung Museum,museum,explore,60,2.05,145,0.886,1,0,1,1
Varanasi,Uttar Pradesh,Sarnath,historic,relax,180,4.51,150,0.778,1,1,1,1
Lucknow,Uttar Pradesh,Bara Imambara,historic,food,480,21.64,135,0.146,1,1,1,1
Nashik,Maharashtra,Pandavleni Caves,historic,relax,300,5.32,115,0.167,1,1,1,1
Amritsar,Punjab,Wagah Border,monument,relax,120,4.73,195,0.316,1,0,1,0
Kolkata,West Bengal,St. Paul's Cathedral,religious,food,180,6.98,65,0.285,1,1,1,0
Hampi,Karnataka,Vittala Temple,historic,nature,480,34.03,115,0.454,1,1,1,1
Jaipur,Rajasthan,Amber Fort,fort,nature,60,1.54,150,0.456,1,0,1,0
Goa,Goa,Basilica of Bom Jesus,religious,food,60,4.94,70,0.131,1,0,1,0
Pune,Maharashtra,Pune Okayama Friendship Garden,garden,relax,60,2.57,75,0.881,1,0,1,1
Mumbai,Maharashtra,Hanging Gardens,garden,adventure,180,4.38,60,0.532,1,1,1,1
Jaipur,Rajasthan,Hawa Mahal,historic,culture,30,0.56,65,0.859,1,0,1,1
Jaipur,Rajasthan,Hawa Mahal,historic,food,480,28.59,65,0.212,1,1,1,0
Ahmedabad,Gujarat,Adalaj Stepwell,historic,relax,60,3.44,85,0.158,1,0,1,0
Delhi,Delhi,Lotus Temple,religious,nature,180,8.15,85,0.363,1,1,1,1
Srinagar,Jammu and Kashmir,Mughal Gardens,garden,adventure,480,15.25,90,0.244,1,1,1,0
Mumbai,Maharashtra,Marine Drive,viewpoint,culture,300,9.33,55,0.238,1,1,1,1
Bengaluru,Karnataka,Bangalore Palace,historic,adventure,480,6.86,90,0.354,1,1,1,1
Ahmedabad,Gujarat,Kankaria Lake,nature,food,480,13.43,85,0.342,1,1,1,1
Srinagar,Jammu and Kashmir,Shankaracharya Temple,religious,relax,300,17.72,110,0.276,1,1,1,1
Nagpur,Maharashtra,Seminary Hill,nature,nature,480,30.02,65,0.754,1,1,1,1
Pune,Maharashtra,Sarasbaug,park,adventure,30,0.86,65,0.106,1,0,1,0
Hampi,Karnataka,Virupaksha Temple,religious,adventure,60,3.27,90,0.518,1,0,1,0
Nashik,Maharashtra,Trimbakeshwar Temple,religious,adventure,300,3.94,115,0.229,1,1,1,1
Delhi,Delhi,Lotus Temple,religious,culture,480,31.55,85,0.967,1,1,1,1
Mumbai,Maharashtra,Chhatrapati Shivaji Maharaj Terminus,historic,explore,180,7.71,70,0.76,1,1,1,1
Pune,Maharashtra,Shaniwar Wada,historic,food,30,1.59,70,0.177,1,0,1,0
Jaipur,Rajasthan,Jantar Mantar,museum,culture,30,1.38,100,0.773,1,0,1,1
Varanasi,Uttar Pradesh,Sarnath,historic,adventure,30,2.56,150,0.263,1,0,1,0
Goa,Goa,Palolem Beach,beach,culture,300,7.62,140,0.438,1,1,1,1
Hampi,Karnataka,Hampi Bazaar,historic,culture,60,4.67,85,0.756,0,0,1,0
Gangtok,Sikkim,Tsomgo Lake,lake,nature,300,13.41,205,0.762,1,1,1,1
Nagpur,Maharashtra,Ramtek Fort Temple,fort,food,60,4.19,120,0.266,0,0,1,0
Nashik,Maharashtra,Panchvati,historic,adventure,480,26.2,70,0.46,1,1,1,1
Srinagar,Jammu and Kashmir,Dal Lake,lake,relax,30,0.87,120,0.901,1,0,1,1
Udaipur,Rajasthan,City Palace Udaipur,historic,food,120,5.45,130,0.12,1,0,1,0
Hampi,Karnataka,Matanga Hill,nature,explore,120,7.0,110,0.738,1,1,1,1
Mysuru,Karnataka,Brindavan Gardens,garden,nature,480,10.98,105,0.847,1,1,1,1
Mysuru,Karnataka,Brindavan Gardens,garden,food,120,7.22,100,0.248,1,1,1,1
Amritsar,Punjab,Sri Harmandir Sahib (Golden Temple),religious,relax,120,0.72,130,0.887,1,0,1,1
Darjeeling,West Bengal,Happy Valley Tea Estate,nature,nature,480,21.34,85,0.893,1,1,1,1
Lucknow,Uttar Pradesh,Residency Lucknow,historic,nature,480,12.12,85,0.3,1,1,1,1
Mysuru,Karnataka,Brindavan Gardens,garden,culture,180,7.34,105,0.264,1,1,1,0
Amritsar,Punjab,Wagah Border,monument,explore,120,7.2,210,0.922,1,0,1,1
Ahmedabad,Gujarat,Adalaj Stepwell,historic,food,480,28.73,70,0.282,0,1,1,0
Lucknow,Uttar Pradesh,Chota Imambara,historic,explore,480,6.29,90,0.741,1,1,1,1
Mysuru,Karnataka,Chamundi Hill,nature,culture,30,1.78,110,0.928,0,0,1,1
Delhi,Delhi,Qutub Minar,historic,nature,30,0.53,100,0.387,1,0,1,0
Hampi,Karnataka,Matanga Hill,nature,food,30,2.71,125,0.164,0,0,1,0
Goa,Goa,Palolem Beach,beach,explore,30,0.54,150,0.354,1,0,1,0
Chennai,Tamil Nadu,Guindy National Park,nature,nature,120,7.99,130,0.879,1,0,1,1
Chennai,Tamil Nadu,Marina Beach,beach,nature,120,5.81,80,0.73,1,1,1,1
Delhi,Delhi,India Gate,monument,culture,480,11.72,70,0.765,1,1,1,1
Amritsar,Punjab,Jallianwala Bagh,historic,relax,30,1.75,70,0.241,1,0,1,0
Nagpur,Maharashtra,Seminary Hill,nature,relax,60,0.59,55,0.949,1,1,1,1
Pune,Maharashtra,Sarasbaug,park,explore,480,6.85,55,0.114,1,1,1,1
Nagpur,Maharashtra,Khindsi Lake,nature,food,180,6.18,80,0.201,1,1,1,0
Chennai,Tamil Nadu,Government Museum Chennai,museum,culture,60,0.73,140,0.91,1,0,1,1
Chennai,Tamil Nadu,Marina Beach,beach,adventure,300,15.51,105,0.463,1,1,1,1
Agra,Uttar Pradesh,Mehtab Bagh,garden,nature,300,13.02,80,0.955,1,1,1,1
Udaipur,Rajasthan,Jagdish Temple,religious,relax,120,5.05,65,0.775,1,1,1,1
Mysuru,Karnataka,Chamundi Hill,nature,relax,60,2.56,110,0.484,1,0,1,0
Chennai,Tamil Nadu,Kapaleeshwarar Temple,religious,relax,480,12.83,85,0.789,1,1,1,1
Pune,Maharashtra,Shaniwar Wada,historic,culture,120,3.48,85,0.973,0,1,1,1
Hyderabad,Telangana,Hussain Sagar Lake,nature,nature,120,5.04,70,0.908,1,1,1,1
Nashik,Maharashtra,Panchvati,historic,explore,480,28.88,85,0.948,1,1,1,1
Nashik,Maharashtra,Panchvati,historic,culture,30,2.82,75,0.83,1,0,1,0
Srinagar,Jammu and Kashmir,Shankaracharya Temple,religious,food,180,11.91,100,0.28,1,1,1,1
Pune,Maharashtra,Raja Dinkar Kelkar Museum,museum,adventure,120,2.01,75,0.154,0,1,1,0
Amritsar,Punjab,Wagah Border,monument,explore,60,3.79,205,0.735,1,0,1,1
Darjeeling,West Bengal,Padmaja Naidu Himalayan Zoological Park,nature,nature,120,7.81,150,0.777,1,0,1,1
Mysuru,Karnataka,Mysore Palace,historic,nature,30,2.66,135,0.468,1,0,1,0
Hyderabad,Telangana,Charminar,historic,culture,480,1.19,85,0.852,1,1,1,1
Nagpur,Maharashtra,Ambazari Lake,nature,relax,180,7.84,80,0.903,1,1,1,1
Hyderabad,Telangana,Hussain Sagar Lake,nature,food,30,0.75,90,0.362,1,0,1,0
Gangtok,Sikkim,Rumtek Monastery,religious,relax,180,8.14,100,0.912,1,1,1,1
Hampi,Karnataka,Virupaksha Temple,religious,relax,30,1.69,105,0.287,1,0,1,0
Agra,Uttar Pradesh,Agra Fort,fort,culture,60,1.13,115,0.893,1,0,1,1
Srinagar,Jammu and Kashmir,Pari Mahal,historic,food,480,11.27,85,0.293,1,1,1,1
Varanasi,Uttar Pradesh,Assi Ghat,religious,relax,120,3.77,70,0.953,1,1,1,1
Hyderabad,Telangana,Golconda Fort,fort,relax,30,2.79,165,0.476,1,0,1,0
Mumbai,Maharashtra,Juhu Beach,beach,adventure,30,0.86,80,0.487,1,0,1,0
Hampi,Karnataka,Virupaksha Temple,religious,nature,30,1.54,110,0.203,1,0,1,0
Delhi,Delhi,Qutub Minar,historic,adventure,120,0.48,100,0.17,1,1,1,0
Delhi,Delhi,Qutub Minar,historic,nature,180,4.62,120,0.516,1,1,1,1
Nashik,Maharashtra,Trimbakeshwar Temple,religious,food,30,0.61,110,0.395,1,0,1,0
Bengaluru,Karnataka,Lalbagh Botanical Garden,garden,adventure,300,9.18,100,0.287,0,1,1,0
Pune,Maharashtra,Raja Dinkar Kelkar Museum,museum,relax,300,5.39,75,0.525,1,1,1,1
Gangtok,Sikkim,Rumtek Monastery,religious,culture,60,0.87,140,0.888,1,0,1,1
Ahmedabad,Gujarat,Kankaria Lake,nature,adventure,480,15.81,105,0.399,1,1,1,1
Pune,Maharashtra,Pune Okayama Friendship Garden,garden,nature,60,3.35,70,0.918,1,0,1,1
Gangtok,Sikkim,Rumtek Monastery,religious,nature,480,12.06,120,0.39,1,1,1,1
Udaipur,Rajasthan,Saheliyon-ki-Bari,garden,relax,300,18.44,65,0.872,1,1,1,1
Lucknow,Uttar Pradesh,Bara Imambara,historic,relax,30,1.16,125,0.276,1,0,1,0
Bengaluru,Karnataka,Cubbon Park,park,relax,60,3.27,90,0.947,1,0,1,1
Nagpur,Maharashtra,Khindsi Lake,nature,explore,300,18.33,100,0.309,1,1,1,1
Srinagar,Jammu and Kashmir,Dal Lake,lake,relax,480,0.5,130,0.751,1,1,1,1
Hampi,Karnataka,Vittala Temple,historic,nature,60,2.61,110,0.385,1,0,1,0
Mysuru,Karnataka,Brindavan Gardens,garden,relax,120,3.83,90,0.921,0,1,1,1
Nashik,Maharashtra,Pandavleni Caves,historic,food,30,2.56,110,0.069,1,0,1,0
Jaipur,Rajasthan,Jantar Mantar,museum,nature,300,16.98,75,0.437,1,1,1,1
Chennai,Tamil Nadu,Marina Beach,beach,adventure,480,11.71,105,0.487,1,1,1,1
Nashik,Maharashtra,Trimbakeshwar Temple,religious,relax,180,3.46,140,0.75,1,1,1,1
Pune,Maharashtra,Pune Okayama Friendship Garden,garden,relax,480,15.35,85,0.911,0,1,1,1
Kolkata,West Bengal,Howrah Bridge,monument,explore,30,1.14,55,0.962,1,0,1,1
Pune,Maharashtra,Shaniwar Wada,historic,adventure,30,0.71,60,0.476,1,0,1,0
Gangtok,Sikkim,Tashi View Point,viewpoint,food,60,2.03,55,0.181,1,1,1,1
Chennai,Tamil Nadu,Guindy National Park,nature,food,30,0.6,115,0.299,1,0,1,0
Chennai,Tamil Nadu,Kapaleeshwarar Temple,religious,nature,480,18.45,60,0.407,1,1,1,1
Pune,Maharashtra,Sarasbaug,park,nature,480,19.33,50,0.807,1,1,1,1
Agra,Uttar Pradesh,Mehtab Bagh,garden,relax,480,13.21,80,0.877,1,1,1,1
Kolkata,West Bengal,Victoria Memorial,historic,nature,120,0.9,130,0.111,1,0,1,0
Goa,Goa,Basilica of Bom Jesus,religious,adventure,30,1.7,65,0.462,1,0,1,0
Nagpur,Maharashtra,Ramtek Fort Temple,fort,explore,300,14.47,110,0.485,0,1,1,1
Hyderabad,Telangana,Golconda Fort,fort,explore,180,3.67,160,0.744,1,1,1,1
Amritsar,Punjab,Sri Harmandir Sahib (Golden Temple),religious,nature,480,0.63,110,0.485,1,1,1,1
Amritsar,Punjab,Sri Harmandir Sahib (Golden Temple),religious,nature,30,2.79,120,0.376,1,0,1,0
Darjeeling,West Bengal,Happy Valley Tea Estate,nature,relax,60,3.24,95,0.817,1,0,1,1
Ahmedabad,Gujarat,Lothal,historic,adventure,120,7.54,155,0.334,1,0,1,0
Varanasi,Uttar Pradesh,Sarnath,historic,explore,480,9.44,125,0.861,1,1,1,1
Gangtok,Sikkim,Tashi View Point,viewpoint,adventure,180,7.69,55,0.548,1,1,1,1
Mysuru,Karnataka,Mysuru Zoo,nature,food,30,1.19,150,0.34,1,0,1,0
Nagpur,Maharashtra,Ramtek Fort Temple,fort,adventure,180,8.38,120,0.906,1,1,1,1
Varanasi,Uttar Pradesh,Kashi Vishwanath Temple,religious,food,480,18.14,95,0.364,1,1,1,1
Mumbai,Maharashtra,Chhatrapati Shivaji Maharaj Terminus,historic,nature,30,2.06,50,0.365,1,0,1,0
Delhi,Delhi,Qutub Minar,historic,nature,120,5.09,140,0.15,1,0,1,0
Mumbai,Maharashtra,Elephanta Caves,historic,culture,60,2.21,175,0.803,1,0,1,1
Varanasi,Uttar Pradesh,Assi Ghat,religious,nature,120,4.87,90,0.424,1,1,1,1
Varanasi,Uttar Pradesh,Kashi Vishwanath Temple,religious,food,30,2.75,75,0.056,1,0,1,0
Nagpur,Maharashtra,Satpuda Botanical Garden,garden,nature,180,7.96,65,0.845,1,1,1,1
Kolkata,West Bengal,St. Paul's Cathedral,religious,explore,30,1.28,70,0.29,1,0,1,0
Bengaluru,Karnataka,Cubbon Park,park,adventure,180,1.63,65,0.28,1,1,1,1
Bengaluru,Karnataka,Cubbon Park,park,adventure,30,1.31,75,0.171,1,0,1,0
Pune,Maharashtra,Aga Khan Palace,historic,explore,180,10.39,100,0.86,1,1,1,1
Agra,Uttar Pradesh,Taj Mahal,historic,explore,480,0.75,165,0.787,1,1,1,1
Hyderabad,Telangana,Charminar,historic,adventure,300,11.64,65,0.549,1,1,1,1
Goa,Goa,Dudhsagar Falls,nature,explore,60,4.99,215,0.538,1,0,1,0
Srinagar,Jammu and Kashmir,Pari Mahal,historic,adventure,480,6.23,80,0.307,1,1,1,1
Kolkata,West Bengal,Victoria Memorial,historic,relax,300,4.9,120,0.482,1,1,1,1
Mysuru,Karnataka,Brindavan Gardens,garden,nature,30,2.77,95,0.882,1,0,1,1
Bengaluru,Karnataka,Bannerghatta Biological Park,nature,explore,120,0.92,200,0.924,1,0,1,1
Srinagar,Jammu and Kashmir,Mughal Gardens,garden,food,60,3.62,95,0.351,1,0,1,0
Hampi,Karnataka,Matanga Hill,nature,relax,480,19.88,105,0.23,1,1,1,1
Jaipur,Rajasthan,Hawa Mahal,historic,adventure,180,11.47,70,0.535,0,1,1,0
Darjeeling,West Bengal,Tiger Hill,viewpoint,nature,30,1.82,140,0.927,1,0,1,1
Mumbai,Maharashtra,Elephanta Caves,historic,nature,480,17.08,175,0.174,1,1,1,0
Mumbai,Maharashtra,Chhatrapati Shivaji Maharaj Terminus,historic,food,120,7.68,70,0.32,1,1,1,1
Darjeeling,West Bengal,Darjeeling Himalayan Railway,historic,explore,30,0.78,175,0.734,1,0,1,1
Bengaluru,Karnataka,Bangalore Palace,historic,adventure,60,1.6,85,0.342,0,0,1,0
Amritsar,Punjab,Sri Harmandir Sahib (Golden Temple),religious,adventure,180,7.84,110,0.376,0,1,1,0
Bengaluru,Karnataka,Lalbagh Botanical Garden,garden,relax,30,1.64,80,0.886,0,0,1,0
Lucknow,Uttar Pradesh,Residency Lucknow,historic,explore,120,7.98,80,0.721,1,1,1,1
Chennai,Tamil Nadu,Guindy National Park,nature,culture,120,7.0,130,0.162,0,0,1,0
Lucknow,Uttar Pradesh,Bara Imambara,historic,nature,300,9.64,120,0.463,1,1,1,1
Agra,Uttar Pradesh,Itmad-ud-Daulah's Tomb,historic,explore,480,21.19,75,0.911,1,1,1,1
Udaipur,Rajasthan,Saheliyon-ki-Bari,garden,culture,60,2.14,75,0.352,1,0,1,0
Kolkata,West Bengal,St. Paul's Cathedral,religious,explore,120,1.51,70,0.447,1,1,1,1
Goa,Goa,Dudhsagar Falls,nature,relax,60,3.41,215,0.362,1,0,1,0
Mysuru,Karnataka,Mysuru Zoo,nature,adventure,120,6.14,215,0.108,1,0,1,0
Kolkata,West Bengal,St. Paul's Cathedral,religious,adventure,60,2.02,70,0.491,1,0,1,0
Ahmedabad,Gujarat,Adalaj Stepwell,historic,culture,480,15.49,65,0.971,0,1,1,1
Lucknow,Uttar Pradesh,Chota Imambara,historic,explore,30,1.93,85,0.906,1,0,1,1
Chennai,Tamil Nadu,Kapaleeshwarar Temple,religious,food,60,1.31,85,0.391,0,0,1,0
Varanasi,Uttar Pradesh,Dashashwamedh Ghat,religious,culture,120,3.92,85,0.893,1,1,1,1
Srinagar,Jammu and Kashmir,Shankaracharya Temple,religious,food,60,4.49,140,0.065,1,0,1,0
Delhi,Delhi,Humayun's Tomb,historic,culture,300,7.32,95,0.777,1,1,1,1
Nashik,Maharashtra,Trimbakeshwar Temple,religious,food,120,1.45,115,0.291,1,1,1,1
Agra,Uttar Pradesh,Mehtab Bagh,garden,food,300,2.85,70,0.35,1,1,1,1
Varanasi,Uttar Pradesh,Assi Ghat,religious,food,300,6.74,70,0.141,1,1,1,1
Srinagar,Jammu and Kashmir,Dal Lake,lake,food,180,7.75,110,0.275,1,1,1,1
Chennai,Tamil Nadu,Kapaleeshwarar Temple,religious,adventure,60,0.62,70,0.314,1,0,1,0
Jaipur,Rajasthan,Jantar Mantar,museum,explore,30,1.53,90,0.776,1,0,1,1
Kolkata,West Bengal,St. Paul's Cathedral,religious,culture,60,4.83,70,0.939,1,0,1,1
Varanasi,Uttar Pradesh,Sarnath,historic,culture,30,2.42,180,0.967,1,0,1,1
Mumbai,Maharashtra,Elephanta Caves,historic,food,120,7.05,155,0.205,1,0,1,0
Delhi,Delhi,Lodhi Garden,garden,adventure,300,1.83,60,0.303,1,1,1,1
Lucknow,Uttar Pradesh,Bara Imambara,historic,culture,60,1.88,100,0.918,0,0,1,1
Delhi,Delhi,Red Fort,historic,relax,30,2.17,105,0.348,1,0,1,0
Mysuru,Karnataka,Brindavan Gardens,garden,culture,480,25.49,95,0.247,0,1,1,0
Varanasi,Uttar Pradesh,Sarnath,historic,nature,300,14.49,165,0.247,1,1,1,1
Nagpur,Maharashtra,Deekshabhoomi,monument,culture,180,9.91,65,0.97,1,1,1,1
Lucknow,Uttar Pradesh,Janeshwar Mishra Park,park,explore,120,3.37,80,0.102,1,1,1,0
Hampi,Karnataka,Matanga Hill,nature,adventure,480,34.21,140,0.872,1,1,1,1
Hampi,Karnataka,Hampi Bazaar,historic,explore,480,1.58,70,0.894,1,1,1,1
Jaipur,Rajasthan,Jal Mahal,viewpoint,culture,30,1.67,40,0.23,1,0,1,0
Nashik,Maharashtra,Panchvati,historic,relax,480,16.44,60,0.378,1,1,1,1
Nashik,Maharashtra,Nandur Madhameshwar Bird Sanctuary,nature,culture,180,10.02,185,0.21,1,0,1,0
Ahmedabad,Gujarat,Kankaria Lake,nature,nature,300,6.36,100,0.962,1,1,1,1
Delhi,Delhi,Humayun's Tomb,historic,nature,180,3.31,95,0.169,1,1,1,1
Goa,Goa,Dudhsagar Falls,nature,nature,180,3.02,225,0.772,1,0,1,1
Lucknow,Uttar Pradesh,Janeshwar Mishra Park,park,relax,120,6.74,105,0.845,1,1,1,1
Nashik,Maharashtra,Panchvati,historic,explore,120,6.13,60,0.757,1,1,1,1
Mysuru,Karnataka,Chamundi Hill,nature,explore,180,8.22,125,0.449,0,1,1,0
Nagpur,Maharashtra,Khindsi Lake,nature,nature,480,28.23,90,0.904,0,1,1,1
Goa,Goa,Baga Beach,beach,culture,180,1.56,130,0.363,1,1,1,1
Goa,Goa,Dudhsagar Falls,nature,culture,30,0.85,205,0.243,1,0,1,0
Pune,Maharashtra,Sarasbaug,park,adventure,60,0.58,50,0.208,1,1,1,1
Mumbai,Maharashtra,Hanging Gardens,garden,explore,180,5.79,70,0.285,1,1,1,1
Goa,Goa,Basilica of Bom Jesus,religious,adventure,180,4.92,65,0.461,1,1,1,1
Chennai,Tamil Nadu,Fort St George,historic,relax,120,7.22,75,0.253,1,1,1,1
Bengaluru,Karnataka,Lalbagh Botanical Garden,garden,culture,60,2.94,100,0.205,1,0,1,0
Nagpur,Maharashtra,Satpuda Botanical Garden,garden,adventure,180,7.24,70,0.243,1,1,1,1
Mumbai,Maharashtra,Chhatrapati Shivaji Maharaj Terminus,historic,adventure,300,10.6,65,0.242,1,1,1,1
Gangtok,Sikkim,Banjhakri Falls,nature,food,300,4.15,135,0.215,1,1,1,0
Jaipur,Rajasthan,Nahargarh Fort,fort,culture,480,25.44,120,0.421,1,1,1,1
Darjeeling,West Bengal,Padmaja Naidu Himalayan Zoological Park,nature,adventure,180,2.17,150,0.295,1,1,1,1
Udaipur,Rajasthan,Saheliyon-ki-Bari,garden,nature,480,30.78,65,0.908,1,1,1,1
Gangtok,Sikkim,Banjhakri Falls,nature,explore,30,0.94,100,0.446,1,0,1,0
Jaipur,Rajasthan,City Palace,historic,culture,480,10.44,145,0.882,1,1,1,1
Varanasi,Uttar Pradesh,Dashashwamedh Ghat,religious,adventure,180,9.87,105,0.454,1,1,1,1
Amritsar,Punjab,Wagah Border,monument,culture,300,9.14,210,0.872,1,1,1,1
Mysuru,Karnataka,Chamundi Hill,nature,explore,120,7.61,135,0.256,1,0,1,0
Bengaluru,Karnataka,Cubbon Park,park,explore,30,2.9,75,0.538,1,0,1,0
Agra,Uttar Pradesh,Agra Fort,fort,culture,120,7.13,135,0.857,1,0,1,1
Srinagar,Jammu and Kashmir,Dal Lake,lake,culture,480,30.9,115,0.537,1,1,1,1
Srinagar,Jammu and Kashmir,Mughal Gardens,garden,culture,60,3.8,105,0.39,1,0,1,0
Udaipur,Rajasthan,Jagdish Temple,religious,explore,60,1.59,60,0.376,1,1,1,1
Delhi,Delhi,Humayun's Tomb,historic,nature,300,12.78,80,0.486,0,1,1,0
Nashik,Maharashtra,Trimbakeshwar Temple,religious,adventure,30,1.2,110,0.118,1,0,1,0
Udaipur,Rajasthan,City Palace Udaipur,historic,explore,30,2.42,175,0.959,1,0,1,1
Udaipur,Rajasthan,City Palace Udaipur,historic,relax,120,1.04,155,0.424,1,0,1,0
Amritsar,Punjab,Sri Harmandir Sahib (Golden Temple),religious,culture,300,13.89,100,0.777,1,1,1,1
Pune,Maharashtra,Pune Okayama Friendship Garden,garden,culture,180,8.81,80,0.529,1,1,1,1
Hampi,Karnataka,Virupaksha Temple,religious,culture,480,30.48,90,0.744,1,1,1,1
Amritsar,Punjab,Jallianwala Bagh,historic,adventure,60,3.6,65,0.514,1,0,1,0
Ahmedabad,Gujarat,Sabarmati Ashram,historic,explore,120,5.23,75,0.511,1,1,1,1
Delhi,Delhi,Lodhi Garden,garden,relax,120,3.06,80,0.765,1,1,1,1
Kolkata,West Bengal,Howrah Bridge,monument,relax,60,0.68,55,0.124,1,1,1,1
Lucknow,Uttar Pradesh,Janeshwar Mishra Park,park,adventure,60,3.29,95,0.14,1,0,1,0
Nagpur,Maharashtra,Ambazari Lake,nature,explore,120,6.85,75,0.2,1,1,1,1
Goa,Goa,Fort Aguada,fort,explore,60,2.29,130,0.815,1,0,1,1
Varanasi,Uttar Pradesh,Kashi Vishwanath Temple,religious,culture,300,10.35,100,0.754,1,1,1,1
Darjeeling,West Bengal,Darjeeling Himalayan Railway,historic,food,30,1.49,140,0.287,1,0,1,0
Mysuru,Karnataka,Mysuru Zoo,nature,relax,300,12.65,150,0.229,1,1,1,1
Udaipur,Rajasthan,Lake Pichola,lake,relax,60,3.92,95,0.95,1,0,1,1
Gangtok,Sikkim,Tashi View Point,viewpoint,relax,120,7.33,55,0.871,1,1,1,1
Udaipur,Rajasthan,Saheliyon-ki-Bari,garden,relax,120,1.07,75,0.907,1,1,1,1
Amritsar,Punjab,Wagah Border,monument,adventure,300,12.57,205,0.48,1,1,1,1
Nagpur,Maharashtra,Ramtek Fort Temple,fort,explore,480,28.09,110,0.167,1,1,1,1
Nashik,Maharashtra,Saptashrungi Temple,religious,relax,120,1.68,165,0.453,1,0,1,0
Mumbai,Maharashtra,Chhatrapati Shivaji Maharaj Terminus,historic,culture,60,3.33,60,0.758,1,1,1,1
Ahmedabad,Gujarat,Sidi Saiyyed Mosque,religious,relax,480,3.61,60,0.427,1,1,1,0
Amritsar,Punjab,Partition Museum,museum,food,180,4.86,130,0.389,1,1,1,1
Jaipur,Rajasthan,Jal Mahal,viewpoint,nature,120,1.32,35,0.17,1,1,1,1
Jaipur,Rajasthan,City Palace,historic,culture,300,19.25,120,0.876,1,1,1,1
Goa,Goa,Basilica of Bom Jesus,religious,culture,60,1.5,75,0.958,1,0,1,1
Ahmedabad,Gujarat,Adalaj Stepwell,historic,nature,60,1.78,65,0.185,1,0,1,0
Chennai,Tamil Nadu,Fort St George,historic,adventure,300,19.13,80,0.183,1,1,1,1
Ahmedabad,Gujarat,Kankaria Lake,nature,adventure,30,0.62,75,0.442,0,0,1,0
Srinagar,Jammu and Kashmir,Pari Mahal,historic,nature,480,0.72,80,0.118,1,1,1,0
Bengaluru,Karnataka,Cubbon Park,park,food,60,3.86,65,0.292,1,0,1,0
Delhi,Delhi,Lotus Temple,religious,relax,300,18.37,75,0.969,1,1,1,1
Darjeeling,West Bengal,Padmaja Naidu Himalayan Zoological Park,nature,food,60,3.94,145,0.222,1,0,1,0
Varanasi,Uttar Pradesh,Sarnath,historic,explore,180,1.88,150,0.914,1,1,1,1
Delhi,Delhi,India Gate,monument,food,300,6.25,65,0.136,0,1,1,0
Varanasi,Uttar Pradesh,Kashi Vishwanath Temple,religious,adventure,120,2.67,85,0.484,1,1,1,1
Pune,Maharashtra,Aga Khan Palace,historic,culture,180,2.63,80,0.891,1,1,1,1
Bengaluru,Karnataka,Bangalore Palace,historic,food,300,12.32,100,0.353,1,1,1,1
Bengaluru,Karnataka,Cubbon Park,park,food,120,7.77,85,0.161,0,1,1,0
Jaipur,Rajasthan,Hawa Mahal,historic,explore,480,31.56,70,0.734,1,1,1,1
Udaipur,Rajasthan,Jagdish Temple,religious,nature,480,29.18,60,0.141,1,1,1,1
Goa,Goa,Fort Aguada,fort,food,30,0.65,100,0.314,1,0,1,0
Mumbai,Maharashtra,Juhu Beach,beach,culture,60,0.48,95,0.204,1,0,1,0
Darjeeling,West Bengal,Tiger Hill,viewpoint,relax,180,6.28,140,0.19,1,1,1,1
Gangtok,Sikkim,Tashi View Point,viewpoint,nature,60,3.59,55,0.845,1,1,1,1
Pune,Maharashtra,Shaniwar Wada,historic,relax,30,1.43,80,0.158,1,0,1,0
Darjeeling,West Bengal,Darjeeling Himalayan Railway,historic,food,300,11.02,130,0.186,1,1,1,1
Kolkata,West Bengal,Maidan,park,food,60,1.27,65,0.201,1,0,1,0
Chennai,Tamil Nadu,Government Museum Chennai,museum,culture,480,17.22,115,0.956,1,1,1,1
Delhi,Delhi,Red Fort,historic,food,30,0.74,100,0.356,1,0,1,0
Amritsar,Punjab,Jallianwala Bagh,historic,explore,480,26.74,65,0.948,1,1,1,1
Amritsar,Punjab,Partition Museum,museum,explore,180,4.66,135,0.902,1,1,1,1
Goa,Goa,Fort Aguada,fort,relax,300,11.5,115,0.348,1,1,1,1
Srinagar,Jammu and Kashmir,Mughal Gardens,garden,food,120,2.78,70,0.276,1,1,1,1
Hampi,Karnataka,Hampi Bazaar,historic,food,60,1.39,65,0.399,1,0,1,0
Ahmedabad,Gujarat,Lothal,historic,nature,480,13.91,150,0.27,1,1,1,1
Udaipur,Rajasthan,Lake Pichola,lake,nature,480,27.79,105,0.876,1,1,1,1
Jaipur,Rajasthan,City Palace,historic,nature,300,11.63,145,0.112,0,1,1,0
Mysuru,Karnataka,Chamundi Hill,nature,nature,30,0.77,115,0.936,1,0,1,1
Hyderabad,Telangana,Golconda Fort,fort,relax,180,7.32,160,0.256,1,1,1,1
Jaipur,Rajasthan,Amber Fort,fort,adventure,480,14.02,160,0.937,1,1,1,1
Nashik,Maharashtra,Nandur Madhameshwar Bird Sanctuary,nature,explore,480,21.63,165,0.746,1,1,1,1
Nagpur,Maharashtra,Ambazari Lake,nature,adventure,480,18.51,85,0.495,1,1,1,1
Mumbai,Maharashtra,Gateway of India,historic,relax,480,8.35,75,0.405,1,1,1,1
Varanasi,Uttar Pradesh,Dashashwamedh Ghat,religious,relax,60,3.47,85,0.825,1,0,1,1
Gangtok,Sikkim,Tashi View Point,viewpoint,culture,300,14.2,55,0.138,1,1,1,0
Bengaluru,Karnataka,Lalbagh Botanical Garden,garden,explore,300,13.84,90,0.387,1,1,1,1
Hyderabad,Telangana,Golconda Fort,fort,nature,60,4.17,150,0.291,1,0,1,0
Pune,Maharashtra,Aga Khan Palace,historic,adventure,180,10.73,90,0.314,1,1,1,1
Jaipur,Rajasthan,Hawa Mahal,historic,nature,120,4.89,55,0.23,1,1,1,0
Agra,Uttar Pradesh,Agra Fort,fort,nature,60,1.93,125,0.263,0,0,1,0
Varanasi,Uttar Pradesh,Kashi Vishwanath Temple,religious,culture,480,13.67,95,0.974,1,1,1,1
Ahmedabad,Gujarat,Adalaj Stepwell,historic,nature,30,1.74,65,0.303,1,0,1,0
Ahmedabad,Gujarat,Sabarmati Ashram,historic,food,480,22.25,75,0.201,1,1,1,1
Pune,Maharashtra,Shaniwar Wada,historic,nature,180,0.71,80,0.483,1,1,1,1
Varanasi,Uttar Pradesh,Kashi Vishwanath Temple,religious,nature,60,3.03,75,0.508,1,0,1,0
Chennai,Tamil Nadu,Guindy National Park,nature,food,480,13.93,135,0.155,1,1,1,1
Udaipur,Rajasthan,City Palace Udaipur,historic,culture,480,32.32,155,0.825,1,1,1,1
Gangtok,Sikkim,Banjhakri Falls,nature,explore,60,4.7,115,0.16,0,0,1,0
Nagpur,Maharashtra,Ramtek Fort Temple,fort,nature,30,2.57,110,0.334,0,0,1,0
Mysuru,Karnataka,Mysore Palace,historic,culture,480,19.79,140,0.732,1,1,1,1
Srinagar,Jammu and Kashmir,Pari Mahal,historic,food,60,1.29,80,0.208,0,0,1,0
Udaipur,Rajasthan,Lake Pichola,lake,explore,30,1.84,90,0.73,0,0,1,0
Hampi,Karnataka,Vittala Temple,historic,relax,480,34.29,120,0.353,0,1,1,0
Pune,Maharashtra,Raja Dinkar Kelkar Museum,museum,explore,300,19.61,105,0.798,1,1,1,1
Bengaluru,Karnataka,Vidhana Soudha,monument,explore,480,15.91,50,0.945,1,1,1,1
Nagpur,Maharashtra,Deekshabhoomi,monument,adventure,300,3.64,70,0.247,0,1,1,0
Hyderabad,Telangana,Hussain Sagar Lake,nature,culture,180,3.96,65,0.44,1,1,1,1
Nashik,Maharashtra,Pandavleni Caves,historic,explore,30,1.8,120,0.748,1,0,1,1
Varanasi,Uttar Pradesh,Dashashwamedh Ghat,religious,food,180,1.42,105,0.289,1,1,1,0
Lucknow,Uttar Pradesh,Janeshwar Mishra Park,park,culture,180,3.59,75,0.117,1,1,1,0
Hyderabad,Telangana,Charminar,historic,food,480,22.75,70,0.175,1,1,1,0
Nagpur,Maharashtra,Khindsi Lake,nature,adventure,180,4.38,95,0.324,0,1,1,0
Gangtok,Sikkim,Tsomgo Lake,lake,culture,180,10.92,165,0.123,0,1,1,0
Bengaluru,Karnataka,Vidhana Soudha,monument,nature,300,13.34,40,0.426,1,1,1,1
Ahmedabad,Gujarat,Lothal,historic,adventure,480,17.34,155,0.332,1,1,1,1
Mysuru,Karnataka,Chamundi Hill,nature,culture,480,20.93,140,0.828,1,1,1,1
Goa,Goa,Dudhsagar Falls,nature,food,300,19.9,270,0.354,1,1,1,1
Ahmedabad,Gujarat,Adalaj Stepwell,historic,adventure,120,7.25,85,0.246,1,1,1,1
Amritsar,Punjab,Sri Harmandir Sahib (Golden Temple),religious,relax,300,12.51,100,0.83,1,1,1,1
Varanasi,Uttar Pradesh,Kashi Vishwanath Temple,religious,food,60,1.14,100,0.244,1,0,1,0
Goa,Goa,Baga Beach,beach,nature,30,1.39,135,0.206,1,0,1,0
Amritsar,Punjab,Sri Harmandir Sahib (Golden Temple),religious,explore,30,2.32,115,0.167,1,0,1,0
Bengaluru,Karnataka,Lalbagh Botanical Garden,garden,relax,300,1.39,105,0.949,1,1,1,1
Jaipur,Rajasthan,Nahargarh Fort,fort,nature,480,5.78,125,0.932,1,1,1,1
Hyderabad,Telangana,Charminar,historic,adventure,120,6.2,70,0.416,1,1,1,1
Jaipur,Rajasthan,Hawa Mahal,historic,nature,480,31.26,65,0.475,1,1,1,0
Nashik,Maharashtra,Anjaneri Hills,nature,explore,120,5.81,205,0.183,0,0,1,0
Pune,Maharashtra,Raja Dinkar Kelkar Museum,museum,culture,480,18.79,90,0.837,1,1,1,1
Udaipur,Rajasthan,Saheliyon-ki-Bari,garden,nature,30,2.22,65,0.937,1,0,1,1
Darjeeling,West Bengal,Padmaja Naidu Himalayan Zoological Park,nature,explore,180,5.58,140,0.893,1,1,1,1
Chennai,Tamil Nadu,Marina Beach,beach,adventure,30,0.99,75,0.531,1,0,1,0
Delhi,Delhi,Humayun's Tomb,historic,nature,60,4.45,90,0.254,1,0,1,0
Agra,Uttar Pradesh,Itmad-ud-Daulah's Tomb,historic,culture,60,1.16,80,0.837,1,0,1,1
Gangtok,Sikkim,Tsomgo Lake,lake,food,300,8.57,175,0.177,1,1,1,0
Hyderabad,Telangana,Golconda Fort,fort,nature,120,2.09,135,0.37,1,0,1,0
Delhi,Delhi,Red Fort,historic,nature,480,29.81,145,0.402,1,1,1,1
Ahmedabad,Gujarat,Adalaj Stepwell,historic,adventure,300,10.21,65,0.232,1,1,1,1
Nashik,Maharashtra,Anjaneri Hills,nature,culture,120,3.17,145,0.328,1,0,1,0
Bengaluru,Karnataka,Cubbon Park,park,nature,60,2.24,90,0.817,1,0,1,1
Nashik,Maharashtra,Trimbakeshwar Temple,religious,explore,60,2.09,120,0.234,0,0,1,0
Nashik,Maharashtra,Anjaneri Hills,nature,relax,480,33.59,200,0.388,1,1,1,1
Chennai,Tamil Nadu,Marina Beach,beach,food,60,4.74,90,0.208,1,0,1,0
Goa,Goa,Palolem Beach,beach,culture,120,6.7,140,0.355,1,0,1,0
Hampi,Karnataka,Matanga Hill,nature,food,480,20.56,145,0.113,0,1,1,0
Hyderabad,Telangana,Charminar,historic,food,60,0.46,80,0.346,1,0,1,0
Hyderabad,Telangana,Charminar,historic,food,30,1.64,75,0.36,1,0,1,0
Srinagar,Jammu and Kashmir,Pari Mahal,historic,adventure,60,4.77,75,0.394,1,0,1,0
Agra,Uttar Pradesh,Akbar's Tomb,historic,adventure,60,4.66,85,0.478,1,0,1,0
Varanasi,Uttar Pradesh,Sarnath,historic,nature,180,1.45,160,0.372,1,1,1,1
Chennai,Tamil Nadu,Fort St George,historic,nature,120,5.03,80,0.122,0,1,1,0
Mumbai,Maharashtra,Hanging Gardens,garden,nature,60,2.23,70,0.884,1,0,1,1
Pune,Maharashtra,Raja Dinkar Kelkar Museum,museum,adventure,480,15.88,85,0.31,1,1,1,1
Jaipur,Rajasthan,Jantar Mantar,museum,nature,120,7.92,90,0.324,1,1,1,1
Nashik,Maharashtra,Anjaneri Hills,nature,relax,60,3.43,200,0.442,1,0,1,0
Amritsar,Punjab,Partition Museum,museum,culture,60,4.29,110,0.863,1,0,1,1
Varanasi,Uttar Pradesh,Assi Ghat,religious,explore,480,32.78,80,0.87,1,1,1,1
Kolkata,West Bengal,Howrah Bridge,monument,adventure,180,9.97,45,0.497,1,1,1,1
Hampi,Karnataka,Virupaksha Temple,religious,explore,120,2.56,75,0.741,1,1,1,1
Hampi,Karnataka,Virupaksha Temple,religious,food,180,5.27,85,0.314,1,1,1,1
Hampi,Karnataka,Vittala Temple,historic,culture,60,4.26,100,0.934,1,0,1,1
Mumbai,Maharashtra,Gateway of India,historic,culture,180,5.23,75,0.817,1,1,1,1
Ahmedabad,Gujarat,Lothal,historic,adventure,60,4.93,165,0.45,1,0,1,0
Srinagar,Jammu and Kashmir,Shankaracharya Temple,religious,adventure,480,24.66,120,0.738,1,1,1,1
Amritsar,Punjab,Partition Museum,museum,food,120,7.94,135,0.162,1,0,1,0
Jaipur,Rajasthan,Jantar Mantar,museum,adventure,480,3.47,95,0.482,1,1,1,1
Srinagar,Jammu and Kashmir,Shankaracharya Temple,religious,relax,480,30.29,110,0.19,1,1,1,1
Ahmedabad,Gujarat,Kankaria Lake,nature,relax,30,1.74,80,0.805,1,0,1,1
Kolkata,West Bengal,Howrah Bridge,monument,explore,480,14.37,45,0.866,1,1,1,1
Kolkata,West Bengal,Maidan,park,explore,120,1.56,85,0.459,1,1,1,1
Srinagar,Jammu and Kashmir,Pari Mahal,historic,adventure,300,0.82,85,0.202,1,1,1,0
Hyderabad,Telangana,Hussain Sagar Lake,nature,food,180,5.65,75,0.138,1,1,1,0
Amritsar,Punjab,Jallianwala Bagh,historic,culture,300,17.97,75,0.792,1,1,1,1
Nashik,Maharashtra,Saptashrungi Temple,religious,culture,120,0.62,155,0.793,1,0,1,1
Nagpur,Maharashtra,Seminary Hill,nature,culture,480,12.3,60,0.232,1,1,1,0
Darjeeling,West Bengal,Padmaja Naidu Himalayan Zoological Park,nature,explore,30,2.32,130,0.98,1,0,1,1
Pune,Maharashtra,Sarasbaug,park,adventure,300,18.6,60,0.339,1,1,1,1
Jaipur,Rajasthan,City Palace,historic,explore,60,1.89,135,0.785,1,0,1,1
Agra,Uttar Pradesh,Mehtab Bagh,garden,nature,120,2.94,65,0.788,1,1,1,1
Nashik,Maharashtra,Anjaneri Hills,nature,food,480,9.77,180,0.063,1,1,1,0
Mumbai,Maharashtra,Chhatrapati Shivaji Maharaj Terminus,historic,relax,30,2.82,50,0.153,0,0,1,0
Hyderabad,Telangana,Qutb Shahi Tombs,historic,explore,60,1.37,90,0.476,1,0,1,0
Gangtok,Sikkim,Tashi View Point,viewpoint,explore,30,2.46,70,0.775,1,0,1,0
Amritsar,Punjab,Partition Museum,museum,nature,30,1.52,105,0.468,1,0,1,0
Delhi,Delhi,Humayun's Tomb,historic,food,180,1.8,100,0.146,1,1,1,1
Nashik,Maharashtra,Anjaneri Hills,nature,nature,120,5.52,165,0.791,1,0,1,1
Varanasi,Uttar Pradesh,Dashashwamedh Ghat,religious,adventure,30,1.09,95,0.168,1,0,1,0
Hyderabad,Telangana,Qutb Shahi Tombs,historic,food,180,9.9,80,0.271,1,1,1,1
Nashik,Maharashtra,Saptashrungi Temple,religious,explore,60,1.02,125,0.146,1,0,1,0
Bengaluru,Karnataka,Bangalore Palace,historic,food,180,9.42,95,0.322,1,1,1,1
Hyderabad,Telangana,Salar Jung Museum,museum,nature,300,4.35,125,0.35,1,1,1,1
Gangtok,Sikkim,Tashi View Point,viewpoint,food,30,1.0,65,0.102,1,0,1,0
Kolkata,West Bengal,Victoria Memorial,historic,explore,120,1.34,135,0.881,1,0,1,1
Ahmedabad,Gujarat,Sidi Saiyyed Mosque,religious,nature,120,5.11,55,0.293,1,1,1,1
Delhi,Delhi,Humayun's Tomb,historic,adventure,120,4.97,90,0.514,1,1,1,1
Goa,Goa,Baga Beach,beach,nature,300,2.29,100,0.492,1,1,1,1
Hampi,Karnataka,Hampi Bazaar,historic,food,300,16.92,85,0.376,1,1,1,1
Hyderabad,Telangana,Hussain Sagar Lake,nature,nature,300,4.32,75,0.941,1,1,1,1
Agra,Uttar Pradesh,Mehtab Bagh,garden,adventure,480,31.53,60,0.203,1,1,1,1
Darjeeling,West Bengal,Happy Valley Tea Estate,nature,adventure,180,9.62,100,0.315,1,1,1,1
Chennai,Tamil Nadu,Kapaleeshwarar Temple,religious,adventure,120,1.9,70,0.451,1,1,1,1
Lucknow,Uttar Pradesh,Janeshwar Mishra Park,park,explore,60,3.69,75,0.293,1,0,1,0
Hampi,Karnataka,Vittala Temple,historic,adventure,300,9.5,105,0.453,1,1,1,1
Goa,Goa,Dudhsagar Falls,nature,nature,300,8.9,235,0.923,1,1,1,1
Nashik,Maharashtra,Trimbakeshwar Temple,religious,nature,120,4.07,140,0.139,0,0,1,0
Nashik,Maharashtra,Panchvati,historic,relax,300,19.02,70,0.412,0,1,1,0
Jaipur,Rajasthan,City Palace,historic,culture,120,3.01,135,0.855,1,0,1,1
Nashik,Maharashtra,Nandur Madhameshwar Bird Sanctuary,nature,explore,60,4.07,215,0.746,1,0,1,1
Hyderabad,Telangana,Golconda Fort,fort,adventure,120,6.13,180,0.914,1,0,1,1
Nagpur,Maharashtra,Ambazari Lake,nature,relax,60,0.73,75,0.808,1,0,1,1
Varanasi,Uttar Pradesh,Dashashwamedh Ghat,religious,food,300,17.52,80,0.297,1,1,1,1
Darjeeling,West Bengal,Happy Valley Tea Estate,nature,explore,120,7.68,100,0.865,1,1,1,1
Lucknow,Uttar Pradesh,Janeshwar Mishra Park,park,adventure,480,7.9,110,0.428,1,1,1,1
Srinagar,Jammu and Kashmir,Mughal Gardens,garden,culture,180,10.04,75,0.236,1,1,1,1
Lucknow,Uttar Pradesh,Bara Imambara,historic,nature,30,2.07,140,0.111,1,0,1,0
Hyderabad,Telangana,Qutb Shahi Tombs,historic,relax,180,2.62,95,0.725,1,1,1,1
Agra,Uttar Pradesh,Akbar's Tomb,historic,explore,180,4.19,75,0.73,1,1,1,1
Hyderabad,Telangana,Qutb Shahi Tombs,historic,adventure,180,6.95,85,0.149,1,1,1,1
Nagpur,Maharashtra,Ambazari Lake,nature,explore,30,0.66,65,0.24,0,0,1,0
Nashik,Maharashtra,Anjaneri Hills,nature,culture,30,0.89,150,0.372,1,0,1,0
Nagpur,Maharashtra,Ambazari Lake,nature,adventure,30,2.78,75,0.529,1,0,1,1
Jaipur,Rajasthan,Jantar Mantar,museum,adventure,60,2.98,90,0.536,1,0,1,0
Bengaluru,Karnataka,Bangalore Palace,historic,adventure,120,7.92,75,0.244,1,1,1,1
Nashik,Maharashtra,Pandavleni Caves,historic,explore,120,1.14,140,0.909,0,0,1,0
Gangtok,Sikkim,Banjhakri Falls,nature,adventure,30,2.61,125,0.757,1,0,1,1
Gangtok,Sikkim,Tsomgo Lake,lake,nature,60,2.45,200,0.793,1,0,1,1
Ahmedabad,Gujarat,Kankaria Lake,nature,explore,120,6.88,100,0.883,1,1,1,1
Agra,Uttar Pradesh,Akbar's Tomb,historic,culture,300,9.98,85,0.904,1,1,1,1
Goa,Goa,Palolem Beach,beach,relax,120,1.9,170,0.781,1,0,1,1
Srinagar,Jammu and Kashmir,Pari Mahal,historic,culture,120,5.35,75,0.94,1,1,1,1
Goa,Goa,Basilica of Bom Jesus,religious,culture,120,3.49,90,0.94,1,1,1,1
Nagpur,Maharashtra,Ramtek Fort Temple,fort,adventure,300,0.64,100,0.864,1,1,1,1
Jaipur,Rajasthan,Jantar Mantar,museum,relax,60,3.02,105,0.394,1,0,1,0
Jaipur,Rajasthan,Jal Mahal,viewpoint,relax,120,6.69,40,0.893,1,1,1,1
Lucknow,Uttar Pradesh,Chota Imambara,historic,relax,30,1.76,80,0.347,1,0,1,0
Nashik,Maharashtra,Panchvati,historic,adventure,120,2.27,75,0.463,1,1,1,1
Goa,Goa,Basilica of Bom Jesus,religious,nature,30,2.61,70,0.206,1,0,1,0
Mumbai,Maharashtra,Gateway of India,historic,explore,60,4.39,95,0.827,1,0,1,1
Goa,Goa,Dudhsagar Falls,nature,adventure,480,13.51,215,0.825,1,1,1,1
Nagpur,Maharashtra,Ramtek Fort Temple,fort,food,30,2.01,140,0.326,1,0,1,0
Bengaluru,Karnataka,Lalbagh Botanical Garden,garden,culture,30,1.13,100,0.395,1,0,1,0
Delhi,Delhi,Lotus Temple,religious,adventure,300,9.33,90,0.353,1,1,1,0
Nagpur,Maharashtra,Seminary Hill,nature,food,480,21.25,65,0.178,1,1,1,1
Hyderabad,Telangana,Hussain Sagar Lake,nature,food,120,2.26,85,0.063,1,1,1,1
Kolkata,West Bengal,Indian Museum,museum,explore,300,6.58,115,0.778,0,1,1,1
Udaipur,Rajasthan,Jagdish Temple,religious,food,180,2.18,55,0.335,1,1,1,1
Chennai,Tamil Nadu,Government Museum Chennai,museum,nature,60,2.79,140,0.516,1,0,1,0
Kolkata,West Bengal,Indian Museum,museum,food,120,1.64,120,0.276,1,1,1,1
Amritsar,Punjab,Sri Harmandir Sahib (Golden Temple),religious,culture,120,1.53,95,0.908,1,1,1,1
Chennai,Tamil Nadu,Government Museum Chennai,museum,relax,120,3.5,140,0.177,0,0,1,0
Udaipur,Rajasthan,City Palace Udaipur,historic,nature,60,3.16,140,0.295,1,0,1,0
Bengaluru,Karnataka,Vidhana Soudha,monument,explore,180,9.66,55,0.867,0,1,1,1
Amritsar,Punjab,Wagah Border,monument,food,120,1.59,185,0.085,1,0,1,0
Darjeeling,West Bengal,Darjeeling Himalayan Railway,historic,nature,300,11.79,140,0.182,1,1,1,1
Goa,Goa,Dudhsagar Falls,nature,relax,300,13.52,215,0.152,1,1,1,0
Chennai,Tamil Nadu,Fort St George,historic,adventure,120,3.09,80,0.16,1,1,1,1
Hampi,Karnataka,Hampi Bazaar,historic,relax,180,9.82,65,0.429,1,1,1,1
Bengaluru,Karnataka,Lalbagh Botanical Garden,garden,relax,180,10.05,90,0.883,1,1,1,1
Lucknow,Uttar Pradesh,Residency Lucknow,historic,culture,180,10.07,80,0.751,1,1,1,1
Agra,Uttar Pradesh,Mehtab Bagh,garden,explore,480,20.03,85,0.263,1,1,1,1
Agra,Uttar Pradesh,Mehtab Bagh,garden,food,60,4.66,80,0.119,0,0,1,0
Jaipur,Rajasthan,Jal Mahal,viewpoint,nature,60,4.34,50,0.416,0,1,1,0
Hampi,Karnataka,Vittala Temple,historic,adventure,120,6.09,125,0.412,1,0,1,0
Agra,Uttar Pradesh,Akbar's Tomb,historic,food,480,7.24,80,0.224,1,1,1,1
Darjeeling,West Bengal,Darjeeling Himalayan Railway,historic,culture,480,2.91,150,0.788,1,1,1,1
Gangtok,Sikkim,Banjhakri Falls,nature,explore,480,0.45,100,0.174,1,1,1,0
Kolkata,West Bengal,Howrah Bridge,monument,nature,120,1.44,45,0.408,0,1,1,0
Pune,Maharashtra,Sinhagad Fort,fort,nature,180,7.72,170,0.892,1,1,1,1
Hyderabad,Telangana,Qutb Shahi Tombs,historic,explore,300,10.21,80,0.325,0,1,1,0
Jaipur,Rajasthan,Nahargarh Fort,fort,relax,300,10.59,100,0.491,1,1,1,1
Udaipur,Rajasthan,City Palace Udaipur,historic,culture,300,12.15,170,0.913,1,1,1,1
Delhi,Delhi,Qutub Minar,historic,culture,300,10.21,120,0.864,1,1,1,1
Varanasi,Uttar Pradesh,Assi Ghat,religious,culture,300,19.79,65,0.88,0,1,1,1
Darjeeling,West Bengal,Happy Valley Tea Estate,nature,explore,30,2.84,80,0.738,1,0,1,1
Chennai,Tamil Nadu,Marina Beach,beach,explore,30,1.14,85,0.979,1,0,1,1
Hyderabad,Telangana,Hussain Sagar Lake,nature,explore,300,8.36,75,0.727,1,1,1,1
Varanasi,Uttar Pradesh,Assi Ghat,religious,adventure,60,0.61,85,0.135,1,0,1,0
Kolkata,West Bengal,St. Paul's Cathedral,religious,explore,480,27.27,50,0.197,1,1,1,1
Agra,Uttar Pradesh,Mehtab Bagh,garden,nature,30,2.35,85,0.811,1,0,1,1
Jaipur,Rajasthan,Nahargarh Fort,fort,adventure,120,1.27,100,0.925,1,1,1,1
Lucknow,Uttar Pradesh,Janeshwar Mishra Park,park,culture,300,1.3,80,0.226,1,1,1,1
Pune,Maharashtra,Raja Dinkar Kelkar Museum,museum,adventure,60,4.87,105,0.515,1,0,1,0
Agra,Uttar Pradesh,Mehtab Bagh,garden,relax,30,2.84,90,0.831,1,0,1,0
Darjeeling,West Bengal,Happy Valley Tea Estate,nature,culture,120,2.43,75,0.259,1,1,1,1
Nashik,Maharashtra,Anjaneri Hills,nature,food,60,2.78,150,0.107,1,0,1,0
Bengaluru,Karnataka,Vidhana Soudha,monument,relax,300,2.97,50,0.422,0,1,1,0
Hyderabad,Telangana,Salar Jung Museum,museum,adventure,120,5.53,130,0.336,1,0,1,0
Nagpur,Maharashtra,Ambazari Lake,nature,culture,180,7.19,80,0.242,1,1,1,0
Darjeeling,West Bengal,Darjeeling Himalayan Railway,historic,food,180,4.44,155,0.098,1,1,1,0
Kolkata,West Bengal,Victoria Memorial,historic,food,300,18.26,120,0.209,1,1,1,1
Srinagar,Jammu and Kashmir,Dal Lake,lake,explore,30,2.55,95,0.734,1,0,1,1
Goa,Goa,Dudhsagar Falls,nature,culture,300,5.4,200,0.329,1,1,1,1
Jaipur,Rajasthan,Amber Fort,fort,adventure,180,9.88,175,0.732,1,1,1,1
Ahmedabad,Gujarat,Adalaj Stepwell,historic,culture,300,2.68,80,0.902,1,1,1,1
Kolkata,West Bengal,Indian Museum,museum,nature,30,1.22,100,0.334,1,0,1,0
Goa,Goa,Baga Beach,beach,culture,120,0.8,110,0.107,1,1,1,0
Varanasi,Uttar Pradesh,Assi Ghat,religious,relax,180,9.31,65,0.966,1,1,1,1
Mysuru,Karnataka,Brindavan Gardens,garden,nature,180,9.15,80,0.945,1,1,1,1
Kolkata,West Bengal,Victoria Memorial,historic,nature,480,18.63,125,0.423,1,1,1,1
Kolkata,West Bengal,Maidan,park,explore,300,19.11,85,0.205,1,1,1,1
Agra,Uttar Pradesh,Agra Fort,fort,adventure,60,3.83,120,0.378,1,0,1,0
Nagpur,Maharashtra,Khindsi Lake,nature,food,30,2.89,105,0.3,0,0,1,0
Darjeeling,West Bengal,Tiger Hill,viewpoint,food,180,2.78,100,0.32,0,1,1,0
Mumbai,Maharashtra,Hanging Gardens,garden,food,120,7.96,65,0.335,1,1,1,1
Nagpur,Maharashtra,Khindsi Lake,nature,food,120,1.39,95,0.146,1,1,1,0
Pune,Maharashtra,Sinhagad Fort,fort,food,480,6.93,160,0.194,1,1,1,0
Goa,Goa,Fort Aguada,fort,relax,120,5.04,145,0.133,1,0,1,0
Nagpur,Maharashtra,Seminary Hill,nature,food,30,1.66,65,0.152,1,0,1,0
Chennai,Tamil Nadu,Government Museum Chennai,museum,adventure,60,1.16,110,0.545,1,0,1,0
Kolkata,West Bengal,Maidan,park,explore,480,1.33,60,0.177,1,1,1,0
Darjeeling,West Bengal,Padmaja Naidu Himalayan Zoological Park,nature,adventure,60,3.55,165,0.511,1,0,1,0
Goa,Goa,Dudhsagar Falls,nature,relax,180,8.2,255,0.437,1,0,1,0
Srinagar,Jammu and Kashmir,Shankaracharya Temple,religious,food,300,3.32,140,0.289,0,1,1,0
Bengaluru,Karnataka,Bannerghatta Biological Park,nature,explore,60,1.4,145,0.834,1,0,1,1
Nashik,Maharashtra,Anjaneri Hills,nature,nature,30,2.08,155,0.964,1,0,1,1
Pune,Maharashtra,Sarasbaug,park,nature,300,12.79,70,0.975,0,1,1,1
Hyderabad,Telangana,Hussain Sagar Lake,nature,relax,300,12.07,80,0.764,1,1,1,1
Hyderabad,Telangana,Salar Jung Museum,museum,culture,300,10.38,100,0.932,1,1,1,1
Bengaluru,Karnataka,Bannerghatta Biological Park,nature,relax,60,4.45,195,0.177,1,0,1,0
Darjeeling,West Bengal,Darjeeling Himalayan Railway,historic,adventure,180,4.43,155,0.22,1,1,1,1
Kolkata,West Bengal,St. Paul's Cathedral,religious,adventure,30,1.6,65,0.376,0,0,1,0
Nashik,Maharashtra,Pandavleni Caves,historic,adventure,480,28.75,120,0.729,1,1,1,1
Kolkata,West Bengal,Victoria Memorial,historic,nature,300,19.3,115,0.378,1,1,1,1
Pune,Maharashtra,Raja Dinkar Kelkar Museum,museum,culture,30,2.25,90,0.849,0,0,1,1
Ahmedabad,Gujarat,Lothal,historic,relax,120,4.78,125,0.417,1,0,1,0
Udaipur,Rajasthan,Lake Pichola,lake,explore,180,6.39,105,0.98,1,1,1,1
Nagpur,Maharashtra,Khindsi Lake,nature,adventure,120,4.85,90,0.116,1,1,1,1
Agra,Uttar Pradesh,Taj Mahal,historic,adventure,180,5.32,140,0.498,1,1,1,1
Kolkata,West Bengal,Indian Museum,museum,food,60,3.78,100,0.284,1,0,1,0
Gangtok,Sikkim,Tsomgo Lake,lake,relax,180,11.65,210,0.379,1,0,1,0
Pune,Maharashtra,Sinhagad Fort,fort,explore,180,5.95,155,0.223,1,1,1,1
Srinagar,Jammu and Kashmir,Dal Lake,lake,relax,180,11.92,115,0.853,1,1,1,1
Gangtok,Sikkim,Banjhakri Falls,nature,explore,120,6.94,110,0.19,1,1,1,1
Nagpur,Maharashtra,Ambazari Lake,nature,explore,300,17.71,70,0.334,1,1,1,1
Jaipur,Rajasthan,Amber Fort,fort,adventure,60,3.98,170,0.796,1,0,1,1
Jaipur,Rajasthan,Jantar Mantar,museum,culture,120,2.26,105,0.756,0,1,1,1
Ahmedabad,Gujarat,Sabarmati Ashram,historic,nature,30,0.83,80,0.444,1,0,1,0
Kolkata,West Bengal,Indian Museum,museum,adventure,60,0.73,130,0.462,1,0,1,0
Udaipur,Rajasthan,Lake Pichola,lake,culture,30,0.98,95,0.134,0,0,1,0
Darjeeling,West Bengal,Tiger Hill,viewpoint,nature,480,34.81,105,0.901,1,1,1,1
Darjeeling,West Bengal,Padmaja Naidu Himalayan Zoological Park,nature,explore,480,17.71,145,0.898,1,1,1,1
Mumbai,Maharashtra,Chhatrapati Shivaji Maharaj Terminus,historic,explore,30,0.41,50,0.878,1,0,1,1
Amritsar,Punjab,Wagah Border,monument,culture,120,7.8,145,0.805,1,0,1,0
Delhi,Delhi,Qutub Minar,historic,relax,480,12.28,105,0.509,1,1,1,1
Delhi,Delhi,Qutub Minar,historic,adventure,60,3.54,130,0.249,1,0,1,0
Nagpur,Maharashtra,Ramtek Fort Temple,fort,explore,60,2.96,110,0.539,0,0,1,0
Chennai,Tamil Nadu,Guindy National Park,nature,relax,180,9.27,115,0.757,1,1,1,1
Amritsar,Punjab,Jallianwala Bagh,historic,food,180,8.58,80,0.347,1,1,1,1
Mysuru,Karnataka,Brindavan Gardens,garden,explore,60,1.87,100,0.13,1,0,1,0
Hyderabad,Telangana,Hussain Sagar Lake,nature,relax,60,3.58,70,0.768,1,0,1,1
Kolkata,West Bengal,Howrah Bridge,monument,nature,300,7.32,40,0.157,1,1,1,1
Lucknow,Uttar Pradesh,Residency Lucknow,historic,nature,300,13.91,70,0.342,1,1,1,1
Pune,Maharashtra,Sinhagad Fort,fort,relax,120,1.79,165,0.394,1,0,1,0
Hyderabad,Telangana,Charminar,historic,relax,60,4.82,70,0.322,0,0,1,0
Ahmedabad,Gujarat,Sidi Saiyyed Mosque,religious,relax,300,5.67,65,0.411,1,1,1,1
Mysuru,Karnataka,Mysore Palace,historic,explore,300,13.17,120,0.782,1,1,1,1
Srinagar,Jammu and Kashmir,Shankaracharya Temple,religious,culture,30,1.86,110,0.768,1,0,1,1
Darjeeling,West Bengal,Darjeeling Himalayan Railway,historic,adventure,120,6.37,125,0.468,1,0,1,0
Nashik,Maharashtra,Nandur Madhameshwar Bird Sanctuary,nature,adventure,300,12.51,145,0.183,1,1,1,1
Goa,Goa,Fort Aguada,fort,nature,300,2.96,135,0.473,1,1,1,1
Delhi,Delhi,Red Fort,historic,explore,300,4.67,100,0.973,1,1,1,1
Chennai,Tamil Nadu,Fort St George,historic,adventure,480,17.67,75,0.237,1,1,1,0
Gangtok,Sikkim,Rumtek Monastery,religious,adventure,480,15.49,115,0.321,1,1,1,1
Jaipur,Rajasthan,City Palace,historic,culture,60,3.5,110,0.958,1,0,1,1
Jaipur,Rajasthan,City Palace,historic,nature,120,4.34,100,0.385,0,1,1,0
Hampi,Karnataka,Hampi Bazaar,historic,culture,180,9.73,85,0.746,1,1,1,1
Goa,Goa,Palolem Beach,beach,culture,180,8.1,130,0.452,1,1,1,1
Bengaluru,Karnataka,Cubbon Park,park,relax,300,8.1,90,0.899,1,1,1,1
Ahmedabad,Gujarat,Kankaria Lake,nature,nature,480,13.89,70,0.765,1,1,1,1
Nagpur,Maharashtra,Satpuda Botanical Garden,garden,adventure,480,18.35,60,0.459,1,1,1,1
Darjeeling,West Bengal,Tiger Hill,viewpoint,adventure,300,12.75,125,0.759,1,1,1,1
Ahmedabad,Gujarat,Adalaj Stepwell,historic,nature,480,9.23,65,0.509,1,1,1,1
Hampi,Karnataka,Vittala Temple,historic,food,480,6.52,110,0.085,1,1,1,0
Mysuru,Karnataka,Mysuru Zoo,nature,explore,60,3.33,180,0.755,1,0,1,1
Srinagar,Jammu and Kashmir,Dal Lake,lake,culture,300,15.29,100,0.416,1,1,1,1
Agra,Uttar Pradesh,Taj Mahal,historic,nature,30,0.82,145,0.484,1,0,1,0
Delhi,Delhi,Humayun's Tomb,historic,adventure,300,12.0,75,0.103,1,1,1,1
Srinagar,Jammu and Kashmir,Dal Lake,lake,food,480,26.04,100,0.266,1,1,1,0
Gangtok,Sikkim,Tsomgo Lake,lake,adventure,480,12.81,205,0.884,1,1,1,1
Varanasi,Uttar Pradesh,Kashi Vishwanath Temple,religious,adventure,480,33.27,75,0.262,0,1,1,0
Varanasi,Uttar Pradesh,Kashi Vishwanath Temple,religious,relax,60,3.38,100,0.755,0,0,1,0
Mumbai,Maharashtra,Marine Drive,viewpoint,culture,30,0.8,65,0.301,1,0,1,0
Bengaluru,Karnataka,Cubbon Park,park,explore,480,31.32,65,0.516,1,1,1,1
Bengaluru,Karnataka,Lalbagh Botanical Garden,garden,nature,480,13.75,105,0.872,1,1,1,1
Nashik,Maharashtra,Pandavleni Caves,historic,adventure,60,2.12,140,0.851,1,0,1,1
Jaipur,Rajasthan,Hawa Mahal,historic,nature,180,9.67,50,0.436,1,1,1,1
Agra,Uttar Pradesh,Itmad-ud-Daulah's Tomb,historic,relax,30,1.38,85,0.424,1,0,1,0
Udaipur,Rajasthan,Jagdish Temple,religious,adventure,480,31.9,50,0.182,1,1,1,1
Goa,Goa,Fort Aguada,fort,nature,120,6.34,130,0.547,1,0,1,0
Udaipur,Rajasthan,City Palace Udaipur,historic,explore,60,3.34,140,0.961,1,0,1,1
Ahmedabad,Gujarat,Sabarmati Ashram,historic,explore,480,31.28,80,0.244,1,1,1,1
Kolkata,West Bengal,St. Paul's Cathedral,religious,food,30,1.34,65,0.253,1,0,1,0
Kolkata,West Bengal,Victoria Memorial,historic,adventure,120,6.69,115,0.444,1,1,1,1
Nashik,Maharashtra,Nandur Madhameshwar Bird Sanctuary,nature,nature,120,3.99,165,0.742,1,0,1,1
Udaipur,Rajasthan,City Palace Udaipur,historic,adventure,30,1.55,125,0.156,1,0,1,0
Nagpur,Maharashtra,Seminary Hill,nature,relax,180,0.41,50,0.978,1,1,1,1
Ahmedabad,Gujarat,Sabarmati Ashram,historic,culture,60,4.1,85,0.871,1,0,1,1
Udaipur,Rajasthan,Saheliyon-ki-Bari,garden,food,180,5.32,75,0.356,1,1,1,1
Hyderabad,Telangana,Golconda Fort,fort,explore,30,1.63,145,0.94,1,0,1,1
Varanasi,Uttar Pradesh,Assi Ghat,religious,adventure,30,0.67,70,0.129,1,0,1,0
Goa,Goa,Basilica of Bom Jesus,religious,culture,180,9.59,85,0.847,1,1,1,1
Chennai,Tamil Nadu,Guindy National Park,nature,adventure,60,2.19,125,0.798,1,0,1,1
Delhi,Delhi,Lodhi Garden,garden,relax,60,2.73,90,0.778,1,0,1,1
Srinagar,Jammu and Kashmir,Pari Mahal,historic,relax,30,1.6,75,0.731,1,0,1,1
Kolkata,West Bengal,Indian Museum,museum,adventure,180,3.04,95,0.379,1,1,1,1
Pune,Maharashtra,Pune Okayama Friendship Garden,garden,relax,30,2.33,65,0.936,1,0,1,1
Darjeeling,West Bengal,Padmaja Naidu Himalayan Zoological Park,nature,adventure,120,4.99,125,0.143,0,0,1,0
Hampi,Karnataka,Virupaksha Temple,religious,relax,480,8.7,105,0.534,1,1,1,1
Ahmedabad,Gujarat,Sidi Saiyyed Mosque,religious,explore,30,0.43,50,0.769,0,0,1,0
Bengaluru,Karnataka,Lalbagh Botanical Garden,garden,culture,180,9.49,85,0.459,1,1,1,1
Agra,Uttar Pradesh,Taj Mahal,historic,explore,120,8.0,140,0.784,1,0,1,1
Chennai,Tamil Nadu,Marina Beach,beach,nature,60,1.82,80,0.817,1,0,1,0
Hyderabad,Telangana,Golconda Fort,fort,culture,120,7.79,150,0.958,1,0,1,1
Nagpur,Maharashtra,Satpuda Botanical Garden,garden,nature,120,1.87,55,0.955,1,1,1,1
Gangtok,Sikkim,Rumtek Monastery,religious,culture,120,4.32,110,0.896,1,1,1,1
Pune,Maharashtra,Raja Dinkar Kelkar Museum,museum,culture,120,6.1,80,0.945,1,1,1,1
Delhi,Delhi,Humayun's Tomb,historic,explore,120,3.14,100,0.171,1,1,1,0
Mysuru,Karnataka,Chamundi Hill,nature,explore,480,8.12,115,0.395,1,1,1,1
Nagpur,Maharashtra,Deekshabhoomi,monument,culture,480,6.19,70,0.786,1,1,1,1
Amritsar,Punjab,Wagah Border,monument,food,480,33.52,190,0.269,1,1,1,0
Bengaluru,Karnataka,Lalbagh Botanical Garden,garden,explore,180,9.97,80,0.421,1,1,1,1
Ahmedabad,Gujarat,Sabarmati Ashram,historic,explore,300,3.85,75,0.157,1,1,1,0
Hyderabad,Telangana,Salar Jung Museum,museum,nature,120,1.95,105,0.364,1,1,1,1
Mumbai,Maharashtra,Hanging Gardens,garden,relax,480,29.62,60,0.92,1,1,1,1
Agra,Uttar Pradesh,Itmad-ud-Daulah's Tomb,historic,food,180,11.87,70,0.128,1,1,1,0
Bengaluru,Karnataka,Bannerghatta Biological Park,nature,adventure,480,13.96,195,0.932,1,1,1,1
Jaipur,Rajasthan,Jantar Mantar,museum,explore,480,6.18,75,0.964,1,1,1,1
Jaipur,Rajasthan,Hawa Mahal,historic,adventure,120,6.39,70,0.406,0,1,1,0
Kolkata,West Bengal,St. Paul's Cathedral,religious,explore,300,9.34,65,0.299,1,1,1,1
Jaipur,Rajasthan,Jal Mahal,viewpoint,adventure,300,2.98,50,0.1,0,1,1,0
Jaipur,Rajasthan,Jal Mahal,viewpoint,nature,300,16.84,50,0.168,0,1,1,0
Mumbai,Maharashtra,Chhatrapati Shivaji Maharaj Terminus,historic,explore,60,4.31,50,0.928,1,1,1,1
Varanasi,Uttar Pradesh,Dashashwamedh Ghat,religious,nature,30,2.87,95,0.268,0,0,1,0
Goa,Goa,Palolem Beach,beach,food,120,0.57,125,0.328,1,0,1,0
Agra,Uttar Pradesh,Mehtab Bagh,garden,explore,60,4.5,80,0.535,0,0,1,0
Gangtok,Sikkim,Tashi View Point,viewpoint,relax,480,5.28,50,0.901,1,1,1,1
Nagpur,Maharashtra,Ambazari Lake,nature,culture,120,4.05,80,0.4,1,1,1,1
Delhi,Delhi,Lodhi Garden,garden,nature,30,2.55,85,0.866,1,0,1,1
Mumbai,Maharashtra,Hanging Gardens,garden,culture,120,5.55,50,0.281,1,1,1,1
Agra,Uttar Pradesh,Agra Fort,fort,food,120,4.42,115,0.231,0,1,1,0
Mysuru,Karnataka,Brindavan Gardens,garden,nature,120,7.72,100,0.797,1,1,1,1
Hyderabad,Telangana,Salar Jung Museum,museum,adventure,60,4.79,115,0.336,1,0,1,0
Delhi,Delhi,India Gate,monument,adventure,180,9.57,55,0.489,1,1,1,1
Amritsar,Punjab,Partition Museum,museum,culture,180,5.39,100,0.799,1,1,1,1
Agra,Uttar Pradesh,Agra Fort,fort,adventure,180,10.79,130,0.546,1,1,1,1
Pune,Maharashtra,Sinhagad Fort,fort,culture,60,3.86,165,0.791,1,0,1,1
Hampi,Karnataka,Virupaksha Temple,religious,explore,180,10.36,85,0.756,1,1,1,1
Pune,Maharashtra,Pune Okayama Friendship Garden,garden,culture,480,25.01,60,0.298,1,1,1,0
Mumbai,Maharashtra,Juhu Beach,beach,nature,30,2.25,75,0.732,1,0,1,1
Agra,Uttar Pradesh,Taj Mahal,historic,culture,180,8.52,160,0.736,1,1,1,1
Agra,Uttar Pradesh,Akbar's Tomb,historic,nature,480,22.65,90,0.397,1,1,1,1
Kolkata,West Bengal,Maidan,park,relax,300,13.98,85,0.761,0,1,1,1
Ahmedabad,Gujarat,Lothal,historic,culture,180,4.95,165,0.957,1,1,1,1
Pune,Maharashtra,Sarasbaug,park,food,30,2.5,55,0.375,0,0,1,0
Nashik,Maharashtra,Pandavleni Caves,historic,adventure,120,2.97,135,0.82,1,0,1,1
Jaipur,Rajasthan,Jal Mahal,viewpoint,culture,60,0.63,35,0.182,1,1,1,1
Amritsar,Punjab,Jallianwala Bagh,historic,adventure,300,10.37,60,0.521,1,1,1,1
Ahmedabad,Gujarat,Adalaj Stepwell,historic,relax,300,15.58,65,0.523,1,1,1,1
Jaipur,Rajasthan,Jal Mahal,viewpoint,culture,120,5.16,40,0.131,1,1,1,1
Udaipur,Rajasthan,Saheliyon-ki-Bari,garden,nature,120,0.6,70,0.81,1,1,1,1
Mysuru,Karnataka,Mysuru Zoo,nature,nature,60,1.68,160,0.898,0,0,1,0
Gangtok,Sikkim,Banjhakri Falls,nature,food,60,2.31,110,0.283,1,0,1,0
Hyderabad,Telangana,Golconda Fort,fort,food,30,0.48,170,0.269,1,0,1,0
Jaipur,Rajasthan,Jantar Mantar,museum,explore,180,4.48,75,0.829,1,1,1,1
Srinagar,Jammu and Kashmir,Pari Mahal,historic,nature,120,1.5,65,0.216,1,1,1,1
Chennai,Tamil Nadu,Government Museum Chennai,museum,nature,180,6.85,120,0.516,1,1,1,1
Pune,Maharashtra,Shaniwar Wada,historic,culture,480,10.84,85,0.732,1,1,1,1
Nashik,Maharashtra,Pandavleni Caves,historic,culture,180,3.57,120,0.947,1,1,1,1
Chennai,Tamil Nadu,Marina Beach,beach,explore,180,10.8,95,0.856,1,1,1,1
Jaipur,Rajasthan,Jantar Mantar,museum,relax,480,7.27,100,0.424,1,1,1,1
Nagpur,Maharashtra,Seminary Hill,nature,nature,30,1.18,55,0.971,1,0,1,1
Hampi,Karnataka,Virupaksha Temple,religious,food,30,1.41,90,0.333,1,0,1,0
Lucknow,Uttar Pradesh,Chota Imambara,historic,adventure,120,0.67,95,0.452,1,1,1,1
Amritsar,Punjab,Sri Harmandir Sahib (Golden Temple),religious,culture,180,6.34,110,0.822,1,1,1,1
Hyderabad,Telangana,Qutb Shahi Tombs,historic,culture,300,10.27,70,0.953,1,1,1,1
Bengaluru,Karnataka,Bannerghatta Biological Park,nature,explore,300,6.86,215,0.843,1,1,1,1
Amritsar,Punjab,Wagah Border,monument,nature,180,6.71,200,0.477,1,0,1,1
Goa,Goa,Dudhsagar Falls,nature,food,30,2.05,195,0.229,0,0,1,0
Delhi,Delhi,Lotus Temple,religious,explore,120,3.49,70,0.139,1,1,1,0
Mumbai,Maharashtra,Hanging Gardens,garden,nature,300,19.64,65,0.844,1,1,1,1
Delhi,Delhi,Lodhi Garden,garden,explore,300,17.93,70,0.396,0,1,1,1
Udaipur,Rajasthan,Lake Pichola,lake,adventure,180,7.49,90,0.542,1,1,1,1
Pune,Maharashtra,Shaniwar Wada,historic,adventure,480,19.2,85,0.537,1,1,1,0
Kolkata,West Bengal,Howrah Bridge,monument,adventure,60,0.65,45,0.118,1,1,1,0
Agra,Uttar Pradesh,Taj Mahal,historic,culture,120,0.5,175,0.887,1,0,1,1
Udaipur,Rajasthan,Jagdish Temple,religious,adventure,180,0.7,65,0.518,1,1,1,1
Delhi,Delhi,Qutub Minar,historic,food,120,2.21,115,0.272,1,1,1,0
Bengaluru,Karnataka,Lalbagh Botanical Garden,garden,nature,180,7.09,100,0.937,1,1,1,1
Lucknow,Uttar Pradesh,Residency Lucknow,historic,culture,30,2.25,80,0.846,1,0,1,1
Hyderabad,Telangana,Qutb Shahi Tombs,historic,nature,30,2.4,85,0.272,1,0,1,0
Kolkata,West Bengal,Indian Museum,museum,adventure,480,14.52,100,0.397,1,1,1,1
Nashik,Maharashtra,Anjaneri Hills,nature,nature,60,3.67,190,0.837,1,0,1,1
Bengaluru,Karnataka,Vidhana Soudha,monument,explore,120,1.17,40,0.893,1,1,1,1
Srinagar,Jammu and Kashmir,Dal Lake,lake,culture,180,3.42,135,0.29,1,1,1,1
Mumbai,Maharashtra,Juhu Beach,beach,nature,480,12.91,100,0.803,1,1,1,1
Lucknow,Uttar Pradesh,Residency Lucknow,historic,adventure,480,12.84,80,0.264,1,1,1,1
Bengaluru,Karnataka,Cubbon Park,park,food,480,30.4,65,0.295,1,1,1,1
Ahmedabad,Gujarat,Sabarmati Ashram,historic,adventure,480,28.65,100,0.4,1,1,1,1
Pune,Maharashtra,Sinhagad Fort,fort,explore,300,11.18,195,0.131,1,1,1,1
Ahmedabad,Gujarat,Lothal,historic,explore,180,5.78,160,0.958,1,1,1,1
Srinagar,Jammu and Kashmir,Pari Mahal,historic,adventure,30,2.39,75,0.169,1,0,1,0
Chennai,Tamil Nadu,Guindy National Park,nature,adventure,30,1.92,110,0.796,1,0,1,1
Lucknow,Uttar Pradesh,Janeshwar Mishra Park,park,food,60,4.35,100,0.278,1,0,1,0
Udaipur,Rajasthan,City Palace Udaipur,historic,explore,180,6.82,145,0.904,0,1,1,1
Agra,Uttar Pradesh,Taj Mahal,historic,nature,480,33.61,170,0.371,1,1,1,1
Udaipur,Rajasthan,Jagdish Temple,religious,adventure,300,16.58,70,0.255,1,1,1,1
Nashik,Maharashtra,Saptashrungi Temple,religious,food,480,5.47,180,0.266,1,1,1,1
Ahmedabad,Gujarat,Lothal,historic,culture,60,3.94,160,0.947,1,0,1,1
Gangtok,Sikkim,Tsomgo Lake,lake,explore,480,29.55,150,0.195,1,1,1,1
Gangtok,Sikkim,Banjhakri Falls,nature,nature,300,6.0,120,0.788,1,1,1,1
Bengaluru,Karnataka,Bangalore Palace,historic,explore,120,3.15,90,0.72,1,1,1,1
Ahmedabad,Gujarat,Sabarmati Ashram,historic,adventure,30,2.47,70,0.319,1,0,1,0
Agra,Uttar Pradesh,Taj Mahal,historic,relax,180,9.02,175,0.784,1,1,1,1
Mumbai,Maharashtra,Hanging Gardens,garden,adventure,30,1.17,60,0.162,1,0,1,0
Udaipur,Rajasthan,City Palace Udaipur,historic,nature,30,0.72,145,0.473,1,0,1,0
Mysuru,Karnataka,Mysuru Zoo,nature,food,120,2.18,165,0.282,1,0,1,0
Hyderabad,Telangana,Qutb Shahi Tombs,historic,nature,180,4.88,75,0.509,1,1,1,1
Nagpur,Maharashtra,Ramtek Fort Temple,fort,explore,180,8.0,135,0.473,1,1,1,1
Hyderabad,Telangana,Golconda Fort,fort,relax,60,4.98,120,0.476,1,0,1,0
Bengaluru,Karnataka,Cubbon Park,park,nature,120,6.49,80,0.941,0,1,1,1
Lucknow,Uttar Pradesh,Residency Lucknow,historic,relax,180,2.51,80,0.486,1,1,1,1
Pune,Maharashtra,Shaniwar Wada,historic,explore,480,16.44,80,0.762,1,1,1,1
Nashik,Maharashtra,Anjaneri Hills,nature,explore,480,5.33,195,0.37,1,1,1,1
Bengaluru,Karnataka,Vidhana Soudha,monument,relax,120,4.58,40,0.255,1,1,1,1
Delhi,Delhi,Lodhi Garden,garden,adventure,60,3.5,85,0.538,1,0,1,0
Kolkata,West Bengal,Indian Museum,museum,food,300,2.19,140,0.182,1,1,1,1
Pune,Maharashtra,Shaniwar Wada,historic,food,300,3.41,60,0.118,1,1,1,1
Agra,Uttar Pradesh,Taj Mahal,historic,food,30,2.18,130,0.202,1,0,1,0
Amritsar,Punjab,Wagah Border,monument,culture,30,1.23,205,0.892,1,0,1,1
Pune,Maharashtra,Sinhagad Fort,fort,explore,30,2.03,200,0.503,1,0,1,1
Mysuru,Karnataka,Brindavan Gardens,garden,adventure,480,6.0,95,0.502,1,1,1,1
Darjeeling,West Bengal,Tiger Hill,viewpoint,food,480,26.31,120,0.197,1,1,1,1
Agra,Uttar Pradesh,Akbar's Tomb,historic,nature,60,3.8,100,0.139,1,0,1,0
Agra,Uttar Pradesh,Akbar's Tomb,historic,food,120,7.69,95,0.256,1,1,1,1
Mysuru,Karnataka,Chamundi Hill,nature,relax,180,3.79,115,0.174,1,1,1,0
Ahmedabad,Gujarat,Adalaj Stepwell,historic,relax,120,4.12,65,0.439,1,1,1,1
Jaipur,Rajasthan,Amber Fort,fort,food,300,10.15,140,0.293,1,1,1,1
Mumbai,Maharashtra,Gateway of India,historic,adventure,480,22.98,100,0.34,1,1,1,1
Gangtok,Sikkim,Tsomgo Lake,lake,nature,30,1.06,205,0.765,1,0,1,1
Delhi,Delhi,India Gate,monument,adventure,120,2.21,70,0.537,1,1,1,1
Udaipur,Rajasthan,Jagdish Temple,religious,explore,30,2.07,65,0.146,1,0,1,0
Gangtok,Sikkim,Rumtek Monastery,religious,adventure,120,0.42,105,0.333,1,1,1,0
Bengaluru,Karnataka,Bannerghatta Biological Park,nature,relax,120,7.52,190,0.111,1,0,1,0
Ahmedabad,Gujarat,Kankaria Lake,nature,nature,60,0.77,90,0.978,1,0,1,1
Kolkata,West Bengal,Victoria Memorial,historic,adventure,60,3.2,130,0.352,1,0,1,0
Pune,Maharashtra,Aga Khan Palace,historic,explore,120,0.66,95,0.934,1,1,1,1
Nashik,Maharashtra,Pandavleni Caves,historic,food,480,29.09,125,0.267,1,1,1,1
Chennai,Tamil Nadu,Marina Beach,beach,culture,60,0.46,85,0.431,1,0,1,0
Goa,Goa,Dudhsagar Falls,nature,culture,480,16.19,225,0.319,1,1,1,0
Pune,Maharashtra,Pune Okayama Friendship Garden,garden,culture,120,7.27,75,0.168,1,1,1,0
Goa,Goa,Palolem Beach,beach,culture,480,29.82,140,0.146,1,1,1,0
Varanasi,Uttar Pradesh,Dashashwamedh Ghat,religious,explore,60,4.7,85,0.842,1,0,1,1
Kolkata,West Bengal,Indian Museum,museum,explore,480,8.72,110,0.767,1,1,1,1
Lucknow,Uttar Pradesh,Bara Imambara,historic,explore,180,2.49,105,0.964,1,1,1,1
Delhi,Delhi,Humayun's Tomb,historic,food,120,1.61,105,0.129,1,1,1,0
Nagpur,Maharashtra,Ramtek Fort Temple,fort,nature,120,5.07,130,0.438,1,0,1,0
Kolkata,West Bengal,Maidan,park,culture,180,11.97,80,0.155,1,1,1,0
Pune,Maharashtra,Pune Okayama Friendship Garden,garden,explore,120,3.5,80,0.25,1,1,1,1
Chennai,Tamil Nadu,Kapaleeshwarar Temple,religious,relax,60,2.11,85,0.821,1,0,1,1
Amritsar,Punjab,Sri Harmandir Sahib (Golden Temple),religious,relax,30,1.36,110,0.891,1,0,1,1
Amritsar,Punjab,Wagah Border,monument,adventure,60,3.8,160,0.419,0,0,1,0
Delhi,Delhi,Qutub Minar,historic,relax,180,3.5,125,0.132,1,1,1,0
Agra,Uttar Pradesh,Taj Mahal,historic,adventure,60,1.83,160,0.545,1,0,1,0
Lucknow,Uttar Pradesh,Janeshwar Mishra Park,park,nature,120,4.98,85,0.871,0,1,1,1
Goa,Goa,Dudhsagar Falls,nature,culture,60,0.46,265,0.179,1,0,1,0
Nagpur,Maharashtra,Deekshabhoomi,monument,food,60,4.05,60,0.297,0,1,1,0
Mumbai,Maharashtra,Chhatrapati Shivaji Maharaj Terminus,historic,adventure,180,6.35,65,0.499,1,1,1,1
Varanasi,Uttar Pradesh,Dashashwamedh Ghat,religious,food,60,1.57,80,0.272,0,0,1,0
Ahmedabad,Gujarat,Kankaria Lake,nature,relax,120,3.32,95,0.943,1,1,1,1
Delhi,Delhi,India Gate,monument,relax,120,5.66,70,0.802,1,1,1,1
Bengaluru,Karnataka,Vidhana Soudha,monument,food,120,1.54,40,0.259,1,1,1,1
Delhi,Delhi,Red Fort,historic,nature,300,1.95,120,0.134,1,1,1,1
Chennai,Tamil Nadu,Guindy National Park,nature,relax,30,1.78,135,0.947,1,0,1,1
Varanasi,Uttar Pradesh,Sarnath,historic,adventure,180,9.84,155,0.48,1,1,1,1
Nashik,Maharashtra,Panchvati,historic,adventure,60,0.89,65,0.478,1,0,1,0
Jaipur,Rajasthan,Nahargarh Fort,fort,relax,30,2.69,120,0.228,1,0,1,0
Hyderabad,Telangana,Qutb Shahi Tombs,historic,culture,180,9.08,100,0.73,1,1,1,1
Ahmedabad,Gujarat,Sabarmati Ashram,historic,culture,30,2.0,90,0.967,1,0,1,1
Nashik,Maharashtra,Anjaneri Hills,nature,adventure,30,0.64,155,0.962,1,0,1,1
Jaipur,Rajasthan,Nahargarh Fort,fort,nature,180,1.89,145,0.772,1,1,1,1
Mumbai,Maharashtra,Elephanta Caves,historic,relax,480,7.56,175,0.154,1,1,1,0
Ahmedabad,Gujarat,Kankaria Lake,nature,relax,180,1.06,85,0.921,1,1,1,1
Hyderabad,Telangana,Qutb Shahi Tombs,historic,culture,30,2.53,95,0.785,1,0,1,1
Kolkata,West Bengal,Victoria Memorial,historic,culture,480,12.09,110,0.759,1,1,1,1
Bengaluru,Karnataka,Bannerghatta Biological Park,nature,food,180,6.9,170,0.066,0,1,1,0
Delhi,Delhi,Red Fort,historic,food,60,3.9,130,0.399,1,0,1,0
Agra,Uttar Pradesh,Akbar's Tomb,historic,relax,60,3.16,90,0.331,1,0,1,0
Ahmedabad,Gujarat,Sabarmati Ashram,historic,nature,60,3.8,95,0.403,1,0,1,0
Gangtok,Sikkim,Rumtek Monastery,religious,nature,300,1.95,100,0.395,1,1,1,1
Chennai,Tamil Nadu,Government Museum Chennai,museum,relax,180,7.3,140,0.508,1,1,1,1
Varanasi,Uttar Pradesh,Dashashwamedh Ghat,religious,culture,480,2.36,85,0.943,1,1,1,1
Delhi,Delhi,India Gate,monument,relax,60,1.24,50,0.891,0,1,1,1
Darjeeling,West Bengal,Tiger Hill,viewpoint,explore,30,1.25,110,0.896,1,0,1,1
Jaipur,Rajasthan,Nahargarh Fort,fort,explore,60,1.36,125,0.775,0,0,1,0
Goa,Goa,Dudhsagar Falls,nature,explore,300,4.87,240,0.396,1,1,1,1
Kolkata,West Bengal,Howrah Bridge,monument,nature,180,4.1,40,0.531,1,1,1,1
Nashik,Maharashtra,Nandur Madhameshwar Bird Sanctuary,nature,food,60,0.85,190,0.324,1,0,1,0
Ahmedabad,Gujarat,Lothal,historic,food,180,2.97,175,0.164,1,1,1,0
Bengaluru,Karnataka,Bangalore Palace,historic,culture,120,5.94,95,0.738,0,1,1,1
Lucknow,Uttar Pradesh,Chota Imambara,historic,culture,120,1.88,80,0.771,1,1,1,1
Mumbai,Maharashtra,Juhu Beach,beach,nature,60,0.44,80,0.728,0,0,1,0
Lucknow,Uttar Pradesh,Janeshwar Mishra Park,park,nature,30,1.7,90,0.956,1,0,1,1
Srinagar,Jammu and Kashmir,Shankaracharya Temple,religious,adventure,60,4.33,105,0.831,1,0,1,1
Agra,Uttar Pradesh,Itmad-ud-Daulah's Tomb,historic,relax,60,3.66,80,0.198,1,0,1,0
Ahmedabad,Gujarat,Sidi Saiyyed Mosque,religious,nature,180,11.09,70,0.123,1,1,1,1
Nagpur,Maharashtra,Deekshabhoomi,monument,nature,480,27.76,70,0.245,1,1,1,1
Mysuru,Karnataka,Mysore Palace,historic,adventure,180,1.77,110,0.434,1,1,1,1
Goa,Goa,Fort Aguada,fort,explore,180,1.01,100,0.747,1,1,1,1
Darjeeling,West Bengal,Happy Valley Tea Estate,nature,relax,480,12.0,80,0.979,1,1,1,1
Mumbai,Maharashtra,Marine Drive,viewpoint,culture,480,30.04,65,0.424,1,1,1,1
Srinagar,Jammu and Kashmir,Shankaracharya Temple,religious,culture,300,13.44,115,0.886,1,1,1,1
Mumbai,Maharashtra,Juhu Beach,beach,explore,120,6.01,85,0.951,1,1,1,1
Bengaluru,Karnataka,Vidhana Soudha,monument,culture,120,6.9,40,0.914,1,1,1,1
Nagpur,Maharashtra,Ramtek Fort Temple,fort,food,180,1.58,140,0.074,1,1,1,1
Hyderabad,Telangana,Charminar,historic,relax,300,16.58,65,0.343,1,1,1,1
Kolkata,West Bengal,Howrah Bridge,monument,relax,300,9.48,40,0.321,1,1,1,1
Delhi,Delhi,Red Fort,historic,relax,120,6.98,105,0.265,0,1,1,0
Pune,Maharashtra,Raja Dinkar Kelkar Museum,museum,adventure,300,12.77,105,0.387,1,1,1,1
Jaipur,Rajasthan,Jantar Mantar,museum,nature,30,1.99,100,0.161,1,0,1,0
Udaipur,Rajasthan,Lake Pichola,lake,relax,120,5.27,110,0.783,1,1,1,1
Nashik,Maharashtra,Trimbakeshwar Temple,religious,explore,30,2.87,130,0.494,1,0,1,0
Lucknow,Uttar Pradesh,Chota Imambara,historic,adventure,30,1.89,85,0.473,1,0,1,0
Nagpur,Maharashtra,Deekshabhoomi,monument,food,300,14.08,55,0.164,0,1,1,0
Bengaluru,Karnataka,Vidhana Soudha,monument,nature,180,6.63,40,0.453,1,1,1,1
Delhi,Delhi,Red Fort,historic,culture,480,16.79,100,0.791,1,1,1,1
Bengaluru,Karnataka,Lalbagh Botanical Garden,garden,nature,300,10.14,90,0.748,1,1,1,1
Lucknow,Uttar Pradesh,Residency Lucknow,historic,food,60,0.94,90,0.236,1,0,1,0
Hampi,Karnataka,Matanga Hill,nature,explore,60,3.31,100,0.971,1,0,1,1
Pune,Maharashtra,Sinhagad Fort,fort,culture,480,0.95,180,0.849,1,1,1,1
Agra,Uttar Pradesh,Mehtab Bagh,garden,nature,60,3.14,85,0.926,1,0,1,1
Nashik,Maharashtra,Saptashrungi Temple,religious,nature,120,7.1,170,0.491,1,0,1,0
Amritsar,Punjab,Jallianwala Bagh,historic,culture,30,1.67,70,0.814,1,0,1,1
Bengaluru,Karnataka,Vidhana Soudha,monument,culture,30,0.81,55,0.786,1,0,1,1
Kolkata,West Bengal,Indian Museum,museum,adventure,120,4.26,115,0.416,1,1,1,1
Mysuru,Karnataka,Mysore Palace,historic,culture,120,4.71,135,0.768,1,0,1,1
Hyderabad,Telangana,Golconda Fort,fort,food,480,13.9,125,0.327,1,1,1,1
Pune,Maharashtra,Sinhagad Fort,fort,culture,30,1.34,155,0.842,1,0,1,0
Pune,Maharashtra,Shaniwar Wada,historic,food,480,18.99,80,0.121,1,1,1,1
Nagpur,Maharashtra,Seminary Hill,nature,nature,300,15.02,55,0.85,1,1,1,1
Pune,Maharashtra,Sinhagad Fort,fort,culture,120,2.7,170,0.781,1,0,1,1
Udaipur,Rajasthan,Jagdish Temple,religious,explore,480,10.74,55,0.474,0,1,1,1
Bengaluru,Karnataka,Vidhana Soudha,monument,adventure,300,11.29,40,0.356,1,1,1,1
Hyderabad,Telangana,Hussain Sagar Lake,nature,culture,60,2.93,70,0.309,1,0,1,0
Srinagar,Jammu and Kashmir,Pari Mahal,historic,culture,480,19.71,75,0.798,1,1,1,1
Ahmedabad,Gujarat,Kankaria Lake,nature,adventure,180,1.59,90,0.176,0,1,1,0
Nagpur,Maharashtra,Deekshabhoomi,monument,adventure,480,2.42,65,0.331,1,1,1,1
Varanasi,Uttar Pradesh,Assi Ghat,religious,nature,30,2.88,75,0.504,1,0,1,0
Jaipur,Rajasthan,Amber Fort,fort,culture,30,2.44,180,0.848,0,0,1,0
Lucknow,Uttar Pradesh,Residency Lucknow,historic,adventure,300,15.81,95,0.495,1,1,1,1
Jaipur,Rajasthan,Nahargarh Fort,fort,nature,30,2.93,130,0.794,1,0,1,1
Chennai,Tamil Nadu,Kapaleeshwarar Temple,religious,culture,60,0.48,80,0.765,1,0,1,1
Udaipur,Rajasthan,Lake Pichola,lake,adventure,60,0.45,85,0.254,1,0,1,0
Delhi,Delhi,Red Fort,historic,nature,120,0.68,125,0.359,1,0,1,0
Kolkata,West Bengal,Victoria Memorial,historic,adventure,30,0.98,100,0.549,1,0,1,0
Mumbai,Maharashtra,Chhatrapati Shivaji Maharaj Terminus,historic,explore,120,5.71,70,0.73,1,1,1,1
Mysuru,Karnataka,Brindavan Gardens,garden,explore,480,25.44,75,0.426,1,1,1,1
Kolkata,West Bengal,Indian Museum,museum,explore,30,0.85,135,0.837,1,0,1,1
Srinagar,Jammu and Kashmir,Mughal Gardens,garden,explore,480,15.62,100,0.202,1,1,1,1
Delhi,Delhi,Qutub Minar,historic,food,300,13.74,115,0.177,1,1,1,1
Mumbai,Maharashtra,Marine Drive,viewpoint,explore,60,2.95,60,0.799,0,1,1,1
Delhi,Delhi,India Gate,monument,nature,180,9.22,60,0.394,1,1,1,1
Bengaluru,Karnataka,Bangalore Palace,historic,food,60,2.5,95,0.259,1,0,1,0
Nagpur,Maharashtra,Satpuda Botanical Garden,garden,explore,300,14.19,50,0.364,0,1,1,0
Gangtok,Sikkim,Tsomgo Lake,lake,culture,480,34.35,145,0.426,1,1,1,1
Nashik,Maharashtra,Panchvati,historic,nature,300,4.21,60,0.3,1,1,1,1
Mysuru,Karnataka,Chamundi Hill,nature,culture,180,8.61,100,0.953,1,1,1,1
Pune,Maharashtra,Sarasbaug,park,explore,60,2.58,50,0.123,1,1,1,1
Amritsar,Punjab,Partition Museum,museum,culture,120,6.96,135,0.792,1,0,1,1
Agra,Uttar Pradesh,Agra Fort,fort,relax,480,20.4,135,0.344,1,1,1,1
Agra,Uttar Pradesh,Itmad-ud-Daulah's Tomb,historic,nature,180,2.11,90,0.363,1,1,1,1
Lucknow,Uttar Pradesh,Residency Lucknow,historic,nature,180,4.21,95,0.29,1,1,1,1
Mumbai,Maharashtra,Elephanta Caves,historic,adventure,180,4.19,130,0.922,1,1,1,1
Chennai,Tamil Nadu,Fort St George,historic,relax,180,6.06,100,0.243,1,1,1,1
Nashik,Maharashtra,Trimbakeshwar Temple,religious,adventure,120,4.09,115,0.246,1,1,1,1
Mumbai,Maharashtra,Marine Drive,viewpoint,nature,30,2.34,70,0.805,1,0,1,1
Pune,Maharashtra,Pune Okayama Friendship Garden,garden,culture,300,9.75,70,0.201,0,1,1,0
Goa,Goa,Palolem Beach,beach,adventure,30,1.99,170,0.344,1,0,1,0
Amritsar,Punjab,Partition Museum,museum,adventure,120,4.71,120,0.278,1,1,1,1
Chennai,Tamil Nadu,Fort St George,historic,relax,300,11.39,85,0.343,0,1,1,0
Srinagar,Jammu and Kashmir,Shankaracharya Temple,religious,nature,480,8.9,125,0.757,0,1,1,1
Ahmedabad,Gujarat,Sabarmati Ashram,historic,adventure,180,8.69,95,0.466,1,1,1,1
Hyderabad,Telangana,Salar Jung Museum,museum,nature,480,3.76,95,0.137,1,1,1,0
Bengaluru,Karnataka,Bangalore Palace,historic,culture,180,7.02,95,0.766,1,1,1,1
Goa,Goa,Fort Aguada,fort,nature,60,2.94,110,0.107,1,0,1,0
Ahmedabad,Gujarat,Lothal,historic,explore,30,2.84,145,0.741,1,0,1,1
Hampi,Karnataka,Vittala Temple,historic,food,60,1.82,130,0.292,1,0,1,0
Agra,Uttar Pradesh,Mehtab Bagh,garden,adventure,60,2.83,60,0.539,0,1,1,1
Nashik,Maharashtra,Saptashrungi Temple,religious,explore,30,2.36,140,0.392,1,0,1,0
Hampi,Karnataka,Virupaksha Temple,religious,nature,120,7.25,90,0.44,1,1,1,1
Pune,Maharashtra,Aga Khan Palace,historic,nature,30,2.12,75,0.475,1,0,1,0
Agra,Uttar Pradesh,Mehtab Bagh,garden,explore,120,5.85,75,0.23,1,1,1,0
Jaipur,Rajasthan,City Palace,historic,explore,300,15.8,125,0.746,1,1,1,1
Gangtok,Sikkim,Rumtek Monastery,religious,explore,60,2.84,110,0.383,1,0,1,0
Mumbai,Maharashtra,Marine Drive,viewpoint,nature,120,3.72,70,0.902,1,1,1,1
Hyderabad,Telangana,Hussain Sagar Lake,nature,explore,480,5.27,60,0.943,1,1,1,1
Nashik,Maharashtra,Anjaneri Hills,nature,culture,300,17.34,155,0.23,1,1,1,1
Darjeeling,West Bengal,Padmaja Naidu Himalayan Zoological Park,nature,explore,60,1.38,165,0.944,1,0,1,1
Pune,Maharashtra,Sinhagad Fort,fort,adventure,300,19.01,175,0.937,1,1,1,1
Amritsar,Punjab,Sri Harmandir Sahib (Golden Temple),religious,nature,120,4.6,135,0.547,0,0,1,0
Gangtok,Sikkim,Tashi View Point,viewpoint,nature,120,7.43,60,0.837,1,1,1,1
Agra,Uttar Pradesh,Taj Mahal,historic,food,120,2.09,140,0.38,1,0,1,0
Pune,Maharashtra,Sarasbaug,park,food,60,3.94,50,0.28,0,1,1,0
Chennai,Tamil Nadu,Guindy National Park,nature,nature,60,1.2,110,0.729,1,0,1,0
Mumbai,Maharashtra,Chhatrapati Shivaji Maharaj Terminus,historic,food,180,8.58,55,0.274,0,1,1,0
Kolkata,West Bengal,Victoria Memorial,historic,nature,30,2.9,110,0.443,0,0,1,0
Mumbai,Maharashtra,Hanging Gardens,garden,food,300,10.45,60,0.063,1,1,1,0
Kolkata,West Bengal,Maidan,park,adventure,30,0.6,80,0.447,1,0,1,0
Mumbai,Maharashtra,Hanging Gardens,garden,explore,60,4.93,55,0.43,1,1,1,1
Chennai,Tamil Nadu,Government Museum Chennai,museum,explore,120,3.45,135,0.896,1,0,1,1
Mysuru,Karnataka,Brindavan Gardens,garden,relax,300,6.58,85,0.914,1,1,1,1
Chennai,Tamil Nadu,Guindy National Park,nature,adventure,480,26.71,100,0.801,1,1,1,1
Hyderabad,Telangana,Qutb Shahi Tombs,historic,relax,480,8.16,105,0.899,0,1,1,1
Gangtok,Sikkim,Tashi View Point,viewpoint,food,300,19.42,50,0.098,1,1,1,0
Hampi,Karnataka,Virupaksha Temple,religious,adventure,30,1.11,105,0.154,0,0,1,0
Chennai,Tamil Nadu,Kapaleeshwarar Temple,religious,explore,480,22.79,70,0.328,0,1,1,0
Lucknow,Uttar Pradesh,Residency Lucknow,historic,relax,120,5.27,80,0.322,1,1,1,1
Hyderabad,Telangana,Qutb Shahi Tombs,historic,nature,60,4.85,80,0.112,0,0,1,0
Goa,Goa,Basilica of Bom Jesus,religious,adventure,300,7.35,85,0.345,1,1,1,1
Amritsar,Punjab,Wagah Border,monument,nature,60,3.8,210,0.324,1,0,1,0
Jaipur,Rajasthan,City Palace,historic,adventure,480,4.83,145,0.405,1,1,1,1
Kolkata,West Bengal,Maidan,park,relax,30,1.48,80,0.817,1,0,1,1
Nashik,Maharashtra,Nandur Madhameshwar Bird Sanctuary,nature,explore,180,5.84,190,0.753,1,0,1,1
Hampi,Karnataka,Virupaksha Temple,religious,nature,300,17.6,105,0.499,1,1,1,1
Varanasi,Uttar Pradesh,Sarnath,historic,adventure,300,9.03,120,0.412,1,1,1,1
Ahmedabad,Gujarat,Lothal,historic,nature,300,8.86,165,0.482,1,1,1,1
Mumbai,Maharashtra,Elephanta Caves,historic,food,180,4.14,155,0.221,1,1,1,0
Nagpur,Maharashtra,Khindsi Lake,nature,culture,300,9.7,105,0.274,1,1,1,1
Lucknow,Uttar Pradesh,Residency Lucknow,historic,adventure,120,4.44,80,0.457,1,1,1,1
Ahmedabad,Gujarat,Sabarmati Ashram,historic,food,300,10.98,90,0.134,1,1,1,0
Chennai,Tamil Nadu,Fort St George,historic,adventure,180,0.94,105,0.402,1,1,1,1
Srinagar,Jammu and Kashmir,Mughal Gardens,garden,relax,60,2.69,75,0.968,1,0,1,1
Mysuru,Karnataka,Chamundi Hill,nature,food,480,2.5,140,0.264,1,1,1,1
Lucknow,Uttar Pradesh,Residency Lucknow,historic,relax,30,1.13,90,0.447,1,0,1,0
Varanasi,Uttar Pradesh,Sarnath,historic,culture,60,1.92,165,0.736,1,0,1,1
Srinagar,Jammu and Kashmir,Mughal Gardens,garden,nature,120,4.65,80,0.734,1,1,1,1
Gangtok,Sikkim,Tashi View Point,viewpoint,adventure,300,18.39,70,0.363,1,1,1,1
Kolkata,West Bengal,Howrah Bridge,monument,food,300,13.72,50,0.301,1,1,1,1
Darjeeling,West Bengal,Darjeeling Himalayan Railway,historic,culture,60,3.25,150,0.89,1,0,1,0
Agra,Uttar Pradesh,Agra Fort,fort,nature,480,8.82,100,0.366,1,1,1,1
Chennai,Tamil Nadu,Marina Beach,beach,food,180,0.53,105,0.093,1,1,1,0
Pune,Maharashtra,Shaniwar Wada,historic,culture,180,10.51,80,0.832,1,1,1,1
Mumbai,Maharashtra,Gateway of India,historic,food,480,18.48,100,0.33,1,1,1,0
Jaipur,Rajasthan,City Palace,historic,nature,60,3.8,100,0.464,1,0,1,0
Pune,Maharashtra,Pune Okayama Friendship Garden,garden,food,300,17.09,65,0.267,1,1,1,1
Nashik,Maharashtra,Nandur Madhameshwar Bird Sanctuary,nature,nature,60,3.13,160,0.866,1,0,1,1
Lucknow,Uttar Pradesh,Bara Imambara,historic,explore,480,17.38,130,0.953,0,1,1,1
Goa,Goa,Basilica of Bom Jesus,religious,culture,480,29.08,85,0.729,0,1,1,1
Udaipur,Rajasthan,City Palace Udaipur,historic,relax,30,1.63,135,0.544,1,0,1,1
Darjeeling,West Bengal,Happy Valley Tea Estate,nature,culture,300,10.47,95,0.365,1,1,1,1
Gangtok,Sikkim,Banjhakri Falls,nature,nature,120,7.7,130,0.735,1,0,1,1
Kolkata,West Bengal,Maidan,park,explore,180,7.64,65,0.415,1,1,1,1
Bengaluru,Karnataka,Vidhana Soudha,monument,food,480,3.53,45,0.191,1,1,1,1
Udaipur,Rajasthan,Lake Pichola,lake,culture,300,13.23,80,0.225,1,1,1,0
Jaipur,Rajasthan,Jantar Mantar,museum,food,480,12.06,75,0.3,1,1,1,1
Nashik,Maharashtra,Panchvati,historic,culture,300,17.31,70,0.949,1,1,1,1
Pune,Maharashtra,Pune Okayama Friendship Garden,garden,explore,480,9.92,60,0.125,1,1,1,0
Varanasi,Uttar Pradesh,Sarnath,historic,nature,480,2.82,155,0.148,1,1,1,1
Ahmedabad,Gujarat,Kankaria Lake,nature,relax,300,1.12,105,0.933,1,1,1,1
Hyderabad,Telangana,Qutb Shahi Tombs,historic,culture,60,4.21,105,0.766,1,0,1,1
Darjeeling,West Bengal,Tiger Hill,viewpoint,explore,180,5.47,125,0.752,1,1,1,1
Pune,Maharashtra,Raja Dinkar Kelkar Museum,museum,adventure,30,2.71,100,0.257,1,0,1,0
Goa,Goa,Dudhsagar Falls,nature,culture,120,2.93,265,0.118,1,0,1,0
Bengaluru,Karnataka,Bangalore Palace,historic,explore,480,23.24,95,0.831,1,1,1,1
Delhi,Delhi,Lotus Temple,religious,nature,30,0.86,80,0.531,1,0,1,0
Nashik,Maharashtra,Nandur Madhameshwar Bird Sanctuary,nature,explore,120,4.53,165,0.794,1,0,1,1
Nashik,Maharashtra,Panchvati,historic,explore,180,8.13,70,0.951,1,1,1,1
Mysuru,Karnataka,Mysuru Zoo,nature,nature,180,2.13,175,0.853,0,1,1,1
Hampi,Karnataka,Matanga Hill,nature,adventure,30,2.99,115,0.797,0,0,1,0
Jaipur,Rajasthan,City Palace,historic,relax,180,8.97,140,0.222,1,1,1,0
Kolkata,West Bengal,Maidan,park,relax,60,1.11,60,0.933,1,1,1,1
Lucknow,Uttar Pradesh,Janeshwar Mishra Park,park,food,120,6.98,95,0.202,1,1,1,1
Hyderabad,Telangana,Golconda Fort,fort,nature,180,6.86,180,0.241,1,1,1,1
Lucknow,Uttar Pradesh,Bara Imambara,historic,adventure,300,1.49,110,0.171,1,1,1,1
Nagpur,Maharashtra,Satpuda Botanical Garden,garden,relax,30,1.55,60,0.781,1,0,1,1
Mysuru,Karnataka,Mysore Palace,historic,explore,30,2.55,105,0.92,1,0,1,1
Chennai,Tamil Nadu,Marina Beach,beach,relax,30,1.57,75,0.974,0,0,1,1
Ahmedabad,Gujarat,Sidi Saiyyed Mosque,religious,explore,300,1.47,50,0.818,1,1,1,1
Chennai,Tamil Nadu,Guindy National Park,nature,explore,120,3.94,135,0.318,1,0,1,0
Varanasi,Uttar Pradesh,Dashashwamedh Ghat,religious,culture,30,2.56,75,0.87,1,0,1,1
Agra,Uttar Pradesh,Itmad-ud-Daulah's Tomb,historic,nature,30,2.16,70,0.315,1,0,1,0
Amritsar,Punjab,Wagah Border,monument,relax,480,22.83,200,0.223,1,1,1,0
Gangtok,Sikkim,Rumtek Monastery,religious,explore,480,24.65,140,0.481,1,1,1,1
Mumbai,Maharashtra,Chhatrapati Shivaji Maharaj Terminus,historic,nature,480,27.28,55,0.51,1,1,1,1
Mysuru,Karnataka,Brindavan Gardens,garden,relax,30,2.14,95,0.944,1,0,1,1
Mumbai,Maharashtra,Marine Drive,viewpoint,culture,120,7.31,65,0.22,1,1,1,1
Ahmedabad,Gujarat,Lothal,historic,food,480,31.25,135,0.373,1,1,1,1
Varanasi,Uttar Pradesh,Sarnath,historic,explore,120,2.24,170,0.913,1,0,1,1
Delhi,Delhi,Humayun's Tomb,historic,relax,60,2.43,80,0.9,1,0,1,1
Bengaluru,Karnataka,Bangalore Palace,historic,culture,30,0.53,85,0.977,1,0,1,1
Ahmedabad,Gujarat,Lothal,historic,culture,300,4.4,165,0.884,1,1,1,1
Jaipur,Rajasthan,City Palace,historic,culture,30,0.78,125,0.835,1,0,1,1
Delhi,Delhi,India Gate,monument,culture,300,11.85,50,0.934,1,1,1,1
Gangtok,Sikkim,Tashi View Point,viewpoint,food,120,6.05,70,0.06,1,1,1,1
Udaipur,Rajasthan,Jagdish Temple,religious,culture,180,9.2,65,0.839,1,1,1,1
Srinagar,Jammu and Kashmir,Pari Mahal,historic,relax,60,1.64,80,0.832,1,0,1,1
Nagpur,Maharashtra,Deekshabhoomi,monument,explore,480,2.5,50,0.249,1,1,1,1
Agra,Uttar Pradesh,Akbar's Tomb,historic,explore,60,2.22,85,0.793,1,0,1,1
Ahmedabad,Gujarat,Lothal,historic,explore,300,12.31,145,0.83,1,1,1,1
Gangtok,Sikkim,Tashi View Point,viewpoint,explore,300,10.62,70,0.972,1,1,1,1
Chennai,Tamil Nadu,Guindy National Park,nature,relax,120,1.24,120,0.877,1,1,1,1
Delhi,Delhi,Red Fort,historic,nature,30,2.28,95,0.417,1,0,1,0
Kolkata,West Bengal,St. Paul's Cathedral,religious,nature,30,1.15,55,0.454,1,0,1,0
Amritsar,Punjab,Wagah Border,monument,culture,180,11.08,160,0.927,1,1,1,1
Delhi,Delhi,Qutub Minar,historic,nature,480,32.3,120,0.297,1,1,1,1
Ahmedabad,Gujarat,Adalaj Stepwell,historic,food,60,3.37,80,0.086,1,0,1,0
Darjeeling,West Bengal,Padmaja Naidu Himalayan Zoological Park,nature,culture,180,1.46,150,0.312,1,1,1,1
Nagpur,Maharashtra,Seminary Hill,nature,food,60,4.11,50,0.066,1,1,1,1
Goa,Goa,Baga Beach,beach,food,300,10.89,115,0.329,0,1,1,1
Nagpur,Maharashtra,Seminary Hill,nature,relax,120,6.15,55,0.934,1,1,1,1
Gangtok,Sikkim,Tsomgo Lake,lake,nature,180,1.8,190,0.872,1,0,1,0
Gangtok,Sikkim,Tsomgo Lake,lake,adventure,30,1.71,210,0.904,1,0,1,1
Lucknow,Uttar Pradesh,Janeshwar Mishra Park,park,relax,60,3.36,90,0.964,1,0,1,1
Delhi,Delhi,India Gate,monument,culture,180,7.98,65,0.857,1,1,1,1
Delhi,Delhi,Red Fort,historic,explore,480,23.76,120,0.804,1,1,1,1
Goa,Goa,Fort Aguada,fort,food,120,6.74,95,0.193,1,1,1,1
Ahmedabad,Gujarat,Kankaria Lake,nature,explore,480,2.83,85,0.809,1,1,1,1
Jaipur,Rajasthan,Nahargarh Fort,fort,relax,480,7.52,125,0.416,1,1,1,1
Nashik,Maharashtra,Pandavleni Caves,historic,explore,180,7.73,130,0.935,1,1,1,1
Udaipur,Rajasthan,Lake Pichola,lake,relax,300,13.56,100,0.737,1,1,1,1
Gangtok,Sikkim,Rumtek Monastery,religious,explore,120,5.39,115,0.171,1,1,1,0
Pune,Maharashtra,Shaniwar Wada,historic,adventure,60,4.61,75,0.279,1,0,1,0
Delhi,Delhi,Humayun's Tomb,historic,explore,300,1.01,95,0.382,0,1,1,0
Chennai,Tamil Nadu,Kapaleeshwarar Temple,religious,food,120,5.31,70,0.272,1,1,1,1
Jaipur,Rajasthan,Jantar Mantar,museum,culture,180,5.66,100,0.739,1,1,1,1
Nashik,Maharashtra,Saptashrungi Temple,religious,food,60,3.26,145,0.057,1,0,1,0
Agra,Uttar Pradesh,Itmad-ud-Daulah's Tomb,historic,food,60,1.3,65,0.119,1,0,1,0
Delhi,Delhi,Humayun's Tomb,historic,culture,180,4.52,95,0.778,1,1,1,1
Kolkata,West Bengal,Victoria Memorial,historic,culture,180,6.79,140,0.957,1,1,1,1
Kolkata,West Bengal,Victoria Memorial,historic,explore,480,13.67,140,0.815,1,1,1,1
Nashik,Maharashtra,Nandur Madhameshwar Bird Sanctuary,nature,nature,180,11.84,160,0.932,1,1,1,1
Agra,Uttar Pradesh,Agra Fort,fort,explore,480,29.68,115,0.805,1,1,1,1
Delhi,Delhi,Humayun's Tomb,historic,food,480,5.41,105,0.23,1,1,1,1
Nagpur,Maharashtra,Ambazari Lake,nature,adventure,120,7.58,75,0.221,1,1,1,1
Nashik,Maharashtra,Trimbakeshwar Temple,religious,explore,180,4.9,115,0.34,1,1,1,1
Kolkata,West Bengal,Victoria Memorial,historic,food,480,33.78,110,0.309,1,1,1,1
Udaipur,Rajasthan,Lake Pichola,lake,nature,60,1.85,85,0.77,1,0,1,1
Chennai,Tamil Nadu,Kapaleeshwarar Temple,religious,explore,30,2.52,85,0.239,1,0,1,0
Mysuru,Karnataka,Brindavan Gardens,garden,adventure,30,1.22,80,0.145,1,0,1,0
Ahmedabad,Gujarat,Adalaj Stepwell,historic,food,180,3.96,70,0.302,0,1,1,0
Bengaluru,Karnataka,Lalbagh Botanical Garden,garden,food,300,0.76,100,0.107,1,1,1,0
Srinagar,Jammu and Kashmir,Mughal Gardens,garden,nature,480,7.6,95,0.742,1,1,1,1
Jaipur,Rajasthan,Jantar Mantar,museum,culture,480,1.62,100,0.775,1,1,1,1
Chennai,Tamil Nadu,Marina Beach,beach,relax,480,29.19,100,0.808,1,1,1,1
Pune,Maharashtra,Sinhagad Fort,fort,nature,30,1.94,160,0.886,0,0,1,1
Varanasi,Uttar Pradesh,Dashashwamedh Ghat,religious,food,480,17.87,80,0.183,1,1,1,0
Chennai,Tamil Nadu,Marina Beach,beach,food,120,2.11,75,0.094,1,1,1,0
Nashik,Maharashtra,Nandur Madhameshwar Bird Sanctuary,nature,explore,30,1.27,155,0.723,1,0,1,1
Chennai,Tamil Nadu,Guindy National Park,nature,relax,480,29.13,115,0.849,1,1,1,1
Gangtok,Sikkim,Banjhakri Falls,nature,culture,30,2.32,130,0.547,1,0,1,0
Pune,Maharashtra,Sarasbaug,park,adventure,480,26.86,70,0.503,1,1,1,1
Delhi,Delhi,Lotus Temple,religious,nature,300,5.54,65,0.349,1,1,1,1
Srinagar,Jammu and Kashmir,Mughal Gardens,garden,food,180,11.71,80,0.061,1,1,1,1
Nashik,Maharashtra,Saptashrungi Temple,religious,explore,300,16.99,155,0.382,1,1,1,1
Gangtok,Sikkim,Tsomgo Lake,lake,relax,480,4.19,160,0.425,1,1,1,1
Ahmedabad,Gujarat,Lothal,historic,relax,30,2.07,175,0.305,1,0,1,0
Gangtok,Sikkim,Tashi View Point,viewpoint,adventure,120,3.23,55,0.154,1,1,1,1
Gangtok,Sikkim,Tashi View Point,viewpoint,culture,480,33.09,50,0.22,1,1,1,1
Goa,Goa,Dudhsagar Falls,nature,adventure,60,1.12,275,0.935,1,0,1,1
Jaipur,Rajasthan,Jal Mahal,viewpoint,relax,480,28.63,50,0.933,1,1,1,1
Bengaluru,Karnataka,Bangalore Palace,historic,adventure,30,1.74,70,0.387,0,0,1,0
Goa,Goa,Fort Aguada,fort,explore,300,18.97,120,0.883,1,1,1,1
Darjeeling,West Bengal,Darjeeling Himalayan Railway,historic,explore,180,1.1,135,0.96,1,1,1,1
Lucknow,Uttar Pradesh,Chota Imambara,historic,food,60,0.96,95,0.196,1,0,1,0
Ahmedabad,Gujarat,Sabarmati Ashram,historic,adventure,120,1.17,85,0.306,1,1,1,1
Jaipur,Rajasthan,Nahargarh Fort,fort,adventure,60,4.38,115,0.878,1,0,1,1
Ahmedabad,Gujarat,Adalaj Stepwell,historic,adventure,30,2.23,65,0.264,0,0,1,0
Ahmedabad,Gujarat,Kankaria Lake,nature,explore,60,1.07,75,0.787,1,0,1,1
Mysuru,Karnataka,Chamundi Hill,nature,explore,300,1.54,140,0.119,1,1,1,0
Chennai,Tamil Nadu,Kapaleeshwarar Temple,religious,food,480,23.25,85,0.178,0,1,1,0
Hyderabad,Telangana,Salar Jung Museum,museum,explore,480,22.42,125,0.774,1,1,1,1
Varanasi,Uttar Pradesh,Assi Ghat,religious,nature,60,3.97,80,0.345,1,0,1,0
Gangtok,Sikkim,Tashi View Point,viewpoint,nature,180,9.78,60,0.949,1,1,1,1
Kolkata,West Bengal,Victoria Memorial,historic,relax,120,4.68,105,0.323,1,1,1,1
Srinagar,Jammu and Kashmir,Mughal Gardens,garden,culture,300,4.97,85,0.333,0,1,1,0
Mysuru,Karnataka,Mysuru Zoo,nature,nature,30,0.49,145,0.811,1,0,1,1
Jaipur,Rajasthan,Hawa Mahal,historic,culture,180,11.96,50,0.746,1,1,1,1
Gangtok,Sikkim,Banjhakri Falls,nature,culture,300,19.56,140,0.481,1,1,1,1
Hampi,Karnataka,Vittala Temple,historic,culture,180,1.11,95,0.761,1,1,1,1
Hampi,Karnataka,Hampi Bazaar,historic,relax,480,14.77,65,0.225,1,1,1,1
Bengaluru,Karnataka,Bangalore Palace,historic,culture,60,1.42,100,0.788,1,0,1,1
Srinagar,Jammu and Kashmir,Mughal Gardens,garden,explore,30,2.28,95,0.129,1,0,1,0
Nashik,Maharashtra,Trimbakeshwar Temple,religious,culture,180,10.38,125,0.829,1,1,1,1
Delhi,Delhi,Red Fort,historic,explore,60,3.76,105,0.775,1,0,1,1
Goa,Goa,Basilica of Bom Jesus,religious,culture,30,1.74,70,0.939,1,0,1,1
Jaipur,Rajasthan,Jal Mahal,viewpoint,nature,480,6.41,45,0.305,1,1,1,1
Jaipur,Rajasthan,Nahargarh Fort,fort,explore,120,3.7,140,0.859,1,0,1,1
Mumbai,Maharashtra,Gateway of India,historic,relax,60,3.44,85,0.143,1,0,1,0
Delhi,Delhi,Humayun's Tomb,historic,relax,120,4.25,105,0.926,1,1,1,1
Delhi,Delhi,Humayun's Tomb,historic,nature,480,34.44,90,0.46,1,1,1,1
Goa,Goa,Basilica of Bom Jesus,religious,nature,480,10.43,90,0.169,1,1,1,1
Agra,Uttar Pradesh,Itmad-ud-Daulah's Tomb,historic,explore,120,2.75,80,0.755,1,1,1,1
Varanasi,Uttar Pradesh,Sarnath,historic,explore,30,1.14,135,0.903,1,0,1,1
Mumbai,Maharashtra,Gateway of India,historic,relax,180,2.48,95,0.494,1,1,1,1
Varanasi,Uttar Pradesh,Kashi Vishwanath Temple,religious,nature,300,9.81,80,0.291,1,1,1,1
Ahmedabad,Gujarat,Sidi Saiyyed Mosque,religious,relax,180,2.5,60,0.165,1,1,1,0
Mumbai,Maharashtra,Juhu Beach,beach,adventure,60,2.56,100,0.495,1,0,1,0
Agra,Uttar Pradesh,Agra Fort,fort,culture,480,33.93,130,0.963,1,1,1,1
Kolkata,West Bengal,Maidan,park,food,30,2.27,80,0.347,1,0,1,0
Darjeeling,West Bengal,Darjeeling Himalayan Railway,historic,relax,300,16.97,170,0.148,1,1,1,0
Gangtok,Sikkim,Rumtek Monastery,religious,food,300,18.2,95,0.243,1,1,1,1
Hampi,Karnataka,Hampi Bazaar,historic,adventure,60,0.87,80,0.462,1,0,1,0
Bengaluru,Karnataka,Cubbon Park,park,culture,120,0.8,70,0.162,1,1,1,1
Jaipur,Rajasthan,Nahargarh Fort,fort,food,30,2.6,95,0.205,1,0,1,0
Agra,Uttar Pradesh,Mehtab Bagh,garden,explore,30,1.39,85,0.426,1,0,1,0
Hyderabad,Telangana,Hussain Sagar Lake,nature,adventure,60,3.19,85,0.208,1,0,1,0
Nashik,Maharashtra,Nandur Madhameshwar Bird Sanctuary,nature,relax,180,8.57,155,0.859,1,1,1,1
Chennai,Tamil Nadu,Fort St George,historic,explore,120,3.57,70,0.867,1,1,1,1
Delhi,Delhi,India Gate,monument,adventure,300,2.6,55,0.34,1,1,1,1
Nagpur,Maharashtra,Khindsi Lake,nature,adventure,30,2.65,85,0.515,1,0,1,0
Mumbai,Maharashtra,Juhu Beach,beach,explore,180,2.07,95,0.765,1,1,1,1
Mumbai,Maharashtra,Marine Drive,viewpoint,relax,120,3.22,70,0.887,1,1,1,1
Srinagar,Jammu and Kashmir,Mughal Gardens,garden,relax,300,0.63,80,0.784,1,1,1,1
Nagpur,Maharashtra,Ramtek Fort Temple,fort,culture,180,9.18,145,0.844,1,1,1,1
Kolkata,West Bengal,St. Paul's Cathedral,religious,nature,120,2.83,65,0.405,1,1,1,1
Varanasi,Uttar Pradesh,Assi Ghat,religious,explore,30,1.94,80,0.815,1,0,1,1
Bengaluru,Karnataka,Bannerghatta Biological Park,nature,explore,30,1.13,155,0.97,1,0,1,1
Hyderabad,Telangana,Hussain Sagar Lake,nature,relax,480,26.11,85,0.902,1,1,1,1
Delhi,Delhi,Lodhi Garden,garden,food,480,9.44,75,0.279,1,1,1,1
Varanasi,Uttar Pradesh,Dashashwamedh Ghat,religious,food,120,3.27,105,0.292,0,1,1,0
Ahmedabad,Gujarat,Sabarmati Ashram,historic,relax,120,3.15,105,0.732,1,1,1,1
Mumbai,Maharashtra,Gateway of India,historic,explore,480,6.13,80,0.76,0,1,1,1
Lucknow,Uttar Pradesh,Bara Imambara,historic,relax,180,4.54,120,0.36,0,1,1,0
Hyderabad,Telangana,Hussain Sagar Lake,nature,relax,180,7.74,65,0.733,1,1,1,1
Goa,Goa,Basilica of Bom Jesus,religious,culture,300,4.35,60,0.816,0,1,1,1
Nagpur,Maharashtra,Satpuda Botanical Garden,garden,food,120,4.42,50,0.184,1,1,1,1
Darjeeling,West Bengal,Tiger Hill,viewpoint,culture,120,3.43,110,0.112,1,1,1,1
Agra,Uttar Pradesh,Mehtab Bagh,garden,culture,180,1.07,65,0.216,1,1,1,1
Srinagar,Jammu and Kashmir,Dal Lake,lake,culture,60,3.17,115,0.138,1,0,1,0
Ahmedabad,Gujarat,Adalaj Stepwell,historic,food,30,0.78,75,0.196,1,0,1,0
Varanasi,Uttar Pradesh,Assi Ghat,religious,culture,480,4.76,85,0.964,1,1,1,1
Varanasi,Uttar Pradesh,Assi Ghat,religious,nature,300,12.66,65,0.219,1,1,1,1
Nagpur,Maharashtra,Khindsi Lake,nature,explore,180,0.42,105,0.109,1,1,1,1
Hyderabad,Telangana,Charminar,historic,food,120,6.03,80,0.248,1,1,1,0
Jaipur,Rajasthan,City Palace,historic,relax,480,6.44,140,0.339,1,1,1,1
Srinagar,Jammu and Kashmir,Dal Lake,lake,nature,480,19.97,115,0.977,1,1,1,1
Agra,Uttar Pradesh,Taj Mahal,historic,adventure,480,29.63,140,0.244,1,1,1,1
Agra,Uttar Pradesh,Akbar's Tomb,historic,culture,480,23.09,90,0.92,1,1,1,1
Nagpur,Maharashtra,Satpuda Botanical Garden,garden,explore,120,5.48,60,0.302,1,1,1,1
Gangtok,Sikkim,Rumtek Monastery,religious,food,60,3.43,115,0.375,1,0,1,0
Ahmedabad,Gujarat,Adalaj Stepwell,historic,nature,120,7.4,70,0.486,1,1,1,1
Chennai,Tamil Nadu,Government Museum Chennai,museum,culture,120,1.3,115,0.963,1,1,1,1
Amritsar,Punjab,Sri Harmandir Sahib (Golden Temple),religious,adventure,300,5.05,130,0.436,1,1,1,1
Lucknow,Uttar Pradesh,Residency Lucknow,historic,relax,60,0.49,95,0.142,1,0,1,0
Kolkata,West Bengal,Howrah Bridge,monument,relax,120,4.9,45,0.441,1,1,1,1
Delhi,Delhi,Qutub Minar,historic,adventure,180,3.59,115,0.278,1,1,1,1
Pune,Maharashtra,Sarasbaug,park,relax,120,7.64,65,0.75,1,1,1,1
Hampi,Karnataka,Vittala Temple,historic,nature,120,1.03,135,0.226,1,0,1,0
Nagpur,Maharashtra,Seminary Hill,nature,culture,120,4.9,50,0.237,1,1,1,1
Pune,Maharashtra,Sarasbaug,park,food,480,11.74,60,0.196,1,1,1,1
Pune,Maharashtra,Sinhagad Fort,fort,relax,300,2.5,180,0.334,1,1,1,1
Hampi,Karnataka,Hampi Bazaar,historic,relax,30,1.39,85,0.308,1,0,1,0
Mumbai,Maharashtra,Juhu Beach,beach,relax,60,3.61,80,0.799,1,0,1,1
Chennai,Tamil Nadu,Fort St George,historic,explore,480,25.94,75,0.736,1,1,1,1
Goa,Goa,Palolem Beach,beach,food,300,6.89,125,0.386,1,1,1,1
Jaipur,Rajasthan,Amber Fort,fort,explore,60,2.76,155,0.786,1,0,1,1
Chennai,Tamil Nadu,Fort St George,historic,food,300,19.98,100,0.347,1,1,1,1
Hampi,Karnataka,Matanga Hill,nature,relax,30,1.61,135,0.318,1,0,1,0
Pune,Maharashtra,Raja Dinkar Kelkar Museum,museum,explore,180,5.18,105,0.794,1,1,1,1
Kolkata,West Bengal,St. Paul's Cathedral,religious,culture,180,3.45,55,0.94,1,1,1,1
Pune,Maharashtra,Shaniwar Wada,historic,explore,60,3.13,85,0.817,0,0,1,0
Mysuru,Karnataka,Mysore Palace,historic,relax,180,5.13,135,0.145,1,1,1,1
Bengaluru,Karnataka,Bannerghatta Biological Park,nature,nature,60,2.27,205,0.835,1,0,1,1
Pune,Maharashtra,Shaniwar Wada,historic,culture,60,1.04,65,0.809,0,0,1,1
Nagpur,Maharashtra,Seminary Hill,nature,explore,30,2.37,55,0.484,1,0,1,0
Lucknow,Uttar Pradesh,Residency Lucknow,historic,food,480,26.53,80,0.258,1,1,1,1
Pune,Maharashtra,Aga Khan Palace,historic,adventure,300,4.62,95,0.188,1,1,1,1
Hampi,Karnataka,Vittala Temple,historic,explore,60,4.14,135,0.911,1,0,1,1
Nashik,Maharashtra,Pandavleni Caves,historic,nature,120,0.48,125,0.546,1,0,1,0
Chennai,Tamil Nadu,Fort St George,historic,explore,300,14.47,95,0.904,1,1,1,1
Srinagar,Jammu and Kashmir,Pari Mahal,historic,adventure,180,5.98,80,0.157,1,1,1,1
Ahmedabad,Gujarat,Kankaria Lake,nature,relax,60,2.79,90,0.915,1,0,1,1
Nagpur,Maharashtra,Satpuda Botanical Garden,garden,culture,180,6.66,65,0.133,1,1,1,1
Hyderabad,Telangana,Hussain Sagar Lake,nature,nature,30,2.87,80,0.925,1,0,1,1
Srinagar,Jammu and Kashmir,Pari Mahal,historic,relax,480,31.51,90,0.741,1,1,1,1
Lucknow,Uttar Pradesh,Residency Lucknow,historic,nature,60,3.11,100,0.353,1,0,1,0
Hyderabad,Telangana,Golconda Fort,fort,relax,300,13.41,160,0.434,1,1,1,1
Amritsar,Punjab,Jallianwala Bagh,historic,food,480,24.36,85,0.319,1,1,1,0
Pune,Maharashtra,Aga Khan Palace,historic,food,300,1.27,85,0.163,1,1,1,1
Nashik,Maharashtra,Saptashrungi Temple,religious,relax,480,20.31,125,0.48,1,1,1,1
Nagpur,Maharashtra,Deekshabhoomi,monument,culture,30,2.31,70,0.917,1,0,1,1
Pune,Maharashtra,Sinhagad Fort,fort,culture,300,17.84,210,0.926,1,1,1,1
Jaipur,Rajasthan,Hawa Mahal,historic,explore,180,2.67,65,0.952,1,1,1,1
Agra,Uttar Pradesh,Akbar's Tomb,historic,nature,180,2.57,85,0.22,1,1,1,1
Lucknow,Uttar Pradesh,Bara Imambara,historic,culture,480,9.39,105,0.857,0,1,1,1
Mumbai,Maharashtra,Marine Drive,viewpoint,explore,180,3.66,55,0.892,1,1,1,1
Gangtok,Sikkim,Banjhakri Falls,nature,culture,480,8.28,105,0.493,1,1,1,1
Goa,Goa,Palolem Beach,beach,adventure,180,5.71,165,0.506,1,1,1,1
Mysuru,Karnataka,Chamundi Hill,nature,food,60,2.09,120,0.13,1,0,1,0
Pune,Maharashtra,Pune Okayama Friendship Garden,garden,relax,180,5.99,90,0.848,1,1,1,1
Mumbai,Maharashtra,Elephanta Caves,historic,relax,120,1.14,170,0.378,1,0,1,0
Jaipur,Rajasthan,Jal Mahal,viewpoint,nature,30,0.56,45,0.395,1,0,1,0
Ahmedabad,Gujarat,Adalaj Stepwell,historic,relax,180,1.67,80,0.233,1,1,1,1
Jaipur,Rajasthan,Hawa Mahal,historic,relax,480,23.54,55,0.42,0,1,1,0
Lucknow,Uttar Pradesh,Bara Imambara,historic,adventure,60,3.54,140,0.314,1,0,1,0
Jaipur,Rajasthan,Amber Fort,fort,food,30,0.78,170,0.063,1,0,1,0
Amritsar,Punjab,Wagah Border,monument,relax,300,15.93,185,0.477,1,1,1,1
Nashik,Maharashtra,Anjaneri Hills,nature,relax,120,3.85,185,0.514,1,0,1,0
Agra,Uttar Pradesh,Akbar's Tomb,historic,adventure,120,4.57,75,0.136,1,1,1,1
Pune,Maharashtra,Sarasbaug,park,relax,480,1.51,65,0.817,1,1,1,1
Delhi,Delhi,Red Fort,historic,food,300,9.78,120,0.322,1,1,1,1
Goa,Goa,Baga Beach,beach,explore,180,4.34,140,0.754,1,1,1,1
Goa,Goa,Baga Beach,beach,nature,60,1.57,130,0.204,1,0,1,0
Nagpur,Maharashtra,Deekshabhoomi,monument,nature,30,2.63,55,0.195,1,0,1,0
Nagpur,Maharashtra,Satpuda Botanical Garden,garden,food,300,9.69,60,0.052,1,1,1,1
Varanasi,Uttar Pradesh,Dashashwamedh Ghat,religious,nature,180,6.53,75,0.196,1,1,1,1
Mumbai,Maharashtra,Hanging Gardens,garden,adventure,300,5.98,70,0.206,1,1,1,1
Nashik,Maharashtra,Anjaneri Hills,nature,explore,300,1.52,210,0.24,1,1,1,0
Pune,Maharashtra,Raja Dinkar Kelkar Museum,museum,nature,300,15.09,80,0.153,1,1,1,1
Pune,Maharashtra,Pune Okayama Friendship Garden,garden,food,30,1.89,65,0.309,0,0,1,0
Udaipur,Rajasthan,Saheliyon-ki-Bari,garden,food,120,6.22,85,0.084,1,1,1,0
Hyderabad,Telangana,Golconda Fort,fort,explore,480,11.32,130,0.833,1,1,1,1
Lucknow,Uttar Pradesh,Chota Imambara,historic,culture,60,0.5,90,0.961,0,0,1,1
Nagpur,Maharashtra,Seminary Hill,nature,adventure,120,4.07,70,0.8,1,1,1,1
Delhi,Delhi,Lodhi Garden,garden,food,60,0.87,75,0.205,1,0,1,0
Ahmedabad,Gujarat,Lothal,historic,adventure,300,2.31,160,0.104,1,1,1,0
Gangtok,Sikkim,Rumtek Monastery,religious,nature,180,2.45,105,0.453,1,1,1,1
Varanasi,Uttar Pradesh,Sarnath,historic,explore,60,3.07,150,0.788,1,0,1,1
Darjeeling,West Bengal,Padmaja Naidu Himalayan Zoological Park,nature,nature,30,1.0,170,0.79,1,0,1,1
Srinagar,Jammu and Kashmir,Shankaracharya Temple,religious,culture,60,2.96,110,0.91,1,0,1,1
Jaipur,Rajasthan,City Palace,historic,food,120,3.64,135,0.255,0,0,1,0
Jaipur,Rajasthan,Jal Mahal,viewpoint,food,480,10.19,45,0.084,1,1,1,1
Lucknow,Uttar Pradesh,Residency Lucknow,historic,food,30,2.06,110,0.363,1,0,1,0
Varanasi,Uttar Pradesh,Kashi Vishwanath Temple,religious,food,120,7.98,95,0.204,1,1,1,1
Bengaluru,Karnataka,Vidhana Soudha,monument,culture,300,5.89,40,0.775,1,1,1,1
Darjeeling,West Bengal,Tiger Hill,viewpoint,culture,480,7.15,140,0.328,1,1,1,1
Pune,Maharashtra,Raja Dinkar Kelkar Museum,museum,explore,120,3.08,95,0.843,1,1,1,1
Mumbai,Maharashtra,Elephanta Caves,historic,food,480,26.18,165,0.317,1,1,1,0
Agra,Uttar Pradesh,Agra Fort,fort,nature,180,8.43,95,0.222,1,1,1,1
Srinagar,Jammu and Kashmir,Shankaracharya Temple,religious,explore,60,0.76,115,0.131,1,0,1,0
Hampi,Karnataka,Vittala Temple,historic,relax,60,3.14,135,0.426,1,0,1,0
Ahmedabad,Gujarat,Sidi Saiyyed Mosque,religious,food,480,7.85,50,0.14,1,1,1,0
Srinagar,Jammu and Kashmir,Pari Mahal,historic,culture,60,0.79,75,0.811,1,0,1,0
Goa,Goa,Basilica of Bom Jesus,religious,food,480,4.52,65,0.052,1,1,1,0
Kolkata,West Bengal,St. Paul's Cathedral,religious,culture,30,1.72,55,0.825,1,0,1,1
Mumbai,Maharashtra,Chhatrapati Shivaji Maharaj Terminus,historic,adventure,480,29.53,50,0.226,1,1,1,1
Udaipur,Rajasthan,Lake Pichola,lake,culture,480,25.36,105,0.352,1,1,1,1
Mumbai,Maharashtra,Juhu Beach,beach,adventure,180,10.89,105,0.459,0,1,1,1
Mumbai,Maharashtra,Chhatrapati Shivaji Maharaj Terminus,historic,food,480,19.64,70,0.397,1,1,1,1
Goa,Goa,Palolem Beach,beach,adventure,60,0.86,165,0.148,1,0,1,0
Lucknow,Uttar Pradesh,Janeshwar Mishra Park,park,explore,300,6.84,75,0.515,1,1,1,1
Udaipur,Rajasthan,Saheliyon-ki-Bari,garden,culture,30,2.49,70,0.499,0,0,1,0
Goa,Goa,Basilica of Bom Jesus,religious,relax,480,4.01,80,0.243,1,1,1,1
Ahmedabad,Gujarat,Kankaria Lake,nature,adventure,300,17.44,80,0.225,1,1,1,0
Goa,Goa,Fort Aguada,fort,nature,480,17.44,135,0.276,1,1,1,1
Lucknow,Uttar Pradesh,Bara Imambara,historic,culture,30,2.8,140,0.721,1,0,1,0
Lucknow,Uttar Pradesh,Residency Lucknow,historic,explore,180,1.25,85,0.871,1,1,1,1
Udaipur,Rajasthan,Jagdish Temple,religious,food,300,17.92,55,0.353,0,1,1,0
Hampi,Karnataka,Virupaksha Temple,religious,culture,30,0.55,75,0.876,1,0,1,1
Delhi,Delhi,Lodhi Garden,garden,food,120,1.87,65,0.33,1,1,1,1
Hampi,Karnataka,Vittala Temple,historic,culture,300,4.92,140,0.947,1,1,1,1
Chennai,Tamil Nadu,Government Museum Chennai,museum,food,120,5.14,110,0.061,1,1,1,1
Varanasi,Uttar Pradesh,Dashashwamedh Ghat,religious,explore,30,1.36,95,0.853,1,0,1,1
Gangtok,Sikkim,Tsomgo Lake,lake,relax,120,3.17,200,0.471,1,0,1,0
Kolkata,West Bengal,Howrah Bridge,monument,explore,300,11.72,40,0.948,0,1,1,1
Nashik,Maharashtra,Pandavleni Caves,historic,explore,60,0.71,140,0.752,1,0,1,1
Amritsar,Punjab,Sri Harmandir Sahib (Golden Temple),religious,adventure,60,0.68,120,0.525,1,0,1,0
Amritsar,Punjab,Wagah Border,monument,adventure,180,6.67,190,0.191,0,0,1,0
Bengaluru,Karnataka,Vidhana Soudha,monument,food,300,7.99,50,0.259,0,1,1,0
Mysuru,Karnataka,Mysuru Zoo,nature,food,300,16.05,170,0.387,1,1,1,1
Srinagar,Jammu and Kashmir,Pari Mahal,historic,explore,30,3.0,70,0.725,1,0,1,1
Goa,Goa,Dudhsagar Falls,nature,culture,180,9.43,285,0.397,1,0,1,0
Goa,Goa,Fort Aguada,fort,adventure,120,2.7,120,0.779,1,1,1,1
Pune,Maharashtra,Sarasbaug,park,nature,180,0.66,60,0.919,1,1,1,1
Nagpur,Maharashtra,Khindsi Lake,nature,relax,60,0.49,80,0.893,1,0,1,1
Ahmedabad,Gujarat,Lothal,historic,culture,480,29.74,160,0.771,1,1,1,1
Mumbai,Maharashtra,Chhatrapati Shivaji Maharaj Terminus,historic,adventure,60,3.0,65,0.392,1,0,1,0
Agra,Uttar Pradesh,Agra Fort,fort,relax,60,1.12,105,0.485,1,0,1,0
Mysuru,Karnataka,Brindavan Gardens,garden,adventure,300,19.2,85,0.291,1,1,1,1
Darjeeling,West Bengal,Padmaja Naidu Himalayan Zoological Park,nature,adventure,30,1.8,175,0.369,1,0,1,0
Darjeeling,West Bengal,Happy Valley Tea Estate,nature,food,180,11.56,110,0.21,1,1,1,0
Chennai,Tamil Nadu,Kapaleeshwarar Temple,religious,nature,30,2.33,75,0.406,1,0,1,0
Hampi,Karnataka,Hampi Bazaar,historic,nature,30,0.94,60,0.412,0,0,1,0
Mumbai,Maharashtra,Juhu Beach,beach,relax,300,5.5,85,0.783,1,1,1,1
Mumbai,Maharashtra,Marine Drive,viewpoint,adventure,300,9.94,60,0.522,1,1,1,1
Goa,Goa,Fort Aguada,fort,adventure,300,7.33,105,0.969,1,1,1,1
Goa,Goa,Baga Beach,beach,culture,300,6.98,130,0.451,1,1,1,1
Nagpur,Maharashtra,Seminary Hill,nature,nature,120,7.31,70,0.867,1,1,1,1
Agra,Uttar Pradesh,Mehtab Bagh,garden,culture,30,1.86,60,0.469,1,0,1,0
Hyderabad,Telangana,Charminar,historic,nature,180,11.14,90,0.546,1,1,1,1
Goa,Goa,Fort Aguada,fort,food,60,1.24,115,0.181,1,0,1,0
Varanasi,Uttar Pradesh,Assi Ghat,religious,explore,180,11.2,65,0.906,1,1,1,1
Nagpur,Maharashtra,Seminary Hill,nature,explore,480,4.19,55,0.328,1,1,1,1
Bengaluru,Karnataka,Bangalore Palace,historic,explore,300,1.25,105,0.839,0,1,1,1
Nashik,Maharashtra,Trimbakeshwar Temple,religious,culture,300,14.19,105,0.744,1,1,1,1
Chennai,Tamil Nadu,Fort St George,historic,adventure,30,1.03,85,0.291,1,0,1,0
Goa,Goa,Palolem Beach,beach,explore,180,7.28,145,0.391,1,1,1,1
Kolkata,West Bengal,St. Paul's Cathedral,religious,nature,480,21.46,60,0.182,1,1,1,1
Nashik,Maharashtra,Nandur Madhameshwar Bird Sanctuary,nature,food,180,3.24,210,0.181,1,0,1,0
Mumbai,Maharashtra,Juhu Beach,beach,culture,480,31.18,85,0.407,1,1,1,1
Nagpur,Maharashtra,Deekshabhoomi,monument,nature,300,11.69,55,0.375,1,1,1,1
Amritsar,Punjab,Jallianwala Bagh,historic,culture,180,1.97,85,0.813,1,1,1,1
Darjeeling,West Bengal,Tiger Hill,viewpoint,culture,180,6.44,120,0.496,1,1,1,1
Goa,Goa,Baga Beach,beach,culture,480,23.03,105,0.323,0,1,1,0
Bengaluru,Karnataka,Cubbon Park,park,relax,120,3.02,70,0.864,1,1,1,1
Nashik,Maharashtra,Nandur Madhameshwar Bird Sanctuary,nature,nature,480,5.71,200,0.758,1,1,1,1
Agra,Uttar Pradesh,Mehtab Bagh,garden,food,180,3.78,90,0.127,1,1,1,0
Bengaluru,Karnataka,Bangalore Palace,historic,nature,120,5.03,95,0.46,1,1,1,1
Hampi,Karnataka,Hampi Bazaar,historic,culture,300,18.43,70,0.937,1,1,1,1
Mysuru,Karnataka,Mysore Palace,historic,food,480,3.8,115,0.269,1,1,1,1
Agra,Uttar Pradesh,Mehtab Bagh,garden,nature,480,9.77,80,0.848,1,1,1,1
Chennai,Tamil Nadu,Government Museum Chennai,museum,relax,60,0.48,135,0.347,1,0,1,0
Kolkata,West Bengal,Victoria Memorial,historic,explore,180,8.05,140,0.843,1,1,1,1
Amritsar,Punjab,Jallianwala Bagh,historic,adventure,30,1.32,75,0.356,1,0,1,0
Ahmedabad,Gujarat,Sidi Saiyyed Mosque,religious,explore,480,20.88,65,0.926,1,1,1,1
Mysuru,Karnataka,Mysuru Zoo,nature,explore,480,21.79,200,0.942,1,1,1,1
Nashik,Maharashtra,Trimbakeshwar Temple,religious,nature,180,11.39,110,0.26,1,1,1,1
Chennai,Tamil Nadu,Fort St George,historic,food,480,34.11,85,0.333,1,1,1,1
Agra,Uttar Pradesh,Taj Mahal,historic,relax,480,10.09,170,0.782,1,1,1,1
Srinagar,Jammu and Kashmir,Pari Mahal,historic,nature,300,10.22,65,0.341,1,1,1,1
Agra,Uttar Pradesh,Taj Mahal,historic,nature,120,3.73,160,0.359,1,0,1,0
Pune,Maharashtra,Aga Khan Palace,historic,culture,120,3.81,85,0.948,1,1,1,1
Nashik,Maharashtra,Panchvati,historic,explore,300,15.55,70,0.849,1,1,1,1
Nagpur,Maharashtra,Deekshabhoomi,monument,explore,180,9.12,60,0.235,0,1,1,0
Gangtok,Sikkim,Tashi View Point,viewpoint,explore,180,8.74,50,0.946,1,1,1,1
Chennai,Tamil Nadu,Government Museum Chennai,museum,culture,30,1.51,135,0.838,1,0,1,1
Nashik,Maharashtra,Nandur Madhameshwar Bird Sanctuary,nature,explore,300,16.46,190,0.905,1,1,1,1
Agra,Uttar Pradesh,Taj Mahal,historic,nature,60,1.46,145,0.259,0,0,1,0
Agra,Uttar Pradesh,Mehtab Bagh,garden,culture,60,3.64,90,0.535,1,0,1,0
Gangtok,Sikkim,Rumtek Monastery,religious,culture,480,24.12,115,0.759,1,1,1,1
Udaipur,Rajasthan,City Palace Udaipur,historic,relax,180,7.11,160,0.488,1,1,1,1
Hampi,Karnataka,Virupaksha Temple,religious,explore,60,3.55,105,0.721,1,0,1,1
Delhi,Delhi,Red Fort,historic,relax,300,5.34,130,0.228,0,1,1,0
Hampi,Karnataka,Virupaksha Temple,religious,relax,180,4.93,100,0.338,1,1,1,1
Jaipur,Rajasthan,Nahargarh Fort,fort,culture,60,1.85,135,0.359,1,0,1,0
Srinagar,Jammu and Kashmir,Mughal Gardens,garden,adventure,180,2.62,95,0.266,1,1,1,1
Hampi,Karnataka,Matanga Hill,nature,culture,300,13.72,125,0.33,1,1,1,1
Kolkata,West Bengal,St. Paul's Cathedral,religious,relax,300,2.2,50,0.741,1,1,1,1
Gangtok,Sikkim,Rumtek Monastery,religious,adventure,30,2.95,105,0.321,1,0,1,0
Srinagar,Jammu and Kashmir,Dal Lake,lake,explore,480,12.08,140,0.877,0,1,1,1
Mysuru,Karnataka,Brindavan Gardens,garden,culture,60,0.97,80,0.464,1,0,1,0
Nagpur,Maharashtra,Seminary Hill,nature,culture,300,19.95,50,0.483,1,1,1,1
Gangtok,Sikkim,Banjhakri Falls,nature,food,480,2.4,105,0.391,1,1,1,1
Nagpur,Maharashtra,Deekshabhoomi,monument,adventure,60,0.81,65,0.213,1,0,1,0
Hyderabad,Telangana,Hussain Sagar Lake,nature,food,60,3.18,75,0.312,1,0,1,0
Ahmedabad,Gujarat,Lothal,historic,food,60,2.36,130,0.316,0,0,1,0
Nashik,Maharashtra,Panchvati,historic,nature,180,1.82,90,0.112,1,1,1,1
Mumbai,Maharashtra,Chhatrapati Shivaji Maharaj Terminus,historic,nature,180,10.6,55,0.477,0,1,1,0
Agra,Uttar Pradesh,Taj Mahal,historic,explore,30,1.65,135,0.721,1,0,1,0
Srinagar,Jammu and Kashmir,Mughal Gardens,garden,culture,30,0.41,95,0.418,1,0,1,0
Delhi,Delhi,Red Fort,historic,explore,120,1.78,110,0.823,1,1,1,1
Darjeeling,West Bengal,Padmaja Naidu Himalayan Zoological Park,nature,nature,480,1.81,165,0.871,1,1,1,1
Darjeeling,West Bengal,Happy Valley Tea Estate,nature,food,60,2.99,80,0.177,1,0,1,0
Nagpur,Maharashtra,Khindsi Lake,nature,culture,30,2.12,90,0.335,1,0,1,0
Pune,Maharashtra,Raja Dinkar Kelkar Museum,museum,relax,480,29.69,85,0.116,1,1,1,1
Chennai,Tamil Nadu,Kapaleeshwarar Temple,religious,relax,120,0.46,65,0.962,1,1,1,1
Chennai,Tamil Nadu,Marina Beach,beach,culture,180,5.0,105,0.199,0,1,1,0
Delhi,Delhi,Qutub Minar,historic,nature,60,3.98,110,0.132,0,0,1,0
Nagpur,Maharashtra,Satpuda Botanical Garden,garden,food,30,2.03,60,0.229,1,0,1,0
Delhi,Delhi,Red Fort,historic,nature,180,2.29,115,0.482,1,1,1,1
Mumbai,Maharashtra,Elephanta Caves,historic,relax,60,4.78,125,0.162,1,0,1,0
Mumbai,Maharashtra,Juhu Beach,beach,culture,120,5.04,90,0.278,1,1,1,1
Varanasi,Uttar Pradesh,Dashashwamedh Ghat,religious,nature,480,23.03,105,0.165,1,1,1,0
Nashik,Maharashtra,Trimbakeshwar Temple,religious,culture,60,3.73,140,0.884,1,0,1,1
Agra,Uttar Pradesh,Taj Mahal,historic,explore,180,4.97,120,0.75,1,1,1,1
Jaipur,Rajasthan,City Palace,historic,food,60,4.77,125,0.153,1,0,1,0
Darjeeling,West Bengal,Darjeeling Himalayan Railway,historic,adventure,300,7.74,170,0.308,1,1,1,0
Jaipur,Rajasthan,Nahargarh Fort,fort,adventure,180,4.43,130,0.841,1,1,1,1
Pune,Maharashtra,Raja Dinkar Kelkar Museum,museum,relax,180,9.63,105,0.461,1,1,1,1
Bengaluru,Karnataka,Bannerghatta Biological Park,nature,adventure,120,4.12,145,0.722,1,0,1,1
Ahmedabad,Gujarat,Lothal,historic,nature,30,2.13,130,0.421,0,0,1,0
Gangtok,Sikkim,Tashi View Point,viewpoint,culture,60,0.7,65,0.227,1,0,1,0
Chennai,Tamil Nadu,Marina Beach,beach,adventure,180,0.82,105,0.163,1,1,1,1
Hyderabad,Telangana,Charminar,historic,culture,300,12.75,75,0.824,1,1,1,1
Pune,Maharashtra,Sinhagad Fort,fort,adventure,30,1.84,205,0.748,1,0,1,1
Nagpur,Maharashtra,Ramtek Fort Temple,fort,relax,300,9.89,140,0.463,0,1,1,0
Jaipur,Rajasthan,Jal Mahal,viewpoint,explore,60,2.36,45,0.721,1,1,1,1
Udaipur,Rajasthan,Jagdish Temple,religious,relax,60,3.15,65,0.898,1,0,1,1
Ahmedabad,Gujarat,Lothal,historic,food,30,1.48,175,0.097,1,0,1,0
Chennai,Tamil Nadu,Guindy National Park,nature,nature,300,9.48,115,0.822,1,1,1,1
Kolkata,West Bengal,Indian Museum,museum,explore,60,2.17,120,0.748,1,0,1,1
Udaipur,Rajasthan,Jagdish Temple,religious,nature,300,17.54,50,0.15,0,1,1,0
Varanasi,Uttar Pradesh,Kashi Vishwanath Temple,religious,relax,480,11.27,85,0.877,1,1,1,1
Nagpur,Maharashtra,Khindsi Lake,nature,culture,180,9.83,105,0.346,1,1,1,1
Nagpur,Maharashtra,Satpuda Botanical Garden,garden,nature,60,1.55,60,0.743,1,1,1,1
Mumbai,Maharashtra,Gateway of India,historic,culture,30,0.54,80,0.734,1,0,1,1
Hyderabad,Telangana,Hussain Sagar Lake,nature,explore,30,2.82,70,0.814,1,0,1,1
Gangtok,Sikkim,Tsomgo Lake,lake,food,120,0.57,145,0.105,0,0,1,0
Amritsar,Punjab,Jallianwala Bagh,historic,explore,300,12.12,80,0.879,1,1,1,1
Bengaluru,Karnataka,Bangalore Palace,historic,nature,180,2.09,95,0.432,1,1,1,0
Kolkata,West Bengal,Victoria Memorial,historic,relax,60,2.49,105,0.468,1,0,1,0
Hampi,Karnataka,Vittala Temple,historic,relax,180,4.68,130,0.411,1,1,1,1
Delhi,Delhi,Humayun's Tomb,historic,explore,180,3.23,80,0.104,1,1,1,1
Amritsar,Punjab,Jallianwala Bagh,historic,explore,60,1.97,80,0.827,0,0,1,1
Agra,Uttar Pradesh,Mehtab Bagh,garden,adventure,120,2.25,90,0.272,0,1,1,0
Nagpur,Maharashtra,Khindsi Lake,nature,explore,30,0.47,95,0.255,1,0,1,0
Gangtok,Sikkim,Tashi View Point,viewpoint,explore,120,2.58,60,0.897,0,1,1,1
Pune,Maharashtra,Shaniwar Wada,historic,food,180,6.38,90,0.392,1,1,1,1
Gangtok,Sikkim,Banjhakri Falls,nature,adventure,480,28.94,105,0.76,0,1,1,1
Pune,Maharashtra,Sarasbaug,park,food,120,6.47,60,0.35,0,1,1,0
Kolkata,West Bengal,St. Paul's Cathedral,religious,adventure,300,14.12,50,0.486,1,1,1,1
Chennai,Tamil Nadu,Kapaleeshwarar Temple,religious,adventure,180,4.99,80,0.538,1,1,1,1
Nagpur,Maharashtra,Deekshabhoomi,monument,relax,120,1.84,50,0.971,1,1,1,1
Delhi,Delhi,Qutub Minar,historic,explore,180,11.03,125,0.971,1,1,1,1
Darjeeling,West Bengal,Padmaja Naidu Himalayan Zoological Park,nature,relax,30,2.7,145,0.386,1,0,1,0
Kolkata,West Bengal,Howrah Bridge,monument,food,30,0.57,50,0.155,1,0,1,0
Delhi,Delhi,Humayun's Tomb,historic,explore,480,30.6,95,0.285,1,1,1,0
Hampi,Karnataka,Virupaksha Temple,religious,culture,60,3.39,90,0.951,1,0,1,1
Goa,Goa,Fort Aguada,fort,relax,30,2.02,100,0.545,1,0,1,0
Pune,Maharashtra,Raja Dinkar Kelkar Museum,museum,relax,120,3.96,80,0.183,1,1,1,1
Agra,Uttar Pradesh,Mehtab Bagh,garden,explore,180,10.95,70,0.179,1,1,1,0
Bengaluru,Karnataka,Bangalore Palace,historic,food,120,3.06,105,0.114,1,1,1,1
Jaipur,Rajasthan,City Palace,historic,nature,30,0.9,100,0.408,0,0,1,0
Mysuru,Karnataka,Chamundi Hill,nature,adventure,30,2.47,140,0.899,0,0,1,1
Pune,Maharashtra,Raja Dinkar Kelkar Museum,museum,explore,480,21.38,95,0.936,0,1,1,1
Mumbai,Maharashtra,Juhu Beach,beach,relax,180,6.08,85,0.832,1,1,1,1
Gangtok,Sikkim,Rumtek Monastery,religious,nature,30,1.38,110,0.374,1,0,1,0
Jaipur,Rajasthan,City Palace,historic,adventure,180,3.27,130,0.17,1,1,1,1
Nagpur,Maharashtra,Ramtek Fort Temple,fort,culture,120,5.61,120,0.83,1,1,1,1
Delhi,Delhi,Qutub Minar,historic,food,30,2.04,95,0.148,1,0,1,0
Srinagar,Jammu and Kashmir,Dal Lake,lake,explore,60,3.27,110,0.973,0,0,1,1
Kolkata,West Bengal,Indian Museum,museum,nature,60,3.42,130,0.187,1,0,1,0
Nagpur,Maharashtra,Ambazari Lake,nature,explore,60,3.66,85,0.372,1,0,1,0
Delhi,Delhi,Humayun's Tomb,historic,food,30,2.7,100,0.134,1,0,1,0
Udaipur,Rajasthan,Jagdish Temple,religious,food,480,29.99,70,0.315,1,1,1,1
Darjeeling,West Bengal,Padmaja Naidu Himalayan Zoological Park,nature,nature,300,3.14,160,0.853,1,1,1,1
Mysuru,Karnataka,Mysore Palace,historic,relax,120,0.47,140,0.125,1,0,1,0
Gangtok,Sikkim,Tashi View Point,viewpoint,culture,30,0.41,60,0.363,1,0,1,0
Hyderabad,Telangana,Salar Jung Museum,museum,nature,60,1.55,135,0.4,1,0,1,0
Hampi,Karnataka,Vittala Temple,historic,explore,480,19.02,135,0.962,0,1,1,1
Jaipur,Rajasthan,Jal Mahal,viewpoint,explore,180,6.72,50,0.779,0,1,1,1
Chennai,Tamil Nadu,Marina Beach,beach,nature,300,10.38,75,0.762,1,1,1,1
Mumbai,Maharashtra,Marine Drive,viewpoint,adventure,30,1.92,65,0.138,1,0,1,0
Hampi,Karnataka,Vittala Temple,historic,nature,180,10.25,140,0.423,1,1,1,1
Goa,Goa,Basilica of Bom Jesus,religious,food,120,3.81,70,0.121,1,1,1,0
Goa,Goa,Dudhsagar Falls,nature,adventure,120,5.9,265,0.951,1,0,1,1
Srinagar,Jammu and Kashmir,Mughal Gardens,garden,food,30,0.59,85,0.086,0,0,1,0
Delhi,Delhi,India Gate,monument,nature,480,26.23,50,0.223,1,1,1,0
Darjeeling,West Bengal,Tiger Hill,viewpoint,food,300,0.8,125,0.146,1,1,1,1
Delhi,Delhi,Qutub Minar,historic,relax,120,4.89,120,0.167,1,1,1,1
Ahmedabad,Gujarat,Adalaj Stepwell,historic,culture,30,0.58,85,0.96,0,0,1,0
Srinagar,Jammu and Kashmir,Shankaracharya Temple,religious,relax,30,0.8,130,0.491,1,0,1,0
Lucknow,Uttar Pradesh,Residency Lucknow,historic,food,120,1.21,95,0.222,1,1,1,0
Pune,Maharashtra,Pune Okayama Friendship Garden,garden,adventure,60,3.18,65,0.119,1,0,1,0
Mysuru,Karnataka,Mysore Palace,historic,culture,60,1.66,125,0.758,1,0,1,0
Srinagar,Jammu and Kashmir,Shankaracharya Temple,religious,relax,120,1.95,145,0.518,1,0,1,0
Srinagar,Jammu and Kashmir,Mughal Gardens,garden,adventure,120,7.21,100,0.445,1,1,1,1
Kolkata,West Bengal,Maidan,park,culture,480,2.3,85,0.107,1,1,1,1
Goa,Goa,Palolem Beach,beach,relax,300,10.92,145,0.925,1,1,1,1
Delhi,Delhi,Qutub Minar,historic,relax,30,1.51,105,0.256,1,0,1,0
Hampi,Karnataka,Vittala Temple,historic,adventure,480,32.44,110,0.218,1,1,1,0
Ahmedabad,Gujarat,Sabarmati Ashram,historic,culture,120,1.71,80,0.73,1,1,1,1
Lucknow,Uttar Pradesh,Chota Imambara,historic,nature,60,1.5,100,0.42,1,0,1,0
Agra,Uttar Pradesh,Agra Fort,fort,relax,30,1.59,120,0.175,1,0,1,0
Hyderabad,Telangana,Hussain Sagar Lake,nature,adventure,120,7.54,70,0.27,1,1,1,1
Delhi,Delhi,Red Fort,historic,food,480,12.24,115,0.097,1,1,1,1
Ahmedabad,Gujarat,Kankaria Lake,nature,nature,30,0.46,95,0.765,1,0,1,1
Nashik,Maharashtra,Saptashrungi Temple,religious,adventure,120,1.99,155,0.78,0,0,1,0
Hyderabad,Telangana,Charminar,historic,culture,30,1.62,75,0.855,0,0,1,0
Srinagar,Jammu and Kashmir,Dal Lake,lake,explore,300,8.91,140,0.907,0,1,1,1
Ahmedabad,Gujarat,Sidi Saiyyed Mosque,religious,culture,60,3.12,65,0.923,1,0,1,1
Bengaluru,Karnataka,Cubbon Park,park,adventure,60,1.63,70,0.29,1,0,1,0
Srinagar,Jammu and Kashmir,Mughal Gardens,garden,explore,60,4.85,75,0.369,1,0,1,0
Bengaluru,Karnataka,Bannerghatta Biological Park,nature,adventure,300,17.84,165,0.973,1,1,1,1
Agra,Uttar Pradesh,Itmad-ud-Daulah's Tomb,historic,adventure,120,6.45,90,0.159,1,1,1,1
Mysuru,Karnataka,Mysuru Zoo,nature,adventure,480,34.2,175,0.294,1,1,1,1
Delhi,Delhi,Lodhi Garden,garden,relax,480,13.01,90,0.864,1,1,1,1
Hyderabad,Telangana,Hussain Sagar Lake,nature,culture,120,2.07,60,0.152,1,1,1,0
Gangtok,Sikkim,Banjhakri Falls,nature,culture,120,4.43,125,0.368,1,0,1,0
Mumbai,Maharashtra,Hanging Gardens,garden,culture,30,2.41,70,0.433,1,0,1,0
Goa,Goa,Palolem Beach,beach,nature,300,8.51,160,0.816,1,1,1,1
Agra,Uttar Pradesh,Agra Fort,fort,explore,180,8.79,115,0.82,1,1,1,1
Pune,Maharashtra,Raja Dinkar Kelkar Museum,museum,food,60,3.56,105,0.077,1,0,1,0
Nagpur,Maharashtra,Satpuda Botanical Garden,garden,food,480,16.0,55,0.233,1,1,1,0
Bengaluru,Karnataka,Cubbon Park,park,culture,60,4.74,65,0.17,0,0,1,0
Delhi,Delhi,Humayun's Tomb,historic,explore,30,2.1,95,0.203,1,0,1,0
Kolkata,West Bengal,Victoria Memorial,historic,adventure,300,2.75,135,0.391,1,1,1,1
Srinagar,Jammu and Kashmir,Pari Mahal,historic,culture,300,11.1,75,0.953,1,1,1,1
Ahmedabad,Gujarat,Kankaria Lake,nature,food,60,1.33,90,0.32,1,0,1,0
Pune,Maharashtra,Pune Okayama Friendship Garden,garden,relax,120,4.42,80,0.912,0,1,1,1
Ahmedabad,Gujarat,Sabarmati Ashram,historic,nature,180,11.98,90,0.426,1,1,1,1
Pune,Maharashtra,Raja Dinkar Kelkar Museum,museum,culture,180,2.9,90,0.923,1,1,1,1
Goa,Goa,Dudhsagar Falls,nature,relax,120,4.56,210,0.431,1,0,1,0
Srinagar,Jammu and Kashmir,Pari Mahal,historic,explore,60,4.51,80,0.825,1,0,1,1
Nagpur,Maharashtra,Seminary Hill,nature,adventure,180,3.96,60,0.804,1,1,1,1
Amritsar,Punjab,Partition Museum,museum,culture,300,16.7,115,0.735,1,1,1,1
Goa,Goa,Dudhsagar Falls,nature,relax,480,34.72,205,0.234,1,1,1,1
Mumbai,Maharashtra,Marine Drive,viewpoint,nature,300,4.32,50,0.925,1,1,1,1
Mysuru,Karnataka,Chamundi Hill,nature,adventure,60,0.79,125,0.98,1,0,1,1
Chennai,Tamil Nadu,Government Museum Chennai,museum,adventure,300,6.7,120,0.467,1,1,1,1
Hyderabad,Telangana,Golconda Fort,fort,food,300,1.36,170,0.399,1,1,1,1
Nagpur,Maharashtra,Satpuda Botanical Garden,garden,relax,60,1.41,60,0.978,1,1,1,1
Darjeeling,West Bengal,Padmaja Naidu Himalayan Zoological Park,nature,explore,300,17.04,155,0.953,1,1,1,1
Mumbai,Maharashtra,Chhatrapati Shivaji Maharaj Terminus,historic,culture,300,5.85,55,0.831,1,1,1,1
Mumbai,Maharashtra,Hanging Gardens,garden,culture,180,3.16,70,0.257,1,1,1,1
Ahmedabad,Gujarat,Sabarmati Ashram,historic,food,60,2.01,85,0.312,1,0,1,0
Udaipur,Rajasthan,City Palace Udaipur,historic,explore,300,12.97,150,0.826,1,1,1,1
Lucknow,Uttar Pradesh,Bara Imambara,historic,culture,120,7.6,115,0.957,1,1,1,1
Kolkata,West Bengal,Howrah Bridge,monument,food,60,3.38,40,0.211,1,1,1,0
Hyderabad,Telangana,Salar Jung Museum,museum,adventure,300,7.52,125,0.335,1,1,1,1
Mysuru,Karnataka,Mysore Palace,historic,adventure,60,0.56,145,0.476,1,0,1,0
Hampi,Karnataka,Hampi Bazaar,historic,nature,60,2.01,60,0.498,1,1,1,1
Hyderabad,Telangana,Hussain Sagar Lake,nature,adventure,30,0.42,80,0.545,1,0,1,0
Amritsar,Punjab,Jallianwala Bagh,historic,relax,480,19.81,65,0.167,1,1,1,1
Hyderabad,Telangana,Charminar,historic,adventure,480,6.35,75,0.288,1,1,1,1
Bengaluru,Karnataka,Lalbagh Botanical Garden,garden,relax,120,5.97,80,0.867,1,1,1,1
Nashik,Maharashtra,Panchvati,historic,explore,30,0.72,70,0.957,0,0,1,1
Hyderabad,Telangana,Charminar,historic,culture,180,4.02,60,0.721,1,1,1,1
Kolkata,West Bengal,Howrah Bridge,monument,nature,480,3.57,45,0.326,0,1,1,1
Jaipur,Rajasthan,Nahargarh Fort,fort,explore,480,14.07,120,0.755,1,1,1,1
Lucknow,Uttar Pradesh,Bara Imambara,historic,relax,480,21.13,120,0.525,1,1,1,1
Delhi,Delhi,Qutub Minar,historic,explore,120,1.02,110,0.89,1,1,1,1
Jaipur,Rajasthan,Hawa Mahal,historic,relax,300,8.66,50,0.289,0,1,1,0
Goa,Goa,Fort Aguada,fort,relax,480,20.86,140,0.258,0,1,1,0
Kolkata,West Bengal,Indian Museum,museum,nature,120,7.99,130,0.366,1,0,1,0
Pune,Maharashtra,Sarasbaug,park,culture,480,34.75,55,0.173,1,1,1,1
Delhi,Delhi,Red Fort,historic,culture,300,13.92,105,0.777,1,1,1,1
Mysuru,Karnataka,Brindavan Gardens,garden,food,60,4.27,90,0.284,1,0,1,0
Nashik,Maharashtra,Pandavleni Caves,historic,nature,180,1.84,125,0.368,1,1,1,1
Chennai,Tamil Nadu,Fort St George,historic,culture,60,2.05,85,0.798,0,0,1,1
Mysuru,Karnataka,Brindavan Gardens,garden,explore,180,9.78,75,0.526,1,1,1,1
Bengaluru,Karnataka,Bangalore Palace,historic,relax,30,1.15,90,0.325,1,0,1,0
Amritsar,Punjab,Wagah Border,monument,culture,60,2.37,165,0.942,1,0,1,1
Agra,Uttar Pradesh,Akbar's Tomb,historic,food,60,1.57,85,0.23,1,0,1,0
Goa,Goa,Fort Aguada,fort,nature,180,3.67,125,0.319,1,1,1,1
Jaipur,Rajasthan,Jal Mahal,viewpoint,explore,120,3.38,40,0.789,1,1,1,1
Ahmedabad,Gujarat,Kankaria Lake,nature,adventure,120,3.57,90,0.306,1,1,1,1
Goa,Goa,Fort Aguada,fort,food,300,17.88,120,0.366,1,1,1,0
Bengaluru,Karnataka,Lalbagh Botanical Garden,garden,explore,60,2.88,90,0.441,1,0,1,0
Darjeeling,West Bengal,Padmaja Naidu Himalayan Zoological Park,nature,food,120,1.8,165,0.052,1,0,1,0
Hyderabad,Telangana,Qutb Shahi Tombs,historic,adventure,120,5.22,105,0.214,1,1,1,0
Chennai,Tamil Nadu,Guindy National Park,nature,adventure,180,11.5,100,0.768,1,1,1,1
Nagpur,Maharashtra,Satpuda Botanical Garden,garden,adventure,300,16.04,70,0.273,1,1,1,1
Chennai,Tamil Nadu,Marina Beach,beach,explore,480,22.42,85,0.97,1,1,1,1
Hampi,Karnataka,Matanga Hill,nature,nature,300,4.9,115,0.918,1,1,1,1
Jaipur,Rajasthan,Jantar Mantar,museum,adventure,30,2.4,80,0.275,0,0,1,0
Amritsar,Punjab,Partition Museum,museum,food,480,24.05,110,0.217,1,1,1,1
Gangtok,Sikkim,Tashi View Point,viewpoint,adventure,60,2.84,50,0.413,1,1,1,1
Kolkata,West Bengal,Victoria Memorial,historic,food,30,1.88,120,0.191,1,0,1,0
Gangtok,Sikkim,Rumtek Monastery,religious,food,480,26.78,125,0.146,1,1,1,1
Delhi,Delhi,Lotus Temple,religious,relax,120,3.64,65,0.889,1,1,1,1
Hyderabad,Telangana,Salar Jung Museum,museum,explore,300,1.91,100,0.974,1,1,1,1
Ahmedabad,Gujarat,Sidi Saiyyed Mosque,religious,culture,180,2.47,55,0.797,1,1,1,1
Nashik,Maharashtra,Anjaneri Hills,nature,relax,180,10.26,215,0.309,0,0,1,0
Agra,Uttar Pradesh,Taj Mahal,historic,culture,300,15.93,135,0.752,1,1,1,1
Hampi,Karnataka,Matanga Hill,nature,food,60,2.82,135,0.115,1,0,1,0
Lucknow,Uttar Pradesh,Bara Imambara,historic,food,180,10.16,125,0.315,1,1,1,1
Lucknow,Uttar Pradesh,Chota Imambara,historic,nature,480,17.2,90,0.253,1,1,1,1
Chennai,Tamil Nadu,Guindy National Park,nature,explore,30,1.74,120,0.476,1,0,1,0
Srinagar,Jammu and Kashmir,Dal Lake,lake,culture,30,0.74,140,0.527,1,0,1,0
Bengaluru,Karnataka,Bannerghatta Biological Park,nature,nature,120,4.21,190,0.825,1,0,1,1
Lucknow,Uttar Pradesh,Residency Lucknow,historic,relax,480,0.86,100,0.398,1,1,1,1
Mumbai,Maharashtra,Hanging Gardens,garden,culture,480,3.33,55,0.423,1,1,1,1
Amritsar,Punjab,Jallianwala Bagh,historic,explore,180,9.76,70,0.852,1,1,1,1
Mumbai,Maharashtra,Chhatrapati Shivaji Maharaj Terminus,historic,relax,480,34.54,65,0.528,0,1,1,1
Chennai,Tamil Nadu,Kapaleeshwarar Temple,religious,relax,30,1.91,65,0.721,1,0,1,1
Nagpur,Maharashtra,Deekshabhoomi,monument,relax,300,10.87,55,0.728,1,1,1,1
Agra,Uttar Pradesh,Taj Mahal,historic,culture,30,2.96,130,0.827,1,0,1,1
Hyderabad,Telangana,Charminar,historic,explore,180,7.85,65,0.866,1,1,1,1
Lucknow,Uttar Pradesh,Chota Imambara,historic,relax,300,2.81,85,0.3,1,1,1,1
Mysuru,Karnataka,Brindavan Gardens,garden,food,180,10.55,75,0.38,1,1,1,1
Gangtok,Sikkim,Banjhakri Falls,nature,food,180,7.3,100,0.117,1,1,1,0
Agra,Uttar Pradesh,Mehtab Bagh,garden,relax,300,9.76,85,0.914,1,1,1,1
Hyderabad,Telangana,Charminar,historic,culture,60,3.17,80,0.732,1,0,1,1
Agra,Uttar Pradesh,Taj Mahal,historic,culture,480,13.76,120,0.933,1,1,1,1
Goa,Goa,Basilica of Bom Jesus,religious,relax,300,8.17,85,0.181,1,1,1,1
Hampi,Karnataka,Matanga Hill,nature,explore,480,11.6,130,0.896,1,1,1,1
Mysuru,Karnataka,Mysuru Zoo,nature,food,180,5.23,185,0.11,1,0,1,0
Amritsar,Punjab,Partition Museum,museum,relax,30,0.94,100,0.456,1,0,1,0
Pune,Maharashtra,Pune Okayama Friendship Garden,garden,explore,180,2.59,85,0.301,1,1,1,1
Hyderabad,Telangana,Hussain Sagar Lake,nature,relax,30,1.3,80,0.861,1,0,1,1
Pune,Maharashtra,Raja Dinkar Kelkar Museum,museum,nature,180,5.52,105,0.337,1,1,1,1
Udaipur,Rajasthan,Lake Pichola,lake,relax,30,2.16,80,0.932,1,0,1,1
Udaipur,Rajasthan,Saheliyon-ki-Bari,garden,adventure,30,1.48,85,0.5,1,0,1,0
Ahmedabad,Gujarat,Sabarmati Ashram,historic,adventure,60,1.15,85,0.215,1,0,1,0
Varanasi,Uttar Pradesh,Assi Ghat,religious,culture,120,7.85,75,0.859,1,1,1,1
Jaipur,Rajasthan,Hawa Mahal,historic,relax,120,3.77,55,0.389,1,1,1,1
Lucknow,Uttar Pradesh,Residency Lucknow,historic,food,180,10.22,90,0.324,1,1,1,1
Hyderabad,Telangana,Hussain Sagar Lake,nature,food,480,27.31,65,0.091,1,1,1,0
Udaipur,Rajasthan,Lake Pichola,lake,nature,300,12.42,85,0.976,1,1,1,1
Ahmedabad,Gujarat,Adalaj Stepwell,historic,relax,30,2.62,75,0.137,1,0,1,0
Srinagar,Jammu and Kashmir,Shankaracharya Temple,religious,culture,120,7.63,110,0.885,0,1,1,1
Agra,Uttar Pradesh,Agra Fort,fort,nature,300,8.99,100,0.459,1,1,1,1
Pune,Maharashtra,Sinhagad Fort,fort,food,120,6.27,170,0.342,1,0,1,0
Varanasi,Uttar Pradesh,Assi Ghat,religious,food,480,21.33,80,0.139,1,1,1,0
Mysuru,Karnataka,Mysuru Zoo,nature,adventure,60,0.8,155,0.297,1,0,1,0
Chennai,Tamil Nadu,Kapaleeshwarar Temple,religious,nature,120,5.57,60,0.199,1,1,1,1
Kolkata,West Bengal,Indian Museum,museum,culture,480,6.92,130,0.785,1,1,1,1
Bengaluru,Karnataka,Lalbagh Botanical Garden,garden,explore,480,29.04,105,0.486,1,1,1,1
Hyderabad,Telangana,Hussain Sagar Lake,nature,food,300,2.07,70,0.311,1,1,1,1
Pune,Maharashtra,Shaniwar Wada,historic,nature,120,4.8,60,0.117,1,1,1,1
Mysuru,Karnataka,Mysore Palace,historic,explore,60,1.87,125,0.775,1,0,1,1
Chennai,Tamil Nadu,Fort St George,historic,culture,480,13.41,105,0.938,1,1,1,1
Nagpur,Maharashtra,Seminary Hill,nature,relax,480,0.63,55,0.915,1,1,1,1
Delhi,Delhi,Red Fort,historic,relax,60,3.41,120,0.326,0,0,1,0
Kolkata,West Bengal,St. Paul's Cathedral,religious,relax,120,5.83,50,0.941,1,1,1,1
Chennai,Tamil Nadu,Fort St George,historic,nature,300,2.73,85,0.312,0,1,1,0
Mumbai,Maharashtra,Hanging Gardens,garden,food,30,1.03,55,0.104,1,0,1,0
Hyderabad,Telangana,Hussain Sagar Lake,nature,nature,180,1.57,85,0.849,1,1,1,1
Hyderabad,Telangana,Golconda Fort,fort,adventure,300,9.94,130,0.867,1,1,1,1
Varanasi,Uttar Pradesh,Sarnath,historic,adventure,60,2.29,170,0.505,1,0,1,0
Pune,Maharashtra,Sinhagad Fort,fort,food,60,1.62,175,0.201,1,0,1,0
Nagpur,Maharashtra,Ambazari Lake,nature,relax,480,9.94,65,0.77,1,1,1,1
Chennai,Tamil Nadu,Guindy National Park,nature,explore,60,1.84,110,0.406,1,0,1,0
Hampi,Karnataka,Hampi Bazaar,historic,adventure,30,0.54,65,0.425,1,0,1,0
Nashik,Maharashtra,Saptashrungi Temple,religious,culture,30,0.71,135,0.805,1,0,1,1
Kolkata,West Bengal,Victoria Memorial,historic,adventure,180,9.71,100,0.496,1,1,1,1
Mumbai,Maharashtra,Hanging Gardens,garden,relax,300,15.35,50,0.815,1,1,1,1
Nashik,Maharashtra,Panchvati,historic,adventure,180,7.07,75,0.376,1,1,1,1
Pune,Maharashtra,Aga Khan Palace,historic,nature,120,8.0,90,0.143,1,1,1,1
Nagpur,Maharashtra,Deekshabhoomi,monument,relax,180,7.23,50,0.934,1,1,1,1
Hampi,Karnataka,Matanga Hill,nature,food,300,1.05,140,0.326,1,1,1,1
Gangtok,Sikkim,Tsomgo Lake,lake,explore,120,1.22,215,0.325,1,0,1,0
Agra,Uttar Pradesh,Itmad-ud-Daulah's Tomb,historic,adventure,480,21.97,75,0.454,1,1,1,1
Ahmedabad,Gujarat,Sabarmati Ashram,historic,food,180,7.86,105,0.4,1,1,1,1
Udaipur,Rajasthan,Jagdish Temple,religious,culture,60,3.0,70,0.889,1,0,1,1
Darjeeling,West Bengal,Happy Valley Tea Estate,nature,explore,60,3.52,105,0.905,1,0,1,1
Agra,Uttar Pradesh,Akbar's Tomb,historic,culture,30,1.41,105,0.887,1,0,1,1
Darjeeling,West Bengal,Darjeeling Himalayan Railway,historic,nature,30,1.25,175,0.428,1,0,1,0
Nagpur,Maharashtra,Ramtek Fort Temple,fort,culture,30,2.6,100,0.728,1,0,1,0
Mumbai,Maharashtra,Elephanta Caves,historic,explore,60,3.2,150,0.824,1,0,1,1
Agra,Uttar Pradesh,Akbar's Tomb,historic,adventure,30,0.88,75,0.176,1,0,1,0
Goa,Goa,Fort Aguada,fort,adventure,480,6.07,105,0.875,1,1,1,1
Delhi,Delhi,Qutub Minar,historic,nature,300,19.79,100,0.519,1,1,1,1
Chennai,Tamil Nadu,Fort St George,historic,relax,480,31.76,100,0.502,1,1,1,1
Goa,Goa,Baga Beach,beach,food,60,2.12,120,0.067,1,0,1,0
Bengaluru,Karnataka,Cubbon Park,park,nature,180,10.89,75,0.882,1,1,1,1
Mumbai,Maharashtra,Hanging Gardens,garden,nature,180,7.34,50,0.792,1,1,1,1
Nashik,Maharashtra,Anjaneri Hills,nature,food,180,11.06,165,0.09,1,1,1,1
Hyderabad,Telangana,Charminar,historic,food,300,14.31,80,0.221,1,1,1,0
Mumbai,Maharashtra,Marine Drive,viewpoint,relax,180,3.04,60,0.737,1,1,1,1
Mumbai,Maharashtra,Chhatrapati Shivaji Maharaj Terminus,historic,relax,120,6.2,55,0.264,1,1,1,1
Bengaluru,Karnataka,Vidhana Soudha,monument,adventure,180,8.77,55,0.18,1,1,1,0
Nashik,Maharashtra,Trimbakeshwar Temple,religious,food,480,3.48,95,0.07,1,1,1,0
Mumbai,Maharashtra,Marine Drive,viewpoint,relax,480,7.13,60,0.731,1,1,1,1
Jaipur,Rajasthan,Jantar Mantar,museum,culture,300,0.95,90,0.778,1,1,1,1
Delhi,Delhi,Red Fort,historic,culture,60,3.34,140,0.748,1,0,1,1
Goa,Goa,Fort Aguada,fort,relax,180,2.08,115,0.227,1,1,1,1
Pune,Maharashtra,Aga Khan Palace,historic,explore,30,0.77,105,0.745,1,0,1,1
Delhi,Delhi,Lotus Temple,religious,culture,60,3.08,70,0.738,1,0,1,1
Goa,Goa,Basilica of Bom Jesus,religious,food,300,9.67,65,0.172,0,1,1,0
Pune,Maharashtra,Aga Khan Palace,historic,adventure,120,0.41,80,0.503,1,1,1,1
Udaipur,Rajasthan,Lake Pichola,lake,food,30,2.08,100,0.245,1,0,1,0
Jaipur,Rajasthan,Amber Fort,fort,nature,120,2.93,160,0.347,0,0,1,0
Srinagar,Jammu and Kashmir,Shankaracharya Temple,religious,explore,30,1.98,135,0.216,1,0,1,0
Udaipur,Rajasthan,City Palace Udaipur,historic,nature,480,5.9,130,0.536,1,1,1,1
Goa,Goa,Basilica of Bom Jesus,religious,nature,60,3.66,85,0.225,0,0,1,0
Goa,Goa,Palolem Beach,beach,nature,60,4.21,150,0.806,1,0,1,1
Varanasi,Uttar Pradesh,Dashashwamedh Ghat,religious,explore,120,7.72,105,0.973,1,1,1,1
Varanasi,Uttar Pradesh,Assi Ghat,religious,culture,180,11.82,75,0.722,1,1,1,1
Hampi,Karnataka,Virupaksha Temple,religious,nature,180,3.99,75,0.464,1,1,1,1
Lucknow,Uttar Pradesh,Janeshwar Mishra Park,park,relax,480,11.01,105,0.917,1,1,1,1
Amritsar,Punjab,Sri Harmandir Sahib (Golden Temple),religious,nature,180,8.71,110,0.502,1,1,1,1
Udaipur,Rajasthan,Jagdish Temple,religious,explore,300,13.57,60,0.464,1,1,1,1
Srinagar,Jammu and Kashmir,Pari Mahal,historic,explore,300,8.36,70,0.816,1,1,1,1
Chennai,Tamil Nadu,Marina Beach,beach,nature,180,4.99,105,0.767,1,1,1,1
Mysuru,Karnataka,Mysore Palace,historic,nature,300,12.66,125,0.422,1,1,1,1
Ahmedabad,Gujarat,Sabarmati Ashram,historic,culture,300,1.35,95,0.874,1,1,1,1
Hyderabad,Telangana,Qutb Shahi Tombs,historic,food,60,1.71,80,0.319,1,0,1,0
Bengaluru,Karnataka,Vidhana Soudha,monument,food,180,10.63,55,0.139,1,1,1,0
Agra,Uttar Pradesh,Taj Mahal,historic,nature,180,10.82,160,0.34,1,1,1,1
Amritsar,Punjab,Jallianwala Bagh,historic,relax,180,5.44,85,0.172,1,1,1,1
Varanasi,Uttar Pradesh,Dashashwamedh Ghat,religious,adventure,480,31.64,105,0.291,1,1,1,1
Gangtok,Sikkim,Rumtek Monastery,religious,culture,300,6.66,100,0.961,1,1,1,1
Ahmedabad,Gujarat,Sidi Saiyyed Mosque,religious,adventure,30,2.26,60,0.143,0,0,1,0
Goa,Goa,Dudhsagar Falls,nature,explore,120,7.75,245,0.55,1,0,1,0
Nashik,Maharashtra,Anjaneri Hills,nature,nature,300,2.93,195,0.965,1,1,1,1
Udaipur,Rajasthan,Jagdish Temple,religious,relax,30,0.84,55,0.835,1,0,1,1
Varanasi,Uttar Pradesh,Kashi Vishwanath Temple,religious,explore,480,19.26,75,0.414,1,1,1,1
Mumbai,Maharashtra,Hanging Gardens,garden,relax,120,2.62,60,0.872,1,1,1,1
Kolkata,West Bengal,Maidan,park,nature,60,1.88,70,0.79,0,0,1,0
Udaipur,Rajasthan,Lake Pichola,lake,explore,60,1.75,75,0.83,1,0,1,1
Jaipur,Rajasthan,Amber Fort,fort,explore,480,6.5,165,0.793,1,1,1,1
Srinagar,Jammu and Kashmir,Dal Lake,lake,nature,180,10.71,140,0.769,1,1,1,1
Pune,Maharashtra,Aga Khan Palace,historic,explore,300,8.13,100,0.787,1,1,1,1
Mumbai,Maharashtra,Gateway of India,historic,food,30,2.31,80,0.293,1,0,1,0
Darjeeling,West Bengal,Darjeeling Himalayan Railway,historic,explore,60,3.63,170,0.827,1,0,1,1
Chennai,Tamil Nadu,Kapaleeshwarar Temple,religious,culture,120,2.41,80,0.846,0,1,1,1
Kolkata,West Bengal,Victoria Memorial,historic,food,120,5.84,95,0.339,1,1,1,1
Nashik,Maharashtra,Panchvati,historic,food,120,7.9,85,0.108,1,1,1,0
Mumbai,Maharashtra,Hanging Gardens,garden,explore,480,13.3,50,0.149,1,1,1,0
Chennai,Tamil Nadu,Guindy National Park,nature,nature,180,6.42,100,0.904,1,1,1,1
Jaipur,Rajasthan,Jantar Mantar,museum,food,30,0.81,100,0.383,1,0,1,0
Srinagar,Jammu and Kashmir,Mughal Gardens,garden,relax,480,6.55,90,0.779,1,1,1,1
Hyderabad,Telangana,Qutb Shahi Tombs,historic,food,120,2.14,100,0.251,1,1,1,1
Srinagar,Jammu and Kashmir,Dal Lake,lake,nature,300,1.28,130,0.721,1,1,1,1
Udaipur,Rajasthan,Jagdish Temple,religious,explore,120,2.09,65,0.212,1,1,1,0
Chennai,Tamil Nadu,Kapaleeshwarar Temple,religious,culture,480,32.16,75,0.799,1,1,1,1
Nashik,Maharashtra,Pandavleni Caves,historic,explore,300,6.72,130,0.969,1,1,1,1
Bengaluru,Karnataka,Cubbon Park,park,food,300,8.8,60,0.24,0,1,1,0
Darjeeling,West Bengal,Tiger Hill,viewpoint,nature,120,4.34,110,0.723,1,1,1,1
Udaipur,Rajasthan,Lake Pichola,lake,explore,120,5.52,75,0.938,1,1,1,1
Srinagar,Jammu and Kashmir,Mughal Gardens,garden,culture,120,6.49,110,0.382,1,1,1,1
Mysuru,Karnataka,Chamundi Hill,nature,nature,480,11.23,140,0.902,1,1,1,1
Bengaluru,Karnataka,Bannerghatta Biological Park,nature,nature,300,15.05,145,0.81,1,1,1,1
Ahmedabad,Gujarat,Adalaj Stepwell,historic,food,300,8.07,80,0.12,1,1,1,0
Darjeeling,West Bengal,Tiger Hill,viewpoint,food,30,1.58,105,0.05,1,0,1,0
Delhi,Delhi,Red Fort,historic,culture,30,1.83,115,0.853,1,0,1,1
Bengaluru,Karnataka,Cubbon Park,park,adventure,120,2.84,75,0.367,1,1,1,1
Delhi,Delhi,Lodhi Garden,garden,culture,30,1.58,70,0.546,1,0,1,0
Delhi,Delhi,Lodhi Garden,garden,culture,300,10.28,75,0.396,1,1,1,1
Delhi,Delhi,India Gate,monument,culture,30,1.01,55,0.798,0,0,1,0
Agra,Uttar Pradesh,Agra Fort,fort,relax,180,5.61,115,0.271,1,1,1,1
Amritsar,Punjab,Jallianwala Bagh,historic,nature,300,14.18,80,0.401,1,1,1,1
Srinagar,Jammu and Kashmir,Shankaracharya Temple,religious,food,480,28.35,110,0.215,1,1,1,0
Amritsar,Punjab,Sri Harmandir Sahib (Golden Temple),religious,explore,60,3.27,135,0.144,1,0,1,0
Pune,Maharashtra,Pune Okayama Friendship Garden,garden,relax,300,9.23,65,0.776,0,1,1,1
Chennai,Tamil Nadu,Guindy National Park,nature,relax,60,4.42,120,0.738,1,0,1,1
Mumbai,Maharashtra,Marine Drive,viewpoint,adventure,180,0.66,70,0.317,1,1,1,1
Nashik,Maharashtra,Pandavleni Caves,historic,relax,480,5.03,130,0.481,1,1,1,1
Nashik,Maharashtra,Panchvati,historic,culture,180,9.95,65,0.906,1,1,1,1
Nagpur,Maharashtra,Deekshabhoomi,monument,relax,480,2.19,65,0.811,1,1,1,1
Mumbai,Maharashtra,Gateway of India,historic,culture,60,2.21,85,0.851,1,0,1,1
Nashik,Maharashtra,Anjaneri Hills,nature,adventure,120,0.88,150,0.745,1,0,1,1
Pune,Maharashtra,Sinhagad Fort,fort,explore,120,7.11,200,0.419,1,0,1,0
Amritsar,Punjab,Jallianwala Bagh,historic,food,30,0.67,90,0.27,0,0,1,0
Gangtok,Sikkim,Rumtek Monastery,religious,adventure,300,8.84,125,0.413,1,1,1,0
Jaipur,Rajasthan,Nahargarh Fort,fort,explore,300,13.52,135,0.741,0,1,1,1
Gangtok,Sikkim,Banjhakri Falls,nature,adventure,60,3.93,105,0.958,1,0,1,1
Nashik,Maharashtra,Anjaneri Hills,nature,explore,30,0.55,200,0.269,1,0,1,0
Chennai,Tamil Nadu,Kapaleeshwarar Temple,religious,relax,180,4.0,80,0.921,1,1,1,1
Jaipur,Rajasthan,Nahargarh Fort,fort,culture,120,6.77,135,0.202,1,0,1,0
Delhi,Delhi,Lotus Temple,religious,relax,480,30.15,70,0.917,1,1,1,1
Pune,Maharashtra,Raja Dinkar Kelkar Museum,museum,explore,30,1.04,100,0.896,1,0,1,1
Mumbai,Maharashtra,Gateway of India,historic,nature,480,28.23,90,0.453,0,1,1,1
Mumbai,Maharashtra,Chhatrapati Shivaji Maharaj Terminus,historic,food,300,10.69,50,0.108,1,1,1,1
Ahmedabad,Gujarat,Adalaj Stepwell,historic,culture,180,6.87,70,0.956,1,1,1,1
Delhi,Delhi,Lotus Temple,religious,food,480,0.61,90,0.276,1,1,1,1
Kolkata,West Bengal,Maidan,park,culture,30,0.44,90,0.34,1,0,1,0
Kolkata,West Bengal,Howrah Bridge,monument,adventure,480,6.31,45,0.158,1,1,1,0
Jaipur,Rajasthan,Hawa Mahal,historic,adventure,300,15.29,65,0.139,1,1,1,1
Mysuru,Karnataka,Brindavan Gardens,garden,adventure,60,4.28,95,0.102,1,0,1,0
Kolkata,West Bengal,Maidan,park,adventure,300,5.82,80,0.16,1,1,1,1
Amritsar,Punjab,Wagah Border,monument,food,180,10.65,175,0.259,1,1,1,1
Hyderabad,Telangana,Charminar,historic,relax,30,0.7,70,0.262,1,0,1,0
Bengaluru,Karnataka,Vidhana Soudha,monument,adventure,60,4.37,50,0.449,1,1,1,1
Jaipur,Rajasthan,City Palace,historic,culture,180,9.13,110,0.878,1,1,1,1
Hyderabad,Telangana,Qutb Shahi Tombs,historic,adventure,30,0.93,100,0.326,1,0,1,0
Udaipur,Rajasthan,Saheliyon-ki-Bari,garden,explore,300,16.43,70,0.309,1,1,1,1
Darjeeling,West Bengal,Happy Valley Tea Estate,nature,adventure,30,2.05,90,0.518,1,0,1,0
Nashik,Maharashtra,Panchvati,historic,culture,60,1.73,65,0.741,1,0,1,1
Kolkata,West Bengal,Maidan,park,explore,30,1.52,70,0.467,1,0,1,0
Goa,Goa,Palolem Beach,beach,adventure,300,2.53,180,0.174,1,1,1,1
Agra,Uttar Pradesh,Itmad-ud-Daulah's Tomb,historic,adventure,30,0.57,70,0.217,1,0,1,0
Goa,Goa,Basilica of Bom Jesus,religious,adventure,60,3.85,80,0.277,1,0,1,0
Gangtok,Sikkim,Rumtek Monastery,religious,adventure,180,0.72,130,0.209,1,1,1,1
Nashik,Maharashtra,Nandur Madhameshwar Bird Sanctuary,nature,adventure,180,1.15,160,0.204,1,1,1,0
Varanasi,Uttar Pradesh,Kashi Vishwanath Temple,religious,explore,60,5.0,100,0.149,1,0,1,0
Mysuru,Karnataka,Mysore Palace,historic,nature,180,0.64,140,0.178,1,1,1,1
Mysuru,Karnataka,Mysuru Zoo,nature,culture,120,6.47,195,0.54,1,0,1,0
Mumbai,Maharashtra,Gateway of India,historic,adventure,30,2.43,75,0.341,1,0,1,0
Darjeeling,West Bengal,Happy Valley Tea Estate,nature,food,120,5.72,85,0.145,1,1,1,0
Nagpur,Maharashtra,Ambazari Lake,nature,culture,480,29.99,65,0.328,1,1,1,1
Mumbai,Maharashtra,Chhatrapati Shivaji Maharaj Terminus,historic,culture,120,4.79,65,0.889,1,1,1,1
Nagpur,Maharashtra,Ambazari Lake,nature,culture,30,1.93,85,0.277,0,0,1,0
Hyderabad,Telangana,Salar Jung Museum,museum,explore,180,11.38,140,0.873,0,1,1,1
Pune,Maharashtra,Shaniwar Wada,historic,adventure,300,16.91,90,0.157,1,1,1,1
Bengaluru,Karnataka,Bangalore Palace,historic,adventure,180,8.34,80,0.307,1,1,1,1
Pune,Maharashtra,Raja Dinkar Kelkar Museum,museum,food,480,15.86,85,0.08,1,1,1,0
Delhi,Delhi,India Gate,monument,food,480,27.16,70,0.307,1,1,1,0
Hyderabad,Telangana,Hussain Sagar Lake,nature,adventure,180,1.29,80,0.111,1,1,1,0
Chennai,Tamil Nadu,Marina Beach,beach,explore,120,6.11,100,0.749,1,1,1,1
Udaipur,Rajasthan,Saheliyon-ki-Bari,garden,food,480,2.66,70,0.167,1,1,1,1
Nagpur,Maharashtra,Khindsi Lake,nature,relax,300,16.88,100,0.883,1,1,1,1
Chennai,Tamil Nadu,Guindy National Park,nature,food,300,5.75,125,0.29,1,1,1,1
Gangtok,Sikkim,Banjhakri Falls,nature,nature,180,3.96,125,0.776,0,1,1,1
Mumbai,Maharashtra,Gateway of India,historic,nature,30,2.21,95,0.19,1,0,1,0
Kolkata,West Bengal,Victoria Memorial,historic,explore,60,1.59,135,0.908,1,0,1,1
Mumbai,Maharashtra,Elephanta Caves,historic,adventure,30,1.86,165,0.852,1,0,1,1
Agra,Uttar Pradesh,Akbar's Tomb,historic,food,180,8.95,75,0.258,1,1,1,1
Chennai,Tamil Nadu,Government Museum Chennai,museum,explore,30,0.9,125,0.832,1,0,1,1
Goa,Goa,Fort Aguada,fort,relax,60,0.9,130,0.533,1,0,1,0
Mumbai,Maharashtra,Gateway of India,historic,food,120,1.44,105,0.33,1,1,1,1
Hyderabad,Telangana,Salar Jung Museum,museum,relax,180,2.79,125,0.305,1,1,1,1
Amritsar,Punjab,Wagah Border,monument,adventure,30,1.99,185,0.285,0,0,1,0
Gangtok,Sikkim,Rumtek Monastery,religious,culture,180,6.5,120,0.941,1,1,1,1
Kolkata,West Bengal,Indian Museum,museum,food,480,13.25,125,0.077,1,1,1,1
Mumbai,Maharashtra,Hanging Gardens,garden,adventure,480,18.72,65,0.366,1,1,1,1
Nagpur,Maharashtra,Satpuda Botanical Garden,garden,relax,300,7.4,70,0.783,1,1,1,1
Kolkata,West Bengal,Victoria Memorial,historic,culture,120,1.4,120,0.965,1,1,1,1
Chennai,Tamil Nadu,Guindy National Park,nature,relax,300,11.4,145,0.863,1,1,1,1
Nagpur,Maharashtra,Khindsi Lake,nature,relax,120,6.47,90,0.756,1,1,1,1
Nashik,Maharashtra,Saptashrungi Temple,religious,relax,60,2.96,150,0.463,1,0,1,0
Delhi,Delhi,Lodhi Garden,garden,nature,480,19.58,75,0.731,1,1,1,1
Udaipur,Rajasthan,Saheliyon-ki-Bari,garden,relax,480,32.11,65,0.909,1,1,1,1
Mumbai,Maharashtra,Juhu Beach,beach,culture,180,6.98,100,0.543,1,1,1,1
Pune,Maharashtra,Aga Khan Palace,historic,food,120,1.16,75,0.09,1,1,1,0
Agra,Uttar Pradesh,Taj Mahal,historic,food,480,19.66,135,0.268,1,1,1,1
Chennai,Tamil Nadu,Fort St George,historic,relax,60,0.44,75,0.288,1,0,1,0
Nashik,Maharashtra,Trimbakeshwar Temple,religious,explore,120,2.33,115,0.189,1,1,1,1
Ahmedabad,Gujarat,Sidi Saiyyed Mosque,religious,food,300,11.85,65,0.113,1,1,1,1
Udaipur,Rajasthan,Lake Pichola,lake,adventure,120,0.74,85,0.42,1,1,1,1
Agra,Uttar Pradesh,Agra Fort,fort,adventure,120,3.45,105,0.125,1,1,1,0
Udaipur,Rajasthan,City Palace Udaipur,historic,relax,60,0.56,130,0.464,1,0,1,0
Chennai,Tamil Nadu,Guindy National Park,nature,culture,180,11.28,135,0.335,1,1,1,1
Agra,Uttar Pradesh,Taj Mahal,historic,food,180,5.92,145,0.071,1,1,1,1
Lucknow,Uttar Pradesh,Janeshwar Mishra Park,park,nature,180,9.08,75,0.906,1,1,1,1
Amritsar,Punjab,Partition Museum,museum,explore,60,4.81,125,0.953,1,0,1,1
Lucknow,Uttar Pradesh,Bara Imambara,historic,adventure,120,4.54,125,0.289,1,0,1,0
Chennai,Tamil Nadu,Guindy National Park,nature,adventure,120,0.94,130,0.909,1,0,1,1
Nashik,Maharashtra,Trimbakeshwar Temple,religious,relax,120,1.48,120,0.764,1,1,1,1
Chennai,Tamil Nadu,Government Museum Chennai,museum,food,300,11.66,120,0.313,0,1,1,0
Nashik,Maharashtra,Nandur Madhameshwar Bird Sanctuary,nature,relax,60,2.17,210,0.759,1,0,1,1
Udaipur,Rajasthan,Lake Pichola,lake,culture,120,2.73,100,0.229,1,1,1,0
Mysuru,Karnataka,Brindavan Gardens,garden,food,30,1.44,70,0.158,1,0,1,0
Hampi,Karnataka,Matanga Hill,nature,nature,180,5.05,140,0.869,1,1,1,1
Darjeeling,West Bengal,Happy Valley Tea Estate,nature,culture,480,9.6,100,0.243,1,1,1,0
Ahmedabad,Gujarat,Sidi Saiyyed Mosque,religious,relax,30,2.78,60,0.185,1,0,1,0
Hyderabad,Telangana,Charminar,historic,explore,30,0.82,70,0.746,1,0,1,1
Nagpur,Maharashtra,Khindsi Lake,nature,nature,30,2.02,90,0.881,1,0,1,1
Pune,Maharashtra,Pune Okayama Friendship Garden,garden,adventure,300,15.36,90,0.508,1,1,1,1
Pune,Maharashtra,Aga Khan Palace,historic,culture,60,4.19,85,0.978,1,0,1,1
Gangtok,Sikkim,Rumtek Monastery,religious,adventure,60,2.4,120,0.117,1,0,1,0
Chennai,Tamil Nadu,Marina Beach,beach,relax,300,0.63,105,0.876,1,1,1,1
Pune,Maharashtra,Shaniwar Wada,historic,explore,180,4.69,75,0.751,1,1,1,1
Nagpur,Maharashtra,Khindsi Lake,nature,explore,120,1.95,75,0.154,1,1,1,0
Kolkata,West Bengal,Victoria Memorial,historic,relax,480,10.49,110,0.492,1,1,1,1
Nashik,Maharashtra,Trimbakeshwar Temple,religious,relax,480,9.35,130,0.751,1,1,1,1
Nagpur,Maharashtra,Ambazari Lake,nature,adventure,60,4.64,75,0.191,1,0,1,0
Pune,Maharashtra,Aga Khan Palace,historic,food,180,10.29,100,0.337,1,1,1,1
Kolkata,West Bengal,Indian Museum,museum,relax,480,33.76,100,0.492,1,1,1,1
Varanasi,Uttar Pradesh,Sarnath,historic,adventure,120,0.79,175,0.293,1,0,1,0
Chennai,Tamil Nadu,Guindy National Park,nature,culture,30,1.27,140,0.314,1,0,1,0
Chennai,Tamil Nadu,Kapaleeshwarar Temple,religious,adventure,480,16.59,70,0.206,1,1,1,1
Gangtok,Sikkim,Banjhakri Falls,nature,relax,300,12.65,135,0.277,1,1,1,1
Gangtok,Sikkim,Tsomgo Lake,lake,explore,30,0.5,185,0.17,1,0,1,0
Darjeeling,West Bengal,Happy Valley Tea Estate,nature,culture,180,8.97,80,0.2,1,1,1,0
Nashik,Maharashtra,Trimbakeshwar Temple,religious,explore,300,11.92,140,0.335,1,1,1,1
Agra,Uttar Pradesh,Akbar's Tomb,historic,adventure,480,8.16,80,0.106,1,1,1,0
Nagpur,Maharashtra,Seminary Hill,nature,food,120,3.73,55,0.096,1,1,1,1
Mysuru,Karnataka,Chamundi Hill,nature,relax,300,17.93,110,0.177,1,1,1,0
Darjeeling,West Bengal,Tiger Hill,viewpoint,culture,60,4.97,105,0.105,1,0,1,0
Chennai,Tamil Nadu,Fort St George,historic,food,120,4.57,105,0.262,1,1,1,1
Hyderabad,Telangana,Salar Jung Museum,museum,adventure,480,5.25,100,0.381,1,1,1,1
Darjeeling,West Bengal,Happy Valley Tea Estate,nature,relax,120,1.42,95,0.842,1,1,1,1
Jaipur,Rajasthan,Amber Fort,fort,explore,300,2.74,130,0.763,1,1,1,1
Mumbai,Maharashtra,Chhatrapati Shivaji Maharaj Terminus,historic,nature,300,2.17,70,0.113,1,1,1,0
Mysuru,Karnataka,Chamundi Hill,nature,food,180,8.51,115,0.26,1,1,1,1
Amritsar,Punjab,Sri Harmandir Sahib (Golden Temple),religious,adventure,30,1.19,100,0.335,1,0,1,0
Agra,Uttar Pradesh,Akbar's Tomb,historic,culture,120,2.79,90,0.808,1,1,1,1
Amritsar,Punjab,Wagah Border,monument,nature,300,11.32,160,0.32,1,1,1,1
Hyderabad,Telangana,Salar Jung Museum,museum,culture,180,7.68,100,0.853,0,1,1,1
Bengaluru,Karnataka,Lalbagh Botanical Garden,garden,explore,30,2.14,90,0.301,1,0,1,0
Amritsar,Punjab,Jallianwala Bagh,historic,culture,120,6.72,75,0.834,1,1,1,1
Chennai,Tamil Nadu,Marina Beach,beach,culture,120,4.08,100,0.132,1,1,1,0
Nashik,Maharashtra,Pandavleni Caves,historic,nature,60,3.84,100,0.366,1,0,1,0
Nashik,Maharashtra,Panchvati,historic,explore,60,4.74,90,0.827,1,0,1,1
Gangtok,Sikkim,Rumtek Monastery,religious,nature,60,4.79,110,0.33,1,0,1,0
Pune,Maharashtra,Sarasbaug,park,nature,120,3.02,60,0.746,1,1,1,1
Pune,Maharashtra,Pune Okayama Friendship Garden,garden,adventure,30,2.42,85,0.42,0,0,1,0
Hampi,Karnataka,Virupaksha Temple,religious,food,120,5.62,105,0.107,1,1,1,1
Chennai,Tamil Nadu,Guindy National Park,nature,adventure,300,13.12,130,0.857,1,1,1,1
Bengaluru,Karnataka,Cubbon Park,park,explore,60,1.49,60,0.483,1,1,1,1
Hampi,Karnataka,Hampi Bazaar,historic,food,480,29.08,75,0.145,1,1,1,1
Nagpur,Maharashtra,Seminary Hill,nature,relax,300,18.09,50,0.926,1,1,1,1
Mysuru,Karnataka,Mysuru Zoo,nature,culture,180,9.93,150,0.385,1,1,1,1
Udaipur,Rajasthan,City Palace Udaipur,historic,food,30,0.96,135,0.143,1,0,1,0
Jaipur,Rajasthan,Jantar Mantar,museum,explore,300,11.49,95,0.766,0,1,1,1
Mumbai,Maharashtra,Gateway of India,historic,adventure,120,4.03,85,0.205,1,1,1,1
Nagpur,Maharashtra,Ramtek Fort Temple,fort,adventure,30,2.73,105,0.957,1,0,1,1
Darjeeling,West Bengal,Happy Valley Tea Estate,nature,food,300,15.65,80,0.377,1,1,1,1
Srinagar,Jammu and Kashmir,Dal Lake,lake,food,120,4.72,105,0.182,1,1,1,1
Jaipur,Rajasthan,Nahargarh Fort,fort,relax,120,6.2,115,0.223,1,1,1,0
Pune,Maharashtra,Aga Khan Palace,historic,nature,60,2.94,90,0.409,1,0,1,0
Kolkata,West Bengal,Victoria Memorial,historic,food,180,4.78,110,0.398,1,1,1,1
Pune,Maharashtra,Pune Okayama Friendship Garden,garden,explore,60,1.88,75,0.352,1,0,1,0
Hyderabad,Telangana,Golconda Fort,fort,adventure,30,2.75,180,0.847,1,0,1,1
Darjeeling,West Bengal,Tiger Hill,viewpoint,relax,480,8.72,110,0.421,1,1,1,1
Hampi,Karnataka,Matanga Hill,nature,explore,30,0.73,120,0.824,1,0,1,1
Gangtok,Sikkim,Rumtek Monastery,religious,explore,30,1.68,120,0.346,0,0,1,0
Darjeeling,West Bengal,Tiger Hill,viewpoint,culture,30,2.16,115,0.338,1,0,1,0
Udaipur,Rajasthan,City Palace Udaipur,historic,adventure,180,2.88,160,0.156,1,1,1,0
Mumbai,Maharashtra,Marine Drive,viewpoint,nature,180,9.74,55,0.795,1,1,1,1
Ahmedabad,Gujarat,Lothal,historic,explore,60,1.58,135,0.808,1,0,1,1
Hyderabad,Telangana,Qutb Shahi Tombs,historic,relax,30,2.52,80,0.854,1,0,1,0
Hyderabad,Telangana,Charminar,historic,relax,120,3.24,80,0.312,1,1,1,1
Nagpur,Maharashtra,Seminary Hill,nature,adventure,30,2.81,65,0.854,1,0,1,1
Pune,Maharashtra,Shaniwar Wada,historic,relax,180,4.22,75,0.356,1,1,1,1
Udaipur,Rajasthan,Saheliyon-ki-Bari,garden,explore,120,2.48,80,0.327,1,1,1,1
Varanasi,Uttar Pradesh,Assi Ghat,religious,food,180,3.4,75,0.244,0,1,1,0
Pune,Maharashtra,Pune Okayama Friendship Garden,garden,adventure,480,3.1,85,0.376,1,1,1,1
Varanasi,Uttar Pradesh,Sarnath,historic,food,180,10.12,160,0.176,1,1,1,1
Udaipur,Rajasthan,Jagdish Temple,religious,relax,300,2.89,60,0.721,1,1,1,1
Delhi,Delhi,Red Fort,historic,adventure,30,0.96,110,0.309,1,0,1,0
Darjeeling,West Bengal,Padmaja Naidu Himalayan Zoological Park,nature,adventure,480,29.8,145,0.163,1,1,1,0
Mysuru,Karnataka,Brindavan Gardens,garden,relax,60,3.86,80,0.882,1,0,1,1
Ahmedabad,Gujarat,Lothal,historic,adventure,30,0.81,170,0.351,1,0,1,0
Chennai,Tamil Nadu,Fort St George,historic,culture,120,2.97,85,0.924,0,1,1,1
Srinagar,Jammu and Kashmir,Shankaracharya Temple,religious,relax,60,2.84,135,0.517,0,0,1,0
Jaipur,Rajasthan,Jantar Mantar,museum,relax,30,0.41,105,0.41,1,0,1,0
Mysuru,Karnataka,Mysore Palace,historic,culture,30,1.78,100,0.96,1,0,1,1
Goa,Goa,Baga Beach,beach,adventure,480,7.05,110,0.129,1,1,1,1
Hyderabad,Telangana,Qutb Shahi Tombs,historic,relax,120,7.26,80,0.751,0,1,1,1
Nagpur,Maharashtra,Deekshabhoomi,monument,culture,60,4.32,70,0.91,1,0,1,1
Mumbai,Maharashtra,Gateway of India,historic,relax,300,15.64,105,0.325,1,1,1,1
Delhi,Delhi,India Gate,monument,relax,300,9.72,60,0.758,1,1,1,1
Amritsar,Punjab,Partition Museum,museum,nature,60,4.87,140,0.37,1,0,1,0
Nashik,Maharashtra,Panchvati,historic,food,480,6.3,80,0.39,1,1,1,0
Amritsar,Punjab,Jallianwala Bagh,historic,nature,180,0.82,70,0.374,1,1,1,1
Srinagar,Jammu and Kashmir,Shankaracharya Temple,religious,nature,30,2.66,105,0.765,1,0,1,1
Amritsar,Punjab,Sri Harmandir Sahib (Golden Temple),religious,culture,480,5.94,115,0.783,0,1,1,1
Agra,Uttar Pradesh,Mehtab Bagh,garden,relax,180,11.39,70,0.857,1,1,1,1
Jaipur,Rajasthan,Hawa Mahal,historic,adventure,480,17.47,55,0.124,0,1,1,0
Delhi,Delhi,Lodhi Garden,garden,culture,480,23.72,60,0.49,0,1,1,0
Pune,Maharashtra,Pune Okayama Friendship Garden,garden,explore,30,2.96,90,0.508,1,0,1,0
Nagpur,Maharashtra,Ambazari Lake,nature,culture,60,0.58,70,0.323,1,0,1,0
Mysuru,Karnataka,Mysore Palace,historic,food,60,2.51,135,0.327,1,0,1,0
Pune,Maharashtra,Raja Dinkar Kelkar Museum,museum,food,180,3.76,90,0.268,1,1,1,0
Delhi,Delhi,Qutub Minar,historic,food,60,1.65,135,0.282,0,0,1,0
Amritsar,Punjab,Wagah Border,monument,culture,480,2.36,150,0.933,1,1,1,1
Amritsar,Punjab,Partition Museum,museum,nature,480,8.99,120,0.36,1,1,1,1
Agra,Uttar Pradesh,Agra Fort,fort,culture,180,9.54,105,0.794,1,1,1,1
Delhi,Delhi,Lodhi Garden,garden,adventure,180,5.73,65,0.109,0,1,1,0
Mysuru,Karnataka,Mysore Palace,historic,food,30,2.72,110,0.065,1,0,1,0
Nashik,Maharashtra,Pandavleni Caves,historic,relax,120,7.14,130,0.408,1,0,1,0
Gangtok,Sikkim,Rumtek Monastery,religious,relax,480,18.28,140,0.932,1,1,1,1
Agra,Uttar Pradesh,Mehtab Bagh,garden,adventure,300,2.37,75,0.37,1,1,1,1
Gangtok,Sikkim,Banjhakri Falls,nature,nature,60,0.67,125,0.966,1,0,1,1
Varanasi,Uttar Pradesh,Sarnath,historic,relax,60,1.21,145,0.885,1,0,1,1
Jaipur,Rajasthan,Jantar Mantar,museum,food,120,2.15,85,0.353,0,1,1,0
Chennai,Tamil Nadu,Government Museum Chennai,museum,nature,30,2.26,105,0.257,1,0,1,0
Varanasi,Uttar Pradesh,Sarnath,historic,nature,60,1.86,135,0.545,1,0,1,0
Gangtok,Sikkim,Tsomgo Lake,lake,food,480,22.57,170,0.297,1,1,1,1
Jaipur,Rajasthan,Jantar Mantar,museum,adventure,120,5.87,105,0.509,1,1,1,1
Bengaluru,Karnataka,Bangalore Palace,historic,nature,60,2.72,100,0.348,1,0,1,0
Jaipur,Rajasthan,Jantar Mantar,museum,adventure,300,4.41,90,0.335,1,1,1,1
Darjeeling,West Bengal,Padmaja Naidu Himalayan Zoological Park,nature,culture,30,0.76,160,0.474,0,0,1,0
Hampi,Karnataka,Virupaksha Temple,religious,relax,300,4.56,100,0.473,1,1,1,1
Udaipur,Rajasthan,Saheliyon-ki-Bari,garden,explore,480,7.02,70,0.264,1,1,1,0
Mumbai,Maharashtra,Chhatrapati Shivaji Maharaj Terminus,historic,nature,60,2.49,70,0.233,1,0,1,0
Jaipur,Rajasthan,Amber Fort,fort,culture,120,4.33,170,0.727,1,0,1,0
Nagpur,Maharashtra,Satpuda Botanical Garden,garden,culture,300,15.39,70,0.184,1,1,1,1
Hyderabad,Telangana,Charminar,historic,explore,300,3.77,90,0.951,1,1,1,1
Kolkata,West Bengal,Indian Museum,museum,adventure,30,1.93,95,0.498,1,0,1,0
Amritsar,Punjab,Sri Harmandir Sahib (Golden Temple),religious,culture,60,2.65,110,0.86,0,0,1,0
Gangtok,Sikkim,Banjhakri Falls,nature,explore,300,15.46,130,0.294,1,1,1,1
Chennai,Tamil Nadu,Government Museum Chennai,museum,explore,480,5.21,125,0.736,1,1,1,1
Mumbai,Maharashtra,Hanging Gardens,garden,adventure,60,2.2,70,0.324,1,0,1,0
Jaipur,Rajasthan,Hawa Mahal,historic,adventure,30,2.17,70,0.17,1,0,1,0
Delhi,Delhi,Red Fort,historic,food,180,8.83,135,0.19,1,1,1,1
Delhi,Delhi,Red Fort,historic,adventure,300,7.07,140,0.223,1,1,1,0
Nagpur,Maharashtra,Satpuda Botanical Garden,garden,food,60,2.71,70,0.298,1,0,1,0
Varanasi,Uttar Pradesh,Dashashwamedh Ghat,religious,culture,60,2.94,95,0.831,1,0,1,1
Jaipur,Rajasthan,Jal Mahal,viewpoint,adventure,120,1.38,45,0.37,0,1,1,0
Nashik,Maharashtra,Panchvati,historic,relax,30,0.44,90,0.364,1,0,1,0
Lucknow,Uttar Pradesh,Residency Lucknow,historic,culture,480,23.56,85,0.802,1,1,1,1
Ahmedabad,Gujarat,Adalaj Stepwell,historic,culture,60,3.63,80,0.819,1,0,1,1
Chennai,Tamil Nadu,Marina Beach,beach,explore,300,10.19,95,0.891,1,1,1,1
Ahmedabad,Gujarat,Kankaria Lake,nature,culture,300,13.61,80,0.331,1,1,1,0
Mysuru,Karnataka,Chamundi Hill,nature,explore,30,1.29,120,0.316,1,0,1,0
Hyderabad,Telangana,Qutb Shahi Tombs,historic,explore,120,0.67,80,0.414,1,1,1,1
Agra,Uttar Pradesh,Mehtab Bagh,garden,explore,300,2.28,75,0.342,1,1,1,1
Delhi,Delhi,India Gate,monument,food,30,1.68,70,0.32,0,0,1,0
Nagpur,Maharashtra,Ramtek Fort Temple,fort,relax,30,1.43,125,0.212,0,0,1,0
Lucknow,Uttar Pradesh,Chota Imambara,historic,relax,60,3.53,90,0.495,1,0,1,0
Goa,Goa,Baga Beach,beach,relax,180,7.83,110,0.87,1,1,1,1
Bengaluru,Karnataka,Lalbagh Botanical Garden,garden,adventure,180,6.24,85,0.326,1,1,1,1
Gangtok,Sikkim,Tsomgo Lake,lake,culture,60,4.9,195,0.171,1,0,1,0
Srinagar,Jammu and Kashmir,Pari Mahal,historic,food,180,1.53,80,0.328,1,1,1,1
Srinagar,Jammu and Kashmir,Shankaracharya Temple,religious,nature,300,5.38,140,0.956,1,1,1,1
Nagpur,Maharashtra,Ambazari Lake,nature,relax,300,10.85,70,0.747,1,1,1,1
Mumbai,Maharashtra,Juhu Beach,beach,adventure,300,14.97,75,0.541,1,1,1,1
Mumbai,Maharashtra,Gateway of India,historic,relax,120,7.52,80,0.155,1,1,1,1
Hampi,Karnataka,Matanga Hill,nature,relax,120,4.28,125,0.208,1,0,1,0
Nagpur,Maharashtra,Seminary Hill,nature,adventure,480,14.3,65,0.958,1,1,1,1
Mumbai,Maharashtra,Chhatrapati Shivaji Maharaj Terminus,historic,culture,30,0.64,50,0.975,1,0,1,1
Lucknow,Uttar Pradesh,Residency Lucknow,historic,nature,120,3.8,80,0.478,1,1,1,1
Jaipur,Rajasthan,Jal Mahal,viewpoint,explore,480,14.35,40,0.824,1,1,1,1
Udaipur,Rajasthan,Saheliyon-ki-Bari,garden,nature,60,4.87,80,0.873,0,0,1,1
Srinagar,Jammu and Kashmir,Dal Lake,lake,adventure,480,22.21,110,0.407,1,1,1,1
Gangtok,Sikkim,Tsomgo Lake,lake,food,60,0.43,195,0.142,1,0,1,0
Hyderabad,Telangana,Golconda Fort,fort,adventure,180,8.05,150,0.796,1,1,1,1
Jaipur,Rajasthan,Amber Fort,fort,relax,180,10.03,125,0.44,1,1,1,1
Agra,Uttar Pradesh,Taj Mahal,historic,adventure,300,5.4,165,0.463,1,1,1,1
Pune,Maharashtra,Aga Khan Palace,historic,relax,30,1.02,95,0.23,1,0,1,0
Nashik,Maharashtra,Panchvati,historic,nature,30,1.74,80,0.278,0,0,1,0
Bengaluru,Karnataka,Lalbagh Botanical Garden,garden,adventure,30,2.85,75,0.169,1,0,1,0
Nashik,Maharashtra,Pandavleni Caves,historic,food,60,2.85,125,0.212,1,0,1,0
Srinagar,Jammu and Kashmir,Mughal Gardens,garden,relax,30,2.54,95,0.819,1,0,1,1
Hyderabad,Telangana,Charminar,historic,culture,120,5.39,85,0.829,1,1,1,1
Agra,Uttar Pradesh,Mehtab Bagh,garden,culture,120,2.81,80,0.369,0,1,1,0
Varanasi,Uttar Pradesh,Dashashwamedh Ghat,religious,nature,60,1.9,95,0.412,1,0,1,0
Ahmedabad,Gujarat,Adalaj Stepwell,historic,nature,300,10.55,70,0.134,1,1,1,0
Darjeeling,West Bengal,Darjeeling Himalayan Railway,historic,food,120,4.48,165,0.381,1,0,1,0
Chennai,Tamil Nadu,Kapaleeshwarar Temple,religious,adventure,30,2.01,75,0.116,1,0,1,0
Varanasi,Uttar Pradesh,Dashashwamedh Ghat,religious,adventure,300,13.03,80,0.465,1,1,1,1
Jaipur,Rajasthan,Jal Mahal,viewpoint,adventure,480,24.17,40,0.13,1,1,1,0
Goa,Goa,Palolem Beach,beach,explore,480,30.59,140,0.167,1,1,1,1
Hampi,Karnataka,Matanga Hill,nature,nature,30,2.78,110,0.901,0,0,1,0
Mysuru,Karnataka,Mysore Palace,historic,relax,480,29.75,135,0.333,1,1,1,1
Agra,Uttar Pradesh,Itmad-ud-Daulah's Tomb,historic,explore,30,1.16,90,0.802,1,0,1,1
Kolkata,West Bengal,Indian Museum,museum,culture,180,2.02,105,0.78,1,1,1,1
Srinagar,Jammu and Kashmir,Shankaracharya Temple,religious,explore,480,2.27,145,0.451,1,1,1,1
Bengaluru,Karnataka,Lalbagh Botanical Garden,garden,culture,120,0.46,75,0.497,1,1,1,1
Jaipur,Rajasthan,Jal Mahal,viewpoint,nature,180,11.41,55,0.502,1,1,1,1
Varanasi,Uttar Pradesh,Dashashwamedh Ghat,religious,food,30,0.47,85,0.248,1,0,1,0
Udaipur,Rajasthan,Jagdish Temple,religious,nature,120,5.64,60,0.469,1,1,1,1
Goa,Goa,Baga Beach,beach,culture,60,2.93,110,0.413,0,0,1,0
Delhi,Delhi,Qutub Minar,historic,explore,480,9.89,140,0.802,1,1,1,1
Mysuru,Karnataka,Chamundi Hill,nature,culture,120,6.68,100,0.878,1,1,1,1
Goa,Goa,Dudhsagar Falls,nature,nature,60,2.27,215,0.903,0,0,1,0
Nagpur,Maharashtra,Deekshabhoomi,monument,food,30,2.04,70,0.386,1,0,1,0
Amritsar,Punjab,Sri Harmandir Sahib (Golden Temple),religious,relax,480,23.06,95,0.972,1,1,1,1
Pune,Maharashtra,Aga Khan Palace,historic,culture,30,2.35,75,0.742,1,0,1,1
Nagpur,Maharashtra,Deekshabhoomi,monument,explore,30,0.54,65,0.177,1,0,1,0
Lucknow,Uttar Pradesh,Janeshwar Mishra Park,park,adventure,30,2.8,105,0.24,1,0,1,0
Jaipur,Rajasthan,Amber Fort,fort,relax,300,13.71,165,0.336,1,1,1,1
Gangtok,Sikkim,Tsomgo Lake,lake,culture,30,0.44,200,0.261,0,0,1,0
Ahmedabad,Gujarat,Kankaria Lake,nature,food,180,9.26,110,0.064,1,1,1,0
Udaipur,Rajasthan,Jagdish Temple,religious,food,30,2.67,60,0.09,1,0,1,0
Jaipur,Rajasthan,Jal Mahal,viewpoint,culture,180,0.78,45,0.137,0,1,1,0
Delhi,Delhi,Lotus Temple,religious,culture,180,7.95,85,0.961,1,1,1,1
Chennai,Tamil Nadu,Guindy National Park,nature,food,120,7.28,130,0.069,1,0,1,0
Delhi,Delhi,Lotus Temple,religious,culture,30,2.56,70,0.808,0,0,1,1
Goa,Goa,Fort Aguada,fort,adventure,30,1.55,140,0.729,0,0,1,1
Jaipur,Rajasthan,Amber Fort,fort,explore,180,8.7,130,0.771,1,1,1,1
Varanasi,Uttar Pradesh,Kashi Vishwanath Temple,religious,explore,300,19.3,105,0.38,1,1,1,1
Udaipur,Rajasthan,Saheliyon-ki-Bari,garden,culture,300,2.08,85,0.212,1,1,1,1
Mysuru,Karnataka,Mysore Palace,historic,nature,60,1.75,145,0.345,1,0,1,0
Mysuru,Karnataka,Mysuru Zoo,nature,relax,30,2.53,195,0.336,1,0,1,0
Srinagar,Jammu and Kashmir,Dal Lake,lake,food,30,0.87,105,0.068,1,0,1,0
Srinagar,Jammu and Kashmir,Dal Lake,lake,nature,120,8.0,110,0.845,1,1,1,1
Delhi,Delhi,India Gate,monument,culture,120,4.12,60,0.725,1,1,1,1
Mumbai,Maharashtra,Hanging Gardens,garden,food,480,1.82,55,0.073,1,1,1,0
Lucknow,Uttar Pradesh,Chota Imambara,historic,food,30,0.68,95,0.118,1,0,1,0
Nagpur,Maharashtra,Ramtek Fort Temple,fort,culture,300,4.55,100,0.825,1,1,1,1
Amritsar,Punjab,Partition Museum,museum,nature,300,7.51,115,0.21,1,1,1,1
Nagpur,Maharashtra,Seminary Hill,nature,food,180,11.25,50,0.1,1,1,1,0
Hampi,Karnataka,Hampi Bazaar,historic,explore,30,1.96,80,0.79,1,0,1,1
Ahmedabad,Gujarat,Lothal,historic,culture,30,2.05,140,0.736,1,0,1,1
Pune,Maharashtra,Shaniwar Wada,historic,explore,30,1.79,90,0.971,1,0,1,1
Mumbai,Maharashtra,Chhatrapati Shivaji Maharaj Terminus,historic,relax,180,2.11,70,0.297,1,1,1,1
Ahmedabad,Gujarat,Lothal,historic,nature,120,2.75,175,0.231,1,0,1,0
Pune,Maharashtra,Pune Okayama Friendship Garden,garden,food,480,24.38,90,0.103,0,1,1,0
Srinagar,Jammu and Kashmir,Pari Mahal,historic,explore,480,22.88,80,0.932,1,1,1,1
Kolkata,West Bengal,Indian Museum,museum,adventure,300,8.19,140,0.326,1,1,1,1
Mysuru,Karnataka,Chamundi Hill,nature,food,30,0.68,120,0.062,1,0,1,0
Hampi,Karnataka,Virupaksha Temple,religious,adventure,120,0.55,75,0.184,0,1,1,0
Pune,Maharashtra,Sarasbaug,park,relax,30,1.28,50,0.844,1,0,1,1
Agra,Uttar Pradesh,Agra Fort,fort,food,180,6.94,130,0.249,1,1,1,1
Srinagar,Jammu and Kashmir,Mughal Gardens,garden,adventure,300,3.63,100,0.227,0,1,1,0
Hyderabad,Telangana,Salar Jung Museum,museum,food,60,3.41,115,0.301,0,0,1,0
Nashik,Maharashtra,Nandur Madhameshwar Bird Sanctuary,nature,culture,60,4.04,205,0.239,1,0,1,0
Chennai,Tamil Nadu,Government Museum Chennai,museum,culture,180,2.77,105,0.949,1,1,1,1
Agra,Uttar Pradesh,Taj Mahal,historic,relax,30,1.29,180,0.799,0,0,1,0
Hyderabad,Telangana,Golconda Fort,fort,culture,180,3.07,145,0.805,1,1,1,1
Delhi,Delhi,India Gate,monument,nature,120,2.7,50,0.424,1,1,1,1
Gangtok,Sikkim,Rumtek Monastery,religious,nature,120,6.45,125,0.167,1,0,1,0
Lucknow,Uttar Pradesh,Janeshwar Mishra Park,park,explore,480,20.49,75,0.121,0,1,1,0
Kolkata,West Bengal,St. Paul's Cathedral,religious,culture,300,16.47,70,0.821,1,1,1,1
Varanasi,Uttar Pradesh,Sarnath,historic,relax,30,2.6,150,0.782,1,0,1,1
Mumbai,Maharashtra,Gateway of India,historic,relax,30,2.72,105,0.333,1,0,1,0
Amritsar,Punjab,Sri Harmandir Sahib (Golden Temple),religious,nature,300,17.15,140,0.145,1,1,1,0
Srinagar,Jammu and Kashmir,Shankaracharya Temple,religious,adventure,180,10.62,140,0.724,1,1,1,1
Chennai,Tamil Nadu,Guindy National Park,nature,culture,60,2.54,125,0.217,1,0,1,0
Srinagar,Jammu and Kashmir,Pari Mahal,historic,food,30,1.39,70,0.366,1,0,1,0
Delhi,Delhi,Humayun's Tomb,historic,relax,480,13.8,105,0.804,1,1,1,1
Varanasi,Uttar Pradesh,Sarnath,historic,culture,480,33.1,160,0.968,1,1,1,1
Jaipur,Rajasthan,Hawa Mahal,historic,nature,30,1.42,65,0.453,1,0,1,0
Amritsar,Punjab,Partition Museum,museum,explore,120,7.66,135,0.828,1,0,1,1
Kolkata,West Bengal,Howrah Bridge,monument,nature,60,2.98,50,0.345,1,1,1,1
Udaipur,Rajasthan,Jagdish Temple,religious,explore,180,5.89,65,0.272,1,1,1,1
Ahmedabad,Gujarat,Lothal,historic,culture,120,5.2,165,0.969,1,0,1,1
Hyderabad,Telangana,Salar Jung Museum,museum,culture,120,7.12,115,0.799,1,1,1,1
Nagpur,Maharashtra,Ambazari Lake,nature,adventure,180,11.7,60,0.433,1,1,1,1
Amritsar,Punjab,Wagah Border,monument,relax,30,1.82,190,0.523,1,0,1,0
Mysuru,Karnataka,Chamundi Hill,nature,nature,120,3.39,140,0.908,0,0,1,1
Nagpur,Maharashtra,Deekshabhoomi,monument,nature,120,0.84,55,0.509,1,1,1,1
Pune,Maharashtra,Sarasbaug,park,explore,300,5.88,70,0.275,1,1,1,1
Srinagar,Jammu and Kashmir,Dal Lake,lake,explore,120,4.05,115,0.727,1,1,1,1
Varanasi,Uttar Pradesh,Dashashwamedh Ghat,religious,relax,300,18.08,75,0.938,1,1,1,1
Bengaluru,Karnataka,Cubbon Park,park,adventure,480,24.21,70,0.403,1,1,1,1
Nagpur,Maharashtra,Satpuda Botanical Garden,garden,food,180,0.76,65,0.202,1,1,1,1
Nashik,Maharashtra,Anjaneri Hills,nature,relax,300,8.05,165,0.176,1,1,1,0
Mumbai,Maharashtra,Hanging Gardens,garden,nature,30,2.76,60,0.941,1,0,1,1
Pune,Maharashtra,Sarasbaug,park,culture,180,6.14,50,0.207,1,1,1,1
Mysuru,Karnataka,Chamundi Hill,nature,nature,180,9.58,130,0.962,1,1,1,1
Bengaluru,Karnataka,Cubbon Park,park,relax,480,3.01,85,0.883,1,1,1,1
Mysuru,Karnataka,Mysore Palace,historic,adventure,480,14.26,130,0.272,1,1,1,1
Goa,Goa,Dudhsagar Falls,nature,adventure,30,0.51,205,0.745,0,0,1,0
Lucknow,Uttar Pradesh,Chota Imambara,historic,adventure,60,2.88,100,0.501,1,0,1,0
Mumbai,Maharashtra,Chhatrapati Shivaji Maharaj Terminus,historic,explore,480,21.72,50,0.95,1,1,1,1
Udaipur,Rajasthan,Lake Pichola,lake,explore,300,10.74,95,0.758,1,1,1,1
Gangtok,Sikkim,Banjhakri Falls,nature,relax,180,2.26,115,0.449,1,1,1,1
Chennai,Tamil Nadu,Kapaleeshwarar Temple,religious,food,30,2.57,70,0.073,1,0,1,0
Nagpur,Maharashtra,Deekshabhoomi,monument,food,180,6.49,70,0.386,1,1,1,1
Goa,Goa,Baga Beach,beach,adventure,120,2.04,140,0.514,1,0,1,0
Bengaluru,Karnataka,Cubbon Park,park,nature,300,4.37,60,0.975,1,1,1,1
Mumbai,Maharashtra,Marine Drive,viewpoint,nature,480,27.41,60,0.868,1,1,1,1
Ahmedabad,Gujarat,Kankaria Lake,nature,food,120,5.67,100,0.127,1,1,1,1
Pune,Maharashtra,Shaniwar Wada,historic,food,120,0.67,65,0.122,1,1,1,1
Delhi,Delhi,Lotus Temple,religious,culture,300,7.53,85,0.888,0,1,1,1
Jaipur,Rajasthan,Jal Mahal,viewpoint,relax,180,4.78,55,0.846,0,1,1,1
Agra,Uttar Pradesh,Akbar's Tomb,historic,relax,30,1.61,110,0.496,1,0,1,0
Hampi,Karnataka,Virupaksha Temple,religious,food,300,8.2,85,0.094,1,1,1,0
Hampi,Karnataka,Virupaksha Temple,religious,adventure,480,32.45,80,0.422,1,1,1,1
Amritsar,Punjab,Jallianwala Bagh,historic,relax,120,3.4,80,0.335,1,1,1,1
Darjeeling,West Bengal,Darjeeling Himalayan Railway,historic,explore,300,13.35,125,0.93,1,1,1,1
Varanasi,Uttar Pradesh,Sarnath,historic,culture,120,2.07,160,0.891,1,0,1,1
Ahmedabad,Gujarat,Kankaria Lake,nature,explore,180,7.75,85,0.805,1,1,1,1
Amritsar,Punjab,Jallianwala Bagh,historic,relax,60,3.45,70,0.251,1,0,1,0
Lucknow,Uttar Pradesh,Janeshwar Mishra Park,park,nature,300,17.77,105,0.729,1,1,1,1
Bengaluru,Karnataka,Lalbagh Botanical Garden,garden,food,60,4.26,105,0.072,1,0,1,0
Nagpur,Maharashtra,Ramtek Fort Temple,fort,culture,480,24.62,95,0.812,1,1,1,1
Kolkata,West Bengal,Indian Museum,museum,nature,480,30.12,100,0.4,1,1,1,1
Delhi,Delhi,India Gate,monument,food,60,3.24,60,0.096,1,1,1,0
Nashik,Maharashtra,Pandavleni Caves,historic,adventure,300,18.5,140,0.856,1,1,1,1
Kolkata,West Bengal,St. Paul's Cathedral,religious,relax,60,3.49,60,0.791,1,1,1,1
Bengaluru,Karnataka,Bannerghatta Biological Park,nature,culture,30,2.24,185,0.266,1,0,1,0
Pune,Maharashtra,Raja Dinkar Kelkar Museum,museum,nature,480,17.88,95,0.278,1,1,1,1
Amritsar,Punjab,Wagah Border,monument,food,60,2.47,155,0.311,1,0,1,0
Mysuru,Karnataka,Chamundi Hill,nature,adventure,180,1.42,125,0.831,1,1,1,1
Nashik,Maharashtra,Panchvati,historic,nature,480,16.01,70,0.445,1,1,1,1
Agra,Uttar Pradesh,Agra Fort,fort,explore,300,13.24,120,0.838,1,1,1,1
Delhi,Delhi,Lodhi Garden,garden,nature,60,3.23,85,0.837,1,0,1,1
Amritsar,Punjab,Wagah Border,monument,nature,120,5.73,150,0.265,1,0,1,0
Hampi,Karnataka,Vittala Temple,historic,nature,30,1.33,140,0.179,1,0,1,0
Hampi,Karnataka,Vittala Temple,historic,relax,30,1.39,105,0.393,0,0,1,0
Amritsar,Punjab,Wagah Border,monument,relax,60,4.55,165,0.489,1,0,1,0
Gangtok,Sikkim,Tsomgo Lake,lake,explore,300,9.77,160,0.38,1,1,1,0
Lucknow,Uttar Pradesh,Janeshwar Mishra Park,park,culture,60,2.89,95,0.306,1,0,1,0
Bengaluru,Karnataka,Bannerghatta Biological Park,nature,explore,480,22.91,145,0.881,1,1,1,1
Goa,Goa,Basilica of Bom Jesus,religious,explore,60,1.22,65,0.967,0,0,1,1
Bengaluru,Karnataka,Bannerghatta Biological Park,nature,culture,180,11.06,195,0.381,1,0,1,0
Chennai,Tamil Nadu,Kapaleeshwarar Temple,religious,culture,30,1.75,70,0.971,1,0,1,1
Pune,Maharashtra,Raja Dinkar Kelkar Museum,museum,food,120,2.05,95,0.368,1,1,1,1
Hampi,Karnataka,Hampi Bazaar,historic,adventure,120,0.52,60,0.325,1,1,1,1
Agra,Uttar Pradesh,Taj Mahal,historic,explore,300,14.75,125,0.945,1,1,1,1
Bengaluru,Karnataka,Cubbon Park,park,explore,180,3.51,65,0.414,1,1,1,1
Nashik,Maharashtra,Saptashrungi Temple,religious,nature,300,1.82,175,0.3,1,1,1,1
Ahmedabad,Gujarat,Adalaj Stepwell,historic,explore,30,2.88,60,0.952,0,0,1,0
Ahmedabad,Gujarat,Sidi Saiyyed Mosque,religious,food,60,1.38,65,0.125,1,0,1,0
Goa,Goa,Baga Beach,beach,relax,60,3.03,145,0.802,0,0,1,0
Kolkata,West Bengal,Howrah Bridge,monument,food,180,4.31,45,0.296,1,1,1,0
Udaipur,Rajasthan,Jagdish Temple,religious,nature,60,0.45,65,0.138,0,0,1,0
Jaipur,Rajasthan,Jantar Mantar,museum,relax,180,5.34,110,0.418,1,1,1,1
Darjeeling,West Bengal,Tiger Hill,viewpoint,explore,60,0.95,125,0.912,1,0,1,1
Mysuru,Karnataka,Brindavan Gardens,garden,food,480,9.88,80,0.365,1,1,1,0
Delhi,Delhi,Qutub Minar,historic,culture,180,6.29,140,0.831,0,1,1,1
Bengaluru,Karnataka,Bannerghatta Biological Park,nature,nature,180,6.61,160,0.946,1,1,1,1
Chennai,Tamil Nadu,Guindy National Park,nature,explore,480,1.55,110,0.29,1,1,1,1
Delhi,Delhi,Lodhi Garden,garden,relax,30,1.12,75,0.797,1,0,1,1
Mysuru,Karnataka,Mysuru Zoo,nature,culture,300,3.64,200,0.107,1,1,1,1
Jaipur,Rajasthan,City Palace,historic,explore,30,1.47,130,0.801,1,0,1,1
Darjeeling,West Bengal,Tiger Hill,viewpoint,relax,300,16.52,100,0.295,1,1,1,1
Amritsar,Punjab,Jallianwala Bagh,historic,nature,120,6.26,65,0.35,1,1,1,1
Hampi,Karnataka,Hampi Bazaar,historic,explore,60,0.94,70,0.826,1,0,1,1
Delhi,Delhi,Humayun's Tomb,historic,adventure,30,2.22,85,0.206,1,0,1,0
Bengaluru,Karnataka,Lalbagh Botanical Garden,garden,culture,480,1.16,90,0.406,0,1,1,0
Mumbai,Maharashtra,Juhu Beach,beach,nature,180,10.3,95,0.762,1,1,1,1
Srinagar,Jammu and Kashmir,Dal Lake,lake,explore,180,4.1,120,0.878,1,1,1,1
Hampi,Karnataka,Virupaksha Temple,religious,nature,60,3.96,95,0.328,1,0,1,0
Udaipur,Rajasthan,Lake Pichola,lake,adventure,300,4.05,100,0.348,1,1,1,1
Amritsar,Punjab,Wagah Border,monument,adventure,480,32.02,200,0.497,1,1,1,1
Nashik,Maharashtra,Nandur Madhameshwar Bird Sanctuary,nature,relax,300,3.44,160,0.942,0,1,1,1
Agra,Uttar Pradesh,Akbar's Tomb,historic,food,30,2.62,105,0.186,1,0,1,0
Nagpur,Maharashtra,Seminary Hill,nature,culture,60,2.58,50,0.417,1,1,1,1
Jaipur,Rajasthan,Jal Mahal,viewpoint,adventure,30,1.8,45,0.163,1,0,1,0
Delhi,Delhi,India Gate,monument,food,120,1.83,65,0.162,1,1,1,1
Nashik,Maharashtra,Pandavleni Caves,historic,culture,60,3.08,125,0.891,1,0,1,1
Nashik,Maharashtra,Saptashrungi Temple,religious,culture,60,1.16,125,0.947,1,0,1,1
Jaipur,Rajasthan,Hawa Mahal,historic,adventure,60,3.47,70,0.271,1,0,1,0
Jaipur,Rajasthan,Hawa Mahal,historic,relax,180,7.45,65,0.446,0,1,1,1
Udaipur,Rajasthan,City Palace Udaipur,historic,relax,480,8.45,155,0.135,0,1,1,0
Nashik,Maharashtra,Panchvati,historic,nature,120,6.68,75,0.379,1,1,1,1
Nashik,Maharashtra,Anjaneri Hills,nature,culture,180,6.1,155,0.126,0,1,1,0
Gangtok,Sikkim,Tsomgo Lake,lake,food,30,2.43,195,0.212,1,0,1,0
Bengaluru,Karnataka,Lalbagh Botanical Garden,garden,nature,120,3.61,90,0.774,1,1,1,1
Delhi,Delhi,Lodhi Garden,garden,relax,300,18.77,70,0.827,1,1,1,1
Hyderabad,Telangana,Hussain Sagar Lake,nature,culture,480,0.46,75,0.219,0,1,1,0
Jaipur,Rajasthan,Hawa Mahal,historic,food,300,9.51,70,0.135,1,1,1,1
Amritsar,Punjab,Wagah Border,monument,food,30,2.26,195,0.111,1,0,1,0
Hampi,Karnataka,Vittala Temple,historic,relax,120,3.05,105,0.125,1,1,1,1
Mumbai,Maharashtra,Hanging Gardens,garden,nature,120,1.86,50,0.961,1,1,1,1
Nagpur,Maharashtra,Deekshabhoomi,monument,culture,120,4.01,65,0.854,1,1,1,1
Darjeeling,West Bengal,Padmaja Naidu Himalayan Zoological Park,nature,explore,120,3.66,170,0.871,1,0,1,1
Hyderabad,Telangana,Qutb Shahi Tombs,historic,food,30,2.17,90,0.122,1,0,1,0
Jaipur,Rajasthan,City Palace,historic,relax,60,2.36,130,0.141,1,0,1,0
Hyderabad,Telangana,Golconda Fort,fort,nature,300,14.45,165,0.428,1,1,1,1
Nagpur,Maharashtra,Ramtek Fort Temple,fort,relax,120,2.64,135,0.35,1,0,1,0
Mumbai,Maharashtra,Hanging Gardens,garden,nature,480,25.34,70,0.923,1,1,1,1
Nagpur,Maharashtra,Ambazari Lake,nature,nature,120,4.18,75,0.727,1,1,1,1
Darjeeling,West Bengal,Happy Valley Tea Estate,nature,nature,180,1.71,75,0.852,1,1,1,1
Darjeeling,West Bengal,Tiger Hill,viewpoint,adventure,480,8.33,125,0.72,1,1,1,1
Lucknow,Uttar Pradesh,Chota Imambara,historic,explore,120,1.27,105,0.828,1,1,1,1
Nashik,Maharashtra,Anjaneri Hills,nature,culture,480,19.55,195,0.392,1,1,1,1
Pune,Maharashtra,Pune Okayama Friendship Garden,garden,nature,180,3.73,70,0.788,1,1,1,1
Pune,Maharashtra,Shaniwar Wada,historic,explore,300,5.97,70,0.947,0,1,1,1
Amritsar,Punjab,Sri Harmandir Sahib (Golden Temple),religious,relax,180,5.82,110,0.934,1,1,1,1
Udaipur,Rajasthan,Jagdish Temple,religious,food,60,2.0,50,0.156,1,1,1,1
Udaipur,Rajasthan,City Palace Udaipur,historic,adventure,120,6.28,130,0.414,1,0,1,0
Udaipur,Rajasthan,Lake Pichola,lake,food,300,2.58,110,0.166,1,1,1,1
Mumbai,Maharashtra,Gateway of India,historic,nature,300,3.15,85,0.535,1,1,1,1
Lucknow,Uttar Pradesh,Bara Imambara,historic,relax,120,2.16,140,0.374,1,0,1,0
Delhi,Delhi,Humayun's Tomb,historic,culture,60,1.14,85,0.807,1,0,1,1
Delhi,Delhi,India Gate,monument,explore,30,2.79,55,0.948,1,0,1,1
Nagpur,Maharashtra,Khindsi Lake,nature,explore,480,34.55,105,0.518,1,1,1,1
Jaipur,Rajasthan,Jal Mahal,viewpoint,food,60,1.61,40,0.136,1,1,1,1
Jaipur,Rajasthan,Hawa Mahal,historic,nature,300,10.76,50,0.194,1,1,1,1
Mumbai,Maharashtra,Marine Drive,viewpoint,relax,300,15.26,55,0.972,1,1,1,1
Mysuru,Karnataka,Brindavan Gardens,garden,adventure,180,2.83,105,0.346,1,1,1,1
Varanasi,Uttar Pradesh,Assi Ghat,religious,nature,480,8.88,75,0.274,1,1,1,1
Mysuru,Karnataka,Mysuru Zoo,nature,adventure,300,2.37,185,0.539,1,1,1,1
Kolkata,West Bengal,St. Paul's Cathedral,religious,nature,60,3.5,70,0.236,1,0,1,0
Mysuru,Karnataka,Brindavan Gardens,garden,explore,300,3.64,105,0.17,1,1,1,1
Hampi,Karnataka,Matanga Hill,nature,explore,180,8.12,105,0.907,1,1,1,1
Ahmedabad,Gujarat,Lothal,historic,nature,60,1.15,130,0.352,1,0,1,0
Mysuru,Karnataka,Brindavan Gardens,garden,adventure,120,0.52,95,0.192,1,1,1,0
Delhi,Delhi,Lotus Temple,religious,food,180,2.59,80,0.214,0,1,1,0
Nagpur,Maharashtra,Ramtek Fort Temple,fort,nature,180,5.61,105,0.415,1,1,1,1
Nagpur,Maharashtra,Ambazari Lake,nature,food,180,8.04,70,0.104,1,1,1,0
Bengaluru,Karnataka,Bangalore Palace,historic,culture,480,10.86,105,0.827,1,1,1,1
Ahmedabad,Gujarat,Sabarmati Ashram,historic,explore,30,1.04,75,0.157,1,0,1,0
Goa,Goa,Fort Aguada,fort,adventure,60,4.21,105,0.794,1,0,1,1
Ahmedabad,Gujarat,Sabarmati Ashram,historic,culture,180,0.44,90,0.818,1,1,1,1
Kolkata,West Bengal,Indian Museum,museum,relax,60,1.01,115,0.492,1,0,1,0
Jaipur,Rajasthan,Hawa Mahal,historic,food,120,2.25,60,0.128,0,1,1,0
Srinagar,Jammu and Kashmir,Pari Mahal,historic,culture,180,11.79,60,0.792,1,1,1,1
Nashik,Maharashtra,Saptashrungi Temple,religious,food,300,4.75,120,0.379,0,1,1,0
Mumbai,Maharashtra,Gateway of India,historic,explore,120,5.35,105,0.838,1,1,1,1
Nagpur,Maharashtra,Ramtek Fort Temple,fort,adventure,60,3.18,100,0.737,0,0,1,1
Chennai,Tamil Nadu,Marina Beach,beach,relax,120,1.11,105,0.808,1,1,1,1
Amritsar,Punjab,Partition Museum,museum,relax,120,6.73,145,0.383,1,0,1,0
Hyderabad,Telangana,Golconda Fort,fort,culture,480,10.89,130,0.896,0,1,1,1
Nagpur,Maharashtra,Ramtek Fort Temple,fort,relax,480,2.81,120,0.136,1,1,1,1
Jaipur,Rajasthan,City Palace,historic,food,480,19.66,100,0.259,1,1,1,1
Jaipur,Rajasthan,Amber Fort,fort,explore,120,5.31,165,0.895,1,0,1,1
Ahmedabad,Gujarat,Lothal,historic,food,300,4.31,145,0.074,1,1,1,1
Hyderabad,Telangana,Salar Jung Museum,museum,food,300,6.79,120,0.321,1,1,1,1
Delhi,Delhi,Qutub Minar,historic,food,480,21.25,110,0.351,1,1,1,0
Amritsar,Punjab,Sri Harmandir Sahib (Golden Temple),religious,relax,60,4.84,120,0.924,1,0,1,1
Pune,Maharashtra,Sarasbaug,park,relax,180,2.04,50,0.899,0,1,1,1
Goa,Goa,Basilica of Bom Jesus,religious,relax,180,10.86,65,0.111,1,1,1,1
Ahmedabad,Gujarat,Sabarmati Ashram,historic,adventure,300,17.91,105,0.514,1,1,1,1
Mumbai,Maharashtra,Marine Drive,viewpoint,culture,60,3.3,55,0.139,0,1,1,0
Nagpur,Maharashtra,Seminary Hill,nature,relax,30,1.24,50,0.875,1,0,1,1
Mumbai,Maharashtra,Marine Drive,viewpoint,food,480,1.95,60,0.397,1,1,1,1
Udaipur,Rajasthan,Saheliyon-ki-Bari,garden,food,300,8.18,80,0.165,1,1,1,0
Hampi,Karnataka,Vittala Temple,historic,food,180,2.3,130,0.077,1,1,1,1
Udaipur,Rajasthan,City Palace Udaipur,historic,food,60,3.46,155,0.28,1,0,1,0
Nashik,Maharashtra,Panchvati,historic,culture,120,5.19,75,0.831,1,1,1,1
Ahmedabad,Gujarat,Sidi Saiyyed Mosque,religious,nature,60,4.64,55,0.493,1,1,1,1
Delhi,Delhi,Red Fort,historic,culture,120,2.91,105,0.789,1,1,1,1
Hyderabad,Telangana,Charminar,historic,relax,480,15.27,90,0.151,1,1,1,0
Hyderabad,Telangana,Salar Jung Museum,museum,culture,30,1.88,105,0.908,0,0,1,0
Nashik,Maharashtra,Panchvati,historic,food,180,4.96,85,0.291,1,1,1,1
Amritsar,Punjab,Partition Museum,museum,food,300,4.72,115,0.072,1,1,1,0
Bengaluru,Karnataka,Bangalore Palace,historic,explore,60,0.5,80,0.882,1,0,1,1
Lucknow,Uttar Pradesh,Chota Imambara,historic,explore,60,3.56,100,0.737,1,0,1,1
Mysuru,Karnataka,Mysuru Zoo,nature,explore,120,7.4,195,0.784,1,0,1,1
Srinagar,Jammu and Kashmir,Pari Mahal,historic,nature,60,3.21,65,0.324,1,0,1,0
Pune,Maharashtra,Aga Khan Palace,historic,adventure,480,3.83,80,0.29,1,1,1,1
Srinagar,Jammu and Kashmir,Mughal Gardens,garden,nature,60,3.01,95,0.974,1,0,1,1
Nagpur,Maharashtra,Khindsi Lake,nature,adventure,300,4.04,80,0.374,1,1,1,1
Agra,Uttar Pradesh,Itmad-ud-Daulah's Tomb,historic,relax,480,11.75,75,0.358,1,1,1,1
Goa,Goa,Baga Beach,beach,explore,480,14.43,135,0.867,1,1,1,1
Mumbai,Maharashtra,Juhu Beach,beach,nature,300,5.38,105,0.838,1,1,1,1
Mysuru,Karnataka,Mysore Palace,historic,culture,180,9.52,100,0.927,1,1,1,1
Bengaluru,Karnataka,Lalbagh Botanical Garden,garden,food,30,0.45,80,0.339,1,0,1,0
Udaipur,Rajasthan,Lake Pichola,lake,culture,180,11.15,105,0.448,1,1,1,1
Gangtok,Sikkim,Banjhakri Falls,nature,nature,480,3.4,135,0.761,1,1,1,1
Nashik,Maharashtra,Anjaneri Hills,nature,explore,60,4.98,150,0.472,1,0,1,0
Amritsar,Punjab,Sri Harmandir Sahib (Golden Temple),religious,food,180,10.37,115,0.109,1,1,1,1
Hampi,Karnataka,Matanga Hill,nature,culture,60,1.85,130,0.285,1,0,1,0
Agra,Uttar Pradesh,Agra Fort,fort,explore,120,4.32,115,0.823,1,1,1,1
Nashik,Maharashtra,Saptashrungi Temple,religious,adventure,480,14.74,150,0.803,0,1,1,1
Lucknow,Uttar Pradesh,Chota Imambara,historic,explore,180,11.88,95,0.903,1,1,1,1
Bengaluru,Karnataka,Vidhana Soudha,monument,food,30,0.76,40,0.26,1,0,1,0
Hyderabad,Telangana,Golconda Fort,fort,explore,300,11.91,120,0.901,1,1,1,1
Chennai,Tamil Nadu,Kapaleeshwarar Temple,religious,explore,60,1.06,65,0.407,1,0,1,0
Mumbai,Maharashtra,Hanging Gardens,garden,culture,60,1.48,65,0.486,0,0,1,0
Gangtok,Sikkim,Tashi View Point,viewpoint,nature,300,6.79,50,0.764,1,1,1,1
Gangtok,Sikkim,Rumtek Monastery,religious,explore,180,11.01,105,0.494,1,1,1,1
Lucknow,Uttar Pradesh,Janeshwar Mishra Park,park,relax,300,12.74,85,0.925,0,1,1,1
Chennai,Tamil Nadu,Marina Beach,beach,adventure,120,1.19,75,0.385,1,1,1,1
Udaipur,Rajasthan,Jagdish Temple,religious,culture,480,8.53,50,0.734,1,1,1,1
Delhi,Delhi,Humayun's Tomb,historic,nature,120,5.85,80,0.441,1,1,1,1
Lucknow,Uttar Pradesh,Janeshwar Mishra Park,park,relax,30,1.68,105,0.897,1,0,1,1
Mumbai,Maharashtra,Elephanta Caves,historic,nature,300,10.92,145,0.159,1,1,1,1
Jaipur,Rajasthan,Hawa Mahal,historic,culture,480,11.56,70,0.798,1,1,1,1
Delhi,Delhi,Humayun's Tomb,historic,culture,120,7.39,75,0.722,1,1,1,1
Nagpur,Maharashtra,Seminary Hill,nature,explore,180,11.86,70,0.514,1,1,1,1
Darjeeling,West Bengal,Happy Valley Tea Estate,nature,nature,300,14.13,85,0.729,1,1,1,1
Nashik,Maharashtra,Nandur Madhameshwar Bird Sanctuary,nature,food,30,1.6,190,0.372,1,0,1,0
Mumbai,Maharashtra,Elephanta Caves,historic,relax,30,2.39,175,0.506,1,0,1,0
Pune,Maharashtra,Sinhagad Fort,fort,explore,60,4.8,155,0.189,1,0,1,0
Goa,Goa,Baga Beach,beach,adventure,30,2.04,140,0.122,1,0,1,0
Darjeeling,West Bengal,Padmaja Naidu Himalayan Zoological Park,nature,food,300,19.86,150,0.196,1,1,1,1
Delhi,Delhi,Lotus Temple,religious,explore,300,8.98,70,0.445,1,1,1,1
Hampi,Karnataka,Vittala Temple,historic,culture,120,1.17,95,0.812,1,1,1,1
Hampi,Karnataka,Matanga Hill,nature,culture,180,9.81,120,0.443,1,1,1,1
Goa,Goa,Basilica of Bom Jesus,religious,nature,180,9.52,90,0.166,1,1,1,1
Delhi,Delhi,Lotus Temple,religious,adventure,60,3.15,80,0.407,1,0,1,0
Goa,Goa,Baga Beach,beach,relax,300,10.44,135,0.9,1,1,1,1
Kolkata,West Bengal,Indian Museum,museum,nature,180,6.81,105,0.405,1,1,1,1
Jaipur,Rajasthan,Jantar Mantar,museum,culture,60,4.6,105,0.889,0,0,1,1
Srinagar,Jammu and Kashmir,Pari Mahal,historic,relax,180,5.46,70,0.948,1,1,1,1
Mumbai,Maharashtra,Marine Drive,viewpoint,explore,300,13.42,60,0.932,1,1,1,1
Mysuru,Karnataka,Mysuru Zoo,nature,adventure,30,1.13,210,0.236,1,0,1,0
Lucknow,Uttar Pradesh,Janeshwar Mishra Park,park,nature,60,4.9,85,0.78,0,0,1,1
Nashik,Maharashtra,Saptashrungi Temple,religious,nature,30,1.34,165,0.193,1,0,1,0
Nagpur,Maharashtra,Ambazari Lake,nature,nature,300,0.9,80,0.739,1,1,1,1
Darjeeling,West Bengal,Darjeeling Himalayan Railway,historic,nature,180,4.06,120,0.5,1,1,1,1
Mysuru,Karnataka,Chamundi Hill,nature,nature,60,3.44,105,0.861,0,0,1,0
Darjeeling,West Bengal,Happy Valley Tea Estate,nature,explore,300,19.2,105,0.915,1,1,1,1
Varanasi,Uttar Pradesh,Kashi Vishwanath Temple,religious,adventure,300,1.12,95,0.508,1,1,1,1
Delhi,Delhi,Qutub Minar,historic,culture,480,23.41,130,0.827,1,1,1,1
Udaipur,Rajasthan,Saheliyon-ki-Bari,garden,nature,300,1.29,75,0.913,0,1,1,1
Kolkata,West Bengal,St. Paul's Cathedral,religious,adventure,180,3.97,50,0.123,1,1,1,1
Nagpur,Maharashtra,Satpuda Botanical Garden,garden,relax,480,17.54,50,0.762,1,1,1,1
Gangtok,Sikkim,Banjhakri Falls,nature,relax,30,2.54,140,0.318,1,0,1,0
Pune,Maharashtra,Aga Khan Palace,historic,nature,180,4.09,90,0.291,0,1,1,0
Chennai,Tamil Nadu,Kapaleeshwarar Temple,religious,culture,300,10.09,70,0.979,1,1,1,1
Gangtok,Sikkim,Banjhakri Falls,nature,nature,30,0.68,140,0.844,1,0,1,1
Bengaluru,Karnataka,Bannerghatta Biological Park,nature,food,480,14.54,215,0.188,0,1,1,0
Ahmedabad,Gujarat,Lothal,historic,relax,60,1.4,165,0.136,1,0,1,0
Lucknow,Uttar Pradesh,Residency Lucknow,historic,culture,60,0.54,80,0.733,1,0,1,0
Darjeeling,West Bengal,Tiger Hill,viewpoint,explore,300,7.69,110,0.727,0,1,1,1
Kolkata,West Bengal,Maidan,park,nature,180,10.11,90,0.815,0,1,1,1
Chennai,Tamil Nadu,Kapaleeshwarar Temple,religious,food,180,11.92,80,0.139,1,1,1,1
Bengaluru,Karnataka,Bangalore Palace,historic,relax,60,2.99,105,0.173,1,0,1,0
Amritsar,Punjab,Partition Museum,museum,adventure,60,3.37,130,0.424,1,0,1,0
Delhi,Delhi,Lotus Temple,religious,relax,60,4.1,85,0.948,1,0,1,1
Darjeeling,West Bengal,Tiger Hill,viewpoint,adventure,120,4.25,100,0.753,1,1,1,1
Nashik,Maharashtra,Pandavleni Caves,historic,relax,60,4.95,105,0.474,0,0,1,0
Delhi,Delhi,Qutub Minar,historic,culture,30,1.65,135,0.917,1,0,1,1
Lucknow,Uttar Pradesh,Janeshwar Mishra Park,park,relax,180,8.99,85,0.914,1,1,1,1
Amritsar,Punjab,Sri Harmandir Sahib (Golden Temple),religious,food,480,32.9,115,0.117,1,1,1,0
Hampi,Karnataka,Matanga Hill,nature,adventure,300,13.43,120,0.732,1,1,1,1
Nashik,Maharashtra,Anjaneri Hills,nature,adventure,180,9.57,185,0.758,1,0,1,1
Hampi,Karnataka,Virupaksha Temple,religious,relax,60,3.31,100,0.286,1,0,1,0
Jaipur,Rajasthan,Jal Mahal,viewpoint,food,30,1.79,40,0.151,1,0,1,0
Jaipur,Rajasthan,Amber Fort,fort,nature,30,2.27,130,0.265,1,0,1,0
Agra,Uttar Pradesh,Itmad-ud-Daulah's Tomb,historic,nature,480,22.95,70,0.103,1,1,1,1
Darjeeling,West Bengal,Darjeeling Himalayan Railway,historic,culture,180,7.44,175,0.727,1,1,1,1
Varanasi,Uttar Pradesh,Dashashwamedh Ghat,religious,explore,180,5.64,105,0.726,1,1,1,1
Lucknow,Uttar Pradesh,Chota Imambara,historic,relax,180,1.01,90,0.409,1,1,1,1
Agra,Uttar Pradesh,Taj Mahal,historic,relax,300,5.47,170,0.729,1,1,1,1
Hampi,Karnataka,Matanga Hill,nature,nature,120,1.29,130,0.893,1,0,1,1
Udaipur,Rajasthan,City Palace Udaipur,historic,relax,300,12.86,140,0.18,1,1,1,1
Varanasi,Uttar Pradesh,Assi Ghat,religious,culture,60,4.72,65,0.753,1,0,1,1
Mumbai,Maharashtra,Juhu Beach,beach,explore,300,0.48,75,0.978,1,1,1,1
Bengaluru,Karnataka,Bangalore Palace,historic,explore,30,2.85,100,0.824,1,0,1,1
Delhi,Delhi,Qutub Minar,historic,culture,120,4.92,115,0.871,1,1,1,1
Srinagar,Jammu and Kashmir,Shankaracharya Temple,religious,food,30,2.01,100,0.338,1,0,1,0
Udaipur,Rajasthan,City Palace Udaipur,historic,adventure,60,1.96,160,0.462,1,0,1,0
Lucknow,Uttar Pradesh,Bara Imambara,historic,food,60,4.7,115,0.123,0,0,1,0
Delhi,Delhi,India Gate,monument,explore,60,0.64,65,0.759,1,0,1,1
Hyderabad,Telangana,Hussain Sagar Lake,nature,nature,480,23.7,85,0.933,1,1,1,1
Udaipur,Rajasthan,Jagdish Temple,religious,nature,180,11.96,55,0.177,1,1,1,1
Hyderabad,Telangana,Salar Jung Museum,museum,explore,30,1.82,130,0.804,1,0,1,1
Kolkata,West Bengal,Indian Museum,museum,relax,300,7.17,140,0.294,1,1,1,1
Mumbai,Maharashtra,Chhatrapati Shivaji Maharaj Terminus,historic,adventure,120,6.38,60,0.294,1,1,1,1
Hampi,Karnataka,Vittala Temple,historic,food,30,0.93,140,0.157,1,0,1,0
Goa,Goa,Basilica of Bom Jesus,religious,relax,60,3.0,85,0.208,1,0,1,0
Srinagar,Jammu and Kashmir,Mughal Gardens,garden,explore,180,4.64,80,0.138,0,1,1,0
Gangtok,Sikkim,Tsomgo Lake,lake,culture,300,1.18,200,0.49,0,1,1,1
Pune,Maharashtra,Shaniwar Wada,historic,relax,60,0.88,85,0.365,1,0,1,0
Mumbai,Maharashtra,Chhatrapati Shivaji Maharaj Terminus,historic,food,60,2.11,50,0.26,0,1,1,0
Agra,Uttar Pradesh,Akbar's Tomb,historic,relax,480,12.78,105,0.513,0,1,1,1
Agra,Uttar Pradesh,Akbar's Tomb,historic,relax,180,0.99,105,0.472,1,1,1,1
Bengaluru,Karnataka,Cubbon Park,park,adventure,300,5.3,80,0.527,1,1,1,1
Nashik,Maharashtra,Nandur Madhameshwar Bird Sanctuary,nature,nature,300,8.6,165,0.928,1,1,1,1
Nashik,Maharashtra,Anjaneri Hills,nature,explore,180,4.5,155,0.184,1,1,1,1
Bengaluru,Karnataka,Bangalore Palace,historic,relax,300,12.98,75,0.189,1,1,1,0
Srinagar,Jammu and Kashmir,Mughal Gardens,garden,culture,480,17.39,80,0.222,1,1,1,1
Chennai,Tamil Nadu,Government Museum Chennai,museum,explore,60,1.89,140,0.868,1,0,1,1
Kolkata,West Bengal,Indian Museum,museum,relax,180,5.21,125,0.204,1,1,1,1
Pune,Maharashtra,Sarasbaug,park,nature,60,2.14,60,0.874,0,1,1,1
Jaipur,Rajasthan,Amber Fort,fort,relax,120,6.18,155,0.329,1,0,1,0
Kolkata,West Bengal,Howrah Bridge,monument,culture,480,21.6,40,0.805,1,1,1,1
Udaipur,Rajasthan,City Palace Udaipur,historic,culture,60,0.98,135,0.953,1,0,1,1
Bengaluru,Karnataka,Lalbagh Botanical Garden,garden,adventure,120,7.39,95,0.396,1,1,1,1
Srinagar,Jammu and Kashmir,Mughal Gardens,garden,relax,120,7.25,95,0.911,1,1,1,1
Hampi,Karnataka,Vittala Temple,historic,relax,300,4.65,120,0.33,1,1,1,1
Chennai,Tamil Nadu,Kapaleeshwarar Temple,religious,relax,300,19.06,70,0.938,1,1,1,1
Mysuru,Karnataka,Chamundi Hill,nature,relax,120,7.44,135,0.219,1,0,1,0
Hampi,Karnataka,Hampi Bazaar,historic,explore,300,12.04,65,0.818,1,1,1,1
Mysuru,Karnataka,Mysuru Zoo,nature,explore,30,1.83,175,0.882,1,0,1,1
Nashik,Maharashtra,Trimbakeshwar Temple,religious,culture,120,6.8,140,0.729,1,0,1,1
Kolkata,West Bengal,Maidan,park,food,180,10.86,85,0.074,1,1,1,1
Agra,Uttar Pradesh,Taj Mahal,historic,food,60,2.5,160,0.361,1,0,1,0
Udaipur,Rajasthan,Saheliyon-ki-Bari,garden,adventure,300,14.75,75,0.103,1,1,1,1
Chennai,Tamil Nadu,Fort St George,historic,food,180,8.56,75,0.059,1,1,1,0
Delhi,Delhi,India Gate,monument,explore,300,3.11,55,0.728,1,1,1,1
Lucknow,Uttar Pradesh,Bara Imambara,historic,food,300,2.23,125,0.368,1,1,1,1
Nashik,Maharashtra,Anjaneri Hills,nature,nature,480,3.8,145,0.908,1,1,1,1
Ahmedabad,Gujarat,Adalaj Stepwell,historic,explore,480,30.43,75,0.858,1,1,1,1
Lucknow,Uttar Pradesh,Residency Lucknow,historic,explore,30,2.98,85,0.902,1,0,1,1
Bengaluru,Karnataka,Bannerghatta Biological Park,nature,culture,480,34.2,145,0.274,1,1,1,1
Pune,Maharashtra,Shaniwar Wada,historic,nature,300,0.51,85,0.249,1,1,1,1
Bengaluru,Karnataka,Cubbon Park,park,explore,120,6.57,70,0.453,1,1,1,1
Gangtok,Sikkim,Banjhakri Falls,nature,culture,180,10.27,100,0.487,1,1,1,1
Agra,Uttar Pradesh,Itmad-ud-Daulah's Tomb,historic,food,300,12.27,85,0.178,1,1,1,1
Kolkata,West Bengal,Indian Museum,museum,relax,120,6.02,105,0.215,1,1,1,1
Hyderabad,Telangana,Qutb Shahi Tombs,historic,adventure,60,2.92,100,0.243,1,0,1,0
Goa,Goa,Baga Beach,beach,relax,30,1.2,105,0.744,1,0,1,1
Hyderabad,Telangana,Golconda Fort,fort,relax,120,4.03,165,0.188,1,0,1,0
Nashik,Maharashtra,Anjaneri Hills,nature,adventure,300,0.65,165,0.806,1,1,1,1
Lucknow,Uttar Pradesh,Janeshwar Mishra Park,park,culture,30,0.99,80,0.104,0,0,1,0
Ahmedabad,Gujarat,Adalaj Stepwell,historic,nature,180,9.73,60,0.282,1,1,1,0
Goa,Goa,Fort Aguada,fort,nature,30,2.55,100,0.381,1,0,1,0
Hampi,Karnataka,Vittala Temple,historic,food,300,7.91,105,0.152,1,1,1,1
Hyderabad,Telangana,Qutb Shahi Tombs,historic,explore,180,1.63,75,0.397,1,1,1,1
Udaipur,Rajasthan,Jagdish Temple,religious,adventure,30,2.3,65,0.259,1,0,1,0
Nashik,Maharashtra,Pandavleni Caves,historic,culture,120,6.41,125,0.86,1,0,1,1
Hyderabad,Telangana,Charminar,historic,nature,60,4.41,60,0.441,1,1,1,1
Bengaluru,Karnataka,Vidhana Soudha,monument,nature,30,1.68,50,0.438,1,0,1,0
Udaipur,Rajasthan,Lake Pichola,lake,food,60,3.36,100,0.278,1,0,1,0
Srinagar,Jammu and Kashmir,Shankaracharya Temple,religious,explore,180,8.98,120,0.121,0,1,1,0
Mumbai,Maharashtra,Juhu Beach,beach,relax,120,0.41,75,0.944,0,1,1,1
Varanasi,Uttar Pradesh,Dashashwamedh Ghat,religious,culture,300,16.69,100,0.834,1,1,1,1
Chennai,Tamil Nadu,Marina Beach,beach,nature,30,1.3,85,0.756,1,0,1,1
Agra,Uttar Pradesh,Mehtab Bagh,garden,relax,60,3.29,80,0.804,0,0,1,0
Ahmedabad,Gujarat,Sidi Saiyyed Mosque,religious,relax,120,3.92,60,0.147,1,1,1,1
Lucknow,Uttar Pradesh,Chota Imambara,historic,culture,180,9.11,85,0.947,1,1,1,1
Mysuru,Karnataka,Mysore Palace,historic,explore,120,7.68,130,0.878,1,0,1,1
Amritsar,Punjab,Wagah Border,monument,relax,180,3.31,200,0.328,1,0,1,0
Nagpur,Maharashtra,Ambazari Lake,nature,nature,480,19.29,80,0.796,0,1,1,1
Bengaluru,Karnataka,Bannerghatta Biological Park,nature,food,30,2.76,180,0.303,1,0,1,0
Darjeeling,West Bengal,Tiger Hill,viewpoint,relax,30,1.04,115,0.508,1,0,1,0
Ahmedabad,Gujarat,Lothal,historic,adventure,180,8.95,140,0.428,1,1,1,1
Gangtok,Sikkim,Tashi View Point,viewpoint,explore,60,2.35,70,0.952,1,0,1,1
Mumbai,Maharashtra,Elephanta Caves,historic,nature,30,1.09,170,0.181,1,0,1,0
Jaipur,Rajasthan,Hawa Mahal,historic,food,60,3.24,55,0.311,1,1,1,1
Srinagar,Jammu and Kashmir,Pari Mahal,historic,food,120,2.54,85,0.305,1,1,1,1
Nashik,Maharashtra,Nandur Madhameshwar Bird Sanctuary,nature,food,120,1.55,160,0.144,1,0,1,0
Kolkata,West Bengal,Victoria Memorial,historic,food,60,2.38,140,0.388,1,0,1,0
Amritsar,Punjab,Partition Museum,museum,adventure,180,5.37,125,0.325,0,1,1,0
Hyderabad,Telangana,Hussain Sagar Lake,nature,culture,300,12.41,85,0.282,1,1,1,1
Mysuru,Karnataka,Brindavan Gardens,garden,relax,480,23.06,105,0.788,1,1,1,1
Mumbai,Maharashtra,Elephanta Caves,historic,explore,480,15.55,160,0.721,1,1,1,1
Udaipur,Rajasthan,Saheliyon-ki-Bari,garden,explore,180,7.55,75,0.448,1,1,1,1
Kolkata,West Bengal,St. Paul's Cathedral,religious,culture,480,17.81,50,0.831,1,1,1,1
Pune,Maharashtra,Sinhagad Fort,fort,relax,480,34.82,180,0.315,1,1,1,1
Nagpur,Maharashtra,Khindsi Lake,nature,nature,300,5.84,85,0.822,1,1,1,1
Pune,Maharashtra,Sarasbaug,park,relax,300,3.14,60,0.828,1,1,1,1
Mumbai,Maharashtra,Hanging Gardens,garden,explore,120,1.34,50,0.45,1,1,1,1
Srinagar,Jammu and Kashmir,Pari Mahal,historic,explore,180,5.76,70,0.73,1,1,1,1
Mumbai,Maharashtra,Elephanta Caves,historic,culture,300,17.89,165,0.978,1,1,1,1
Darjeeling,West Bengal,Happy Valley Tea Estate,nature,culture,30,1.52,100,0.124,1,0,1,0
Nagpur,Maharashtra,Ramtek Fort Temple,fort,nature,60,1.21,100,0.192,1,0,1,0
Kolkata,West Bengal,Maidan,park,adventure,120,6.4,85,0.479,0,1,1,0
Agra,Uttar Pradesh,Itmad-ud-Daulah's Tomb,historic,food,480,29.69,75,0.151,1,1,1,1
Bengaluru,Karnataka,Vidhana Soudha,monument,relax,480,7.15,35,0.339,0,1,1,0
Bengaluru,Karnataka,Bangalore Palace,historic,relax,180,10.07,100,0.413,1,1,1,1
Lucknow,Uttar Pradesh,Chota Imambara,historic,nature,300,10.99,75,0.345,0,1,1,0
Bengaluru,Karnataka,Bangalore Palace,historic,explore,180,2.03,90,0.846,1,1,1,1
Lucknow,Uttar Pradesh,Bara Imambara,historic,adventure,480,34.34,135,0.321,1,1,1,1
Jaipur,Rajasthan,Amber Fort,fort,relax,60,4.57,160,0.278,1,0,1,0
Bengaluru,Karnataka,Lalbagh Botanical Garden,garden,relax,480,18.58,100,0.895,0,1,1,1
Darjeeling,West Bengal,Darjeeling Himalayan Railway,historic,culture,30,2.43,135,0.97,1,0,1,1
Ahmedabad,Gujarat,Kankaria Lake,nature,culture,120,4.2,105,0.177,0,1,1,0
Hampi,Karnataka,Vittala Temple,historic,explore,30,2.41,110,0.724,1,0,1,1
Bengaluru,Karnataka,Vidhana Soudha,monument,food,60,4.12,45,0.329,1,1,1,1
Nagpur,Maharashtra,Ramtek Fort Temple,fort,adventure,120,6.55,115,0.836,1,1,1,1
Varanasi,Uttar Pradesh,Assi Ghat,religious,relax,480,2.32,70,0.755,1,1,1,1
Kolkata,West Bengal,Howrah Bridge,monument,food,480,27.62,45,0.108,1,1,1,1
Nashik,Maharashtra,Anjaneri Hills,nature,adventure,480,26.69,195,0.756,1,1,1,1
Mumbai,Maharashtra,Marine Drive,viewpoint,relax,60,4.89,65,0.924,1,0,1,1
Kolkata,West Bengal,Victoria Memorial,historic,relax,30,1.1,100,0.123,1,0,1,0
Nagpur,Maharashtra,Seminary Hill,nature,explore,120,6.56,65,0.225,1,1,1,1
Lucknow,Uttar Pradesh,Chota Imambara,historic,culture,300,15.15,100,0.897,0,1,1,1
Mysuru,Karnataka,Mysore Palace,historic,nature,480,13.09,120,0.246,1,1,1,1
Bengaluru,Karnataka,Cubbon Park,park,explore,300,13.25,65,0.194,1,1,1,0
Srinagar,Jammu and Kashmir,Mughal Gardens,garden,explore,300,15.85,80,0.338,1,1,1,0
Darjeeling,West Bengal,Darjeeling Himalayan Railway,historic,relax,120,5.61,155,0.539,1,0,1,1
Darjeeling,West Bengal,Darjeeling Himalayan Railway,historic,relax,60,4.68,170,0.168,0,0,1,0
Hampi,Karnataka,Virupaksha Temple,religious,explore,480,3.91,75,0.918,1,1,1,1
Jaipur,Rajasthan,Nahargarh Fort,fort,food,60,3.1,140,0.164,1,0,1,0
Hampi,Karnataka,Hampi Bazaar,historic,food,30,1.93,85,0.264,1,0,1,0
Ahmedabad,Gujarat,Lothal,historic,relax,480,7.41,145,0.348,1,1,1,1
Varanasi,Uttar Pradesh,Dashashwamedh Ghat,religious,nature,120,3.33,85,0.415,1,1,1,1
Hyderabad,Telangana,Charminar,historic,explore,480,3.7,80,0.793,1,1,1,1
Jaipur,Rajasthan,Hawa Mahal,historic,culture,120,7.87,65,0.747,1,1,1,1
Gangtok,Sikkim,Tsomgo Lake,lake,adventure,300,17.16,170,0.809,0,1,1,1
Lucknow,Uttar Pradesh,Bara Imambara,historic,explore,60,4.5,135,0.848,1,0,1,1
Bengaluru,Karnataka,Cubbon Park,park,nature,480,10.79,70,0.823,1,1,1,1
Darjeeling,West Bengal,Tiger Hill,viewpoint,adventure,60,4.9,100,0.791,1,0,1,1
Chennai,Tamil Nadu,Marina Beach,beach,culture,30,0.46,95,0.286,1,0,1,0
Nagpur,Maharashtra,Ambazari Lake,nature,explore,180,0.7,65,0.265,1,1,1,1
Nagpur,Maharashtra,Ambazari Lake,nature,food,480,34.47,65,0.077,1,1,1,0
Jaipur,Rajasthan,Jantar Mantar,museum,food,180,2.54,100,0.253,1,1,1,0
Lucknow,Uttar Pradesh,Residency Lucknow,historic,explore,480,10.66,90,0.94,1,1,1,1
Pune,Maharashtra,Sinhagad Fort,fort,adventure,480,6.47,200,0.789,1,1,1,1
Nagpur,Maharashtra,Ambazari Lake,nature,relax,30,1.2,75,0.731,0,0,1,0
Agra,Uttar Pradesh,Itmad-ud-Daulah's Tomb,historic,food,30,2.52,60,0.292,1,0,1,0
Varanasi,Uttar Pradesh,Kashi Vishwanath Temple,religious,relax,180,9.9,100,0.76,0,1,1,1
Nagpur,Maharashtra,Seminary Hill,nature,adventure,60,4.56,50,0.973,1,1,1,1
Darjeeling,West Bengal,Tiger Hill,viewpoint,nature,300,3.14,115,0.931,1,1,1,1
Jaipur,Rajasthan,Nahargarh Fort,fort,culture,300,10.02,110,0.4,1,1,1,0
Bengaluru,Karnataka,Bannerghatta Biological Park,nature,relax,300,14.25,200,0.21,1,1,1,0
Delhi,Delhi,Humayun's Tomb,historic,relax,30,2.21,85,0.98,1,0,1,1
Goa,Goa,Palolem Beach,beach,nature,480,20.09,130,0.927,1,1,1,1
Goa,Goa,Palolem Beach,beach,explore,300,7.26,130,0.219,1,1,1,1
Agra,Uttar Pradesh,Taj Mahal,historic,nature,300,8.89,155,0.3,1,1,1,1
Agra,Uttar Pradesh,Mehtab Bagh,garden,food,120,7.71,90,0.184,1,1,1,1
Agra,Uttar Pradesh,Itmad-ud-Daulah's Tomb,historic,relax,300,12.8,85,0.436,1,1,1,1
Gangtok,Sikkim,Tsomgo Lake,lake,culture,120,0.81,190,0.425,1,0,1,0
Kolkata,West Bengal,Howrah Bridge,monument,relax,480,16.4,50,0.208,1,1,1,1
Gangtok,Sikkim,Tsomgo Lake,lake,adventure,120,5.76,170,0.782,1,0,1,1
Varanasi,Uttar Pradesh,Kashi Vishwanath Temple,religious,culture,120,6.33,100,0.82,1,1,1,1
Gangtok,Sikkim,Tashi View Point,viewpoint,food,480,9.55,55,0.105,1,1,1,0
Chennai,Tamil Nadu,Fort St George,historic,culture,300,6.59,95,0.8,1,1,1,1
Varanasi,Uttar Pradesh,Dashashwamedh Ghat,religious,explore,480,14.53,80,0.784,1,1,1,1
Bengaluru,Karnataka,Lalbagh Botanical Garden,garden,nature,60,4.91,75,0.917,1,0,1,1
Agra,Uttar Pradesh,Agra Fort,fort,culture,300,10.24,105,0.885,1,1,1,1
Lucknow,Uttar Pradesh,Chota Imambara,historic,nature,30,2.23,100,0.323,1,0,1,0
Lucknow,Uttar Pradesh,Chota Imambara,historic,food,120,0.4,100,0.216,0,1,1,0
Hampi,Karnataka,Vittala Temple,historic,adventure,180,4.46,95,0.299,0,1,1,0
Bengaluru,Karnataka,Cubbon Park,park,culture,480,23.44,90,0.52,1,1,1,1
Delhi,Delhi,Lotus Temple,religious,nature,60,2.14,65,0.151,1,0,1,0
Nagpur,Maharashtra,Satpuda Botanical Garden,garden,relax,180,1.5,60,0.808,1,1,1,1
Goa,Goa,Palolem Beach,beach,adventure,480,28.21,180,0.234,1,1,1,1
Mysuru,Karnataka,Chamundi Hill,nature,relax,30,1.91,105,0.197,1,0,1,0
Varanasi,Uttar Pradesh,Assi Ghat,religious,explore,60,0.41,85,0.832,1,0,1,1
Goa,Goa,Fort Aguada,fort,explore,30,0.85,135,0.819,0,0,1,0
Amritsar,Punjab,Sri Harmandir Sahib (Golden Temple),religious,adventure,480,16.29,130,0.108,1,1,1,0
Goa,Goa,Fort Aguada,fort,food,180,6.59,110,0.194,1,1,1,1
Hyderabad,Telangana,Golconda Fort,fort,culture,60,2.09,125,0.81,1,0,1,1
Srinagar,Jammu and Kashmir,Dal Lake,lake,adventure,60,4.77,100,0.399,1,0,1,0
Gangtok,Sikkim,Rumtek Monastery,religious,relax,120,3.72,100,0.976,1,1,1,1
Bengaluru,Karnataka,Bangalore Palace,historic,food,30,1.12,110,0.373,0,0,1,0
Jaipur,Rajasthan,Amber Fort,fort,food,60,3.47,140,0.278,1,0,1,0
Goa,Goa,Basilica of Bom Jesus,religious,explore,300,6.73,85,0.81,1,1,1,1
Delhi,Delhi,Lotus Temple,religious,explore,180,0.88,65,0.166,1,1,1,0
Nashik,Maharashtra,Saptashrungi Temple,religious,relax,30,2.64,135,0.326,1,0,1,0
Srinagar,Jammu and Kashmir,Pari Mahal,historic,relax,120,7.71,65,0.826,1,1,1,1
Bengaluru,Karnataka,Lalbagh Botanical Garden,garden,culture,300,15.38,85,0.245,1,1,1,1
Amritsar,Punjab,Partition Museum,museum,adventure,30,1.39,115,0.369,1,0,1,0
Lucknow,Uttar Pradesh,Bara Imambara,historic,relax,60,1.05,105,0.401,1,0,1,0
Darjeeling,West Bengal,Darjeeling Himalayan Railway,historic,culture,300,11.41,165,0.911,1,1,1,1
Goa,Goa,Baga Beach,beach,explore,30,2.43,145,0.802,1,0,1,1
Bengaluru,Karnataka,Vidhana Soudha,monument,adventure,480,22.82,50,0.178,1,1,1,0
Hyderabad,Telangana,Hussain Sagar Lake,nature,explore,180,5.06,65,0.874,1,1,1,1
Mumbai,Maharashtra,Chhatrapati Shivaji Maharaj Terminus,historic,culture,480,14.65,60,0.777,1,1,1,1
Delhi,Delhi,Lodhi Garden,garden,explore,30,2.78,90,0.235,1,0,1,0
Nashik,Maharashtra,Saptashrungi Temple,religious,culture,480,25.88,135,0.837,1,1,1,1
Gangtok,Sikkim,Rumtek Monastery,religious,relax,30,2.91,110,0.924,1,0,1,1
Amritsar,Punjab,Partition Museum,museum,culture,30,1.64,125,0.898,1,0,1,1
Nagpur,Maharashtra,Ramtek Fort Temple,fort,food,480,4.81,100,0.249,1,1,1,0
Hampi,Karnataka,Hampi Bazaar,historic,nature,300,19.51,70,0.314,1,1,1,1
Varanasi,Uttar Pradesh,Kashi Vishwanath Temple,religious,nature,120,2.02,80,0.452,1,1,1,1
Udaipur,Rajasthan,Saheliyon-ki-Bari,garden,culture,480,19.66,80,0.36,1,1,1,1
Hampi,Karnataka,Vittala Temple,historic,adventure,60,0.47,130,0.136,1,0,1,0
Hyderabad,Telangana,Salar Jung Museum,museum,nature,180,0.69,110,0.171,1,1,1,1
Delhi,Delhi,Lodhi Garden,garden,food,30,1.16,65,0.086,1,0,1,0
Mumbai,Maharashtra,Elephanta Caves,historic,adventure,120,1.1,160,0.89,1,0,1,1
Pune,Maharashtra,Pune Okayama Friendship Garden,garden,food,120,5.97,70,0.111,1,1,1,0
Amritsar,Punjab,Wagah Border,monument,food,300,17.72,155,0.178,0,1,1,0
Delhi,Delhi,India Gate,monument,nature,30,2.28,55,0.503,0,0,1,0
Pune,Maharashtra,Sarasbaug,park,relax,60,1.94,70,0.855,1,0,1,1
Amritsar,Punjab,Wagah Border,monument,nature,30,0.53,175,0.451,1,0,1,0
Hampi,Karnataka,Matanga Hill,nature,adventure,120,2.17,100,0.739,1,1,1,1
Gangtok,Sikkim,Tsomgo Lake,lake,explore,60,1.75,155,0.284,1,0,1,0
Delhi,Delhi,Lodhi Garden,garden,culture,120,1.34,70,0.422,1,1,1,1
Goa,Goa,Palolem Beach,beach,adventure,120,6.37,125,0.191,1,0,1,0
Varanasi,Uttar Pradesh,Kashi Vishwanath Temple,religious,nature,180,9.84,85,0.307,1,1,1,1
Goa,Goa,Dudhsagar Falls,nature,food,120,6.97,215,0.208,1,0,1,0
Delhi,Delhi,Qutub Minar,historic,adventure,30,1.48,135,0.509,1,0,1,0
Varanasi,Uttar Pradesh,Sarnath,historic,culture,300,1.85,180,0.799,1,1,1,1
Amritsar,Punjab,Partition Museum,museum,relax,60,4.76,115,0.507,1,0,1,0
Hyderabad,Telangana,Salar Jung Museum,museum,culture,480,22.51,140,0.848,1,1,1,1
Amritsar,Punjab,Sri Harmandir Sahib (Golden Temple),religious,food,60,2.75,115,0.381,1,0,1,0
Chennai,Tamil Nadu,Guindy National Park,nature,culture,300,11.36,105,0.238,1,1,1,0
Nagpur,Maharashtra,Satpuda Botanical Garden,garden,explore,30,2.36,50,0.516,1,0,1,0
Bengaluru,Karnataka,Vidhana Soudha,monument,culture,480,1.22,50,0.956,1,1,1,1
Hampi,Karnataka,Hampi Bazaar,historic,nature,180,3.62,70,0.137,1,1,1,1
Ahmedabad,Gujarat,Sidi Saiyyed Mosque,religious,nature,30,2.69,65,0.289,1,0,1,0
Nashik,Maharashtra,Pandavleni Caves,historic,food,300,12.67,140,0.103,1,1,1,1
Mysuru,Karnataka,Mysuru Zoo,nature,culture,480,22.88,175,0.113,1,1,1,0
Mysuru,Karnataka,Mysuru Zoo,nature,nature,120,3.62,160,0.855,1,0,1,1
Udaipur,Rajasthan,Jagdish Temple,religious,adventure,60,3.81,65,0.295,1,0,1,0
Nagpur,Maharashtra,Khindsi Lake,nature,culture,480,18.35,90,0.397,1,1,1,1
Hyderabad,Telangana,Charminar,historic,adventure,180,9.34,85,0.138,1,1,1,1
Mumbai,Maharashtra,Elephanta Caves,historic,culture,120,5.42,155,0.843,1,0,1,1
Kolkata,West Bengal,Victoria Memorial,historic,culture,300,5.87,120,0.777,1,1,1,1
Mysuru,Karnataka,Mysuru Zoo,nature,relax,180,1.29,160,0.412,0,1,1,1
Chennai,Tamil Nadu,Government Museum Chennai,museum,relax,30,2.0,135,0.44,1,0,1,0
Mysuru,Karnataka,Chamundi Hill,nature,relax,480,33.14,130,0.458,1,1,1,1
Kolkata,West Bengal,Maidan,park,nature,300,4.77,60,0.954,0,1,1,1
Darjeeling,West Bengal,Padmaja Naidu Himalayan Zoological Park,nature,food,180,9.14,175,0.314,1,1,1,1
Bengaluru,Karnataka,Bannerghatta Biological Park,nature,food,120,3.43,210,0.212,1,0,1,0
Pune,Maharashtra,Pune Okayama Friendship Garden,garden,culture,30,2.61,65,0.373,1,0,1,0
Kolkata,West Bengal,St. Paul's Cathedral,religious,food,120,2.76,65,0.351,0,1,1,0
Pune,Maharashtra,Sarasbaug,park,culture,300,16.22,70,0.373,1,1,1,1
Bengaluru,Karnataka,Bangalore Palace,historic,nature,30,0.87,70,0.241,1,0,1,0
Pune,Maharashtra,Pune Okayama Friendship Garden,garden,food,60,4.31,75,0.228,1,0,1,0
Goa,Goa,Dudhsagar Falls,nature,explore,30,2.94,220,0.354,1,0,1,0
Varanasi,Uttar Pradesh,Dashashwamedh Ghat,religious,nature,300,15.62,75,0.348,1,1,1,1
Jaipur,Rajasthan,Amber Fort,fort,nature,300,5.71,155,0.308,1,1,1,1
Srinagar,Jammu and Kashmir,Dal Lake,lake,relax,120,2.5,100,0.904,1,1,1,1
Varanasi,Uttar Pradesh,Kashi Vishwanath Temple,religious,culture,60,2.02,90,0.763,1,0,1,1
Goa,Goa,Palolem Beach,beach,food,60,0.94,150,0.397,1,0,1,0
Chennai,Tamil Nadu,Fort St George,historic,nature,480,3.83,95,0.383,1,1,1,1
Jaipur,Rajasthan,Amber Fort,fort,relax,30,0.74,125,0.447,1,0,1,0
Agra,Uttar Pradesh,Agra Fort,fort,food,480,4.16,100,0.278,1,1,1,1
Goa,Goa,Basilica of Bom Jesus,religious,explore,30,2.58,70,0.885,1,0,1,1
Mumbai,Maharashtra,Gateway of India,historic,adventure,300,18.36,90,0.248,1,1,1,1
Chennai,Tamil Nadu,Kapaleeshwarar Temple,religious,nature,300,5.19,80,0.449,1,1,1,1
Jaipur,Rajasthan,Amber Fort,fort,adventure,300,6.46,135,0.79,1,1,1,1
Mysuru,Karnataka,Mysuru Zoo,nature,explore,300,3.22,180,0.924,1,1,1,1
Nashik,Maharashtra,Pandavleni Caves,historic,adventure,30,1.75,115,0.733,1,0,1,1
Pune,Maharashtra,Pune Okayama Friendship Garden,garden,culture,60,0.73,85,0.502,0,0,1,0
Kolkata,West Bengal,Howrah Bridge,monument,relax,180,9.59,35,0.325,1,1,1,1
Nagpur,Maharashtra,Khindsi Lake,nature,nature,60,1.74,90,0.898,0,0,1,0
Kolkata,West Bengal,Howrah Bridge,monument,food,120,2.31,40,0.297,1,1,1,1
Nagpur,Maharashtra,Khindsi Lake,nature,food,480,2.3,75,0.223,1,1,1,1
Delhi,Delhi,Lotus Temple,religious,food,120,2.12,85,0.144,1,1,1,0
Delhi,Delhi,India Gate,monument,explore,120,0.51,50,0.853,1,1,1,1
Pune,Maharashtra,Raja Dinkar Kelkar Museum,museum,explore,60,4.06,105,0.908,1,0,1,1
Amritsar,Punjab,Jallianwala Bagh,historic,food,60,1.92,90,0.314,1,0,1,0
Ahmedabad,Gujarat,Sabarmati Ashram,historic,relax,180,8.51,95,0.722,1,1,1,1
Delhi,Delhi,Lodhi Garden,garden,nature,120,4.28,85,0.765,1,1,1,1
Jaipur,Rajasthan,Nahargarh Fort,fort,explore,180,2.75,140,0.9,1,1,1,1
Darjeeling,West Bengal,Padmaja Naidu Himalayan Zoological Park,nature,relax,480,9.9,155,0.509,1,1,1,1
Nashik,Maharashtra,Trimbakeshwar Temple,religious,culture,480,7.31,110,0.973,1,1,1,1
Gangtok,Sikkim,Rumtek Monastery,religious,food,30,0.95,130,0.097,1,0,1,0
Nagpur,Maharashtra,Satpuda Botanical Garden,garden,culture,480,20.85,65,0.409,1,1,1,1
Kolkata,West Bengal,St. Paul's Cathedral,religious,explore,60,2.99,55,0.37,1,1,1,1
Delhi,Delhi,Humayun's Tomb,historic,culture,480,6.17,75,0.834,1,1,1,1
Chennai,Tamil Nadu,Marina Beach,beach,relax,60,2.12,95,0.767,1,0,1,1
Mumbai,Maharashtra,Elephanta Caves,historic,culture,180,2.46,160,0.94,0,1,1,1
Mumbai,Maharashtra,Juhu Beach,beach,explore,480,31.45,105,0.859,1,1,1,1
Varanasi,Uttar Pradesh,Sarnath,historic,food,60,3.15,135,0.376,1,0,1,0
Amritsar,Punjab,Partition Museum,museum,relax,480,8.24,135,0.469,1,1,1,1
Ahmedabad,Gujarat,Sidi Saiyyed Mosque,religious,relax,60,2.09,70,0.34,1,0,1,0
Nagpur,Maharashtra,Seminary Hill,nature,culture,30,0.8,70,0.318,0,0,1,0
Varanasi,Uttar Pradesh,Kashi Vishwanath Temple,religious,adventure,30,1.78,75,0.151,0,0,1,0
Jaipur,Rajasthan,Hawa Mahal,historic,explore,60,3.06,65,0.816,1,0,1,1
Goa,Goa,Fort Aguada,fort,culture,180,2.53,130,0.825,0,1,1,1
Darjeeling,West Bengal,Darjeeling Himalayan Railway,historic,relax,480,17.39,135,0.23,1,1,1,1
Delhi,Delhi,Lodhi Garden,garden,explore,60,2.6,85,0.325,0,0,1,0
Mysuru,Karnataka,Chamundi Hill,nature,explore,60,1.93,130,0.499,0,0,1,0
Darjeeling,West Bengal,Darjeeling Himalayan Railway,historic,relax,180,6.95,120,0.361,1,1,1,1
Varanasi,Uttar Pradesh,Assi Ghat,religious,relax,60,3.99,85,0.938,1,0,1,1
Hyderabad,Telangana,Qutb Shahi Tombs,historic,nature,480,29.79,70,0.177,1,1,1,1
Srinagar,Jammu and Kashmir,Dal Lake,lake,culture,120,2.78,105,0.547,1,1,1,1
Kolkata,West Bengal,Howrah Bridge,monument,culture,180,7.45,55,0.827,1,1,1,1
Mumbai,Maharashtra,Marine Drive,viewpoint,food,300,6.1,60,0.14,1,1,1,1
Nagpur,Maharashtra,Khindsi Lake,nature,culture,60,1.83,85,0.16,1,0,1,0
Goa,Goa,Basilica of Bom Jesus,religious,relax,30,2.04,60,0.135,1,0,1,0
Darjeeling,West Bengal,Happy Valley Tea Estate,nature,nature,60,2.96,105,0.809,0,0,1,0
Varanasi,Uttar Pradesh,Kashi Vishwanath Temple,religious,relax,120,1.08,85,0.778,1,1,1,1
Mysuru,Karnataka,Mysore Palace,historic,explore,180,7.74,115,0.913,0,1,1,1
Agra,Uttar Pradesh,Mehtab Bagh,garden,culture,300,16.02,85,0.431,1,1,1,1
Chennai,Tamil Nadu,Guindy National Park,nature,explore,180,2.55,130,0.197,1,1,1,1
Agra,Uttar Pradesh,Agra Fort,fort,food,60,0.92,105,0.367,0,0,1,0
Udaipur,Rajasthan,Saheliyon-ki-Bari,garden,adventure,480,32.45,70,0.492,0,1,1,0
Goa,Goa,Fort Aguada,fort,culture,120,1.98,110,0.935,1,1,1,1
Gangtok,Sikkim,Tashi View Point,viewpoint,food,180,10.13,50,0.243,1,1,1,1
Amritsar,Punjab,Wagah Border,monument,explore,300,2.63,200,0.971,0,1,1,1
Chennai,Tamil Nadu,Fort St George,historic,adventure,60,4.04,80,0.413,1,0,1,0
Pune,Maharashtra,Aga Khan Palace,historic,adventure,60,2.8,85,0.354,1,0,1,0
Chennai,Tamil Nadu,Kapaleeshwarar Temple,religious,nature,180,6.18,90,0.206,0,1,1,0
Ahmedabad,Gujarat,Sabarmati Ashram,historic,culture,480,33.25,85,0.823,1,1,1,1
Nashik,Maharashtra,Nandur Madhameshwar Bird Sanctuary,nature,adventure,30,2.24,210,0.141,1,0,1,0
Ahmedabad,Gujarat,Kankaria Lake,nature,culture,480,19.83,90,0.414,1,1,1,1
Agra,Uttar Pradesh,Taj Mahal,historic,relax,60,0.78,135,0.978,1,0,1,1
Kolkata,West Bengal,Indian Museum,museum,culture,30,2.82,135,0.956,1,0,1,1
Udaipur,Rajasthan,Lake Pichola,lake,nature,120,5.17,105,0.95,1,1,1,1
Chennai,Tamil Nadu,Kapaleeshwarar Temple,religious,explore,300,11.86,65,0.19,1,1,1,0
Nashik,Maharashtra,Anjaneri Hills,nature,food,300,16.12,205,0.215,1,1,1,1
Darjeeling,West Bengal,Padmaja Naidu Himalayan Zoological Park,nature,adventure,300,0.45,145,0.316,1,1,1,1
Srinagar,Jammu and Kashmir,Mughal Gardens,garden,food,300,8.11,75,0.191,1,1,1,0
Varanasi,Uttar Pradesh,Dashashwamedh Ghat,religious,explore,300,13.6,85,0.816,0,1,1,1
Udaipur,Rajasthan,City Palace Udaipur,historic,food,480,27.63,160,0.348,1,1,1,1
Jaipur,Rajasthan,Nahargarh Fort,fort,nature,60,4.43,110,0.84,1,0,1,1
Hampi,Karnataka,Hampi Bazaar,historic,relax,120,2.98,90,0.521,1,1,1,1
Hyderabad,Telangana,Salar Jung Museum,museum,adventure,180,1.73,125,0.146,1,1,1,1
Nashik,Maharashtra,Saptashrungi Temple,religious,culture,300,19.62,165,0.841,1,1,1,1
Lucknow,Uttar Pradesh,Residency Lucknow,historic,culture,300,9.92,75,0.739,1,1,1,1
Amritsar,Punjab,Sri Harmandir Sahib (Golden Temple),religious,food,300,10.66,140,0.083,1,1,1,0
Mysuru,Karnataka,Mysore Palace,historic,explore,480,7.56,115,0.977,1,1,1,1
Mumbai,Maharashtra,Elephanta Caves,historic,nature,180,10.7,165,0.333,1,1,1,1
Hyderabad,Telangana,Golconda Fort,fort,nature,30,0.71,130,0.111,0,0,1,0
Delhi,Delhi,Humayun's Tomb,historic,relax,180,2.49,105,0.905,1,1,1,1
Amritsar,Punjab,Jallianwala Bagh,historic,nature,480,17.76,85,0.218,1,1,1,0
Darjeeling,West Bengal,Padmaja Naidu Himalayan Zoological Park,nature,culture,60,2.67,165,0.134,1,0,1,0
Chennai,Tamil Nadu,Fort St George,historic,food,60,3.08,110,0.136,1,0,1,0
Lucknow,Uttar Pradesh,Chota Imambara,historic,nature,180,1.64,75,0.28,0,1,1,0
Goa,Goa,Basilica of Bom Jesus,religious,relax,120,7.11,70,0.407,1,1,1,1
Jaipur,Rajasthan,City Palace,historic,relax,120,7.57,105,0.158,1,1,1,1
Nashik,Maharashtra,Pandavleni Caves,historic,nature,30,0.42,100,0.443,1,0,1,0
Hampi,Karnataka,Vittala Temple,historic,food,120,3.9,120,0.301,1,1,1,1
Udaipur,Rajasthan,Lake Pichola,lake,adventure,30,2.61,80,0.339,1,0,1,0
Nagpur,Maharashtra,Deekshabhoomi,monument,adventure,180,5.79,55,0.218,1,1,1,1
Kolkata,West Bengal,Maidan,park,food,120,3.76,80,0.341,1,1,1,1
Mumbai,Maharashtra,Marine Drive,viewpoint,culture,180,8.72,60,0.223,0,1,1,0
Gangtok,Sikkim,Tashi View Point,viewpoint,relax,60,3.26,50,0.732,1,1,1,1
Nashik,Maharashtra,Trimbakeshwar Temple,religious,adventure,180,7.34,140,0.548,0,1,1,1
Jaipur,Rajasthan,Amber Fort,fort,food,120,3.88,125,0.201,1,0,1,0
Kolkata,West Bengal,St. Paul's Cathedral,religious,culture,120,4.93,65,0.773,1,1,1,1
Delhi,Delhi,Qutub Minar,historic,culture,60,0.61,120,0.932,1,0,1,1
Jaipur,Rajasthan,Jal Mahal,viewpoint,adventure,180,3.43,55,0.285,1,1,1,1
Ahmedabad,Gujarat,Kankaria Lake,nature,culture,180,10.87,95,0.211,1,1,1,1
Udaipur,Rajasthan,City Palace Udaipur,historic,nature,180,0.47,165,0.358,0,1,1,0
Darjeeling,West Bengal,Darjeeling Himalayan Railway,historic,adventure,480,15.42,170,0.281,1,1,1,1
Varanasi,Uttar Pradesh,Dashashwamedh Ghat,religious,relax,180,1.64,75,0.829,0,1,1,1
Ahmedabad,Gujarat,Adalaj Stepwell,historic,explore,180,7.52,85,0.844,1,1,1,1
Nagpur,Maharashtra,Khindsi Lake,nature,explore,60,2.99,80,0.379,1,0,1,0
Gangtok,Sikkim,Banjhakri Falls,nature,food,120,0.55,140,0.314,1,0,1,0
Bengaluru,Karnataka,Lalbagh Botanical Garden,garden,adventure,480,8.42,100,0.302,1,1,1,1
Mumbai,Maharashtra,Hanging Gardens,garden,culture,300,11.97,60,0.224,1,1,1,0
Lucknow,Uttar Pradesh,Bara Imambara,historic,adventure,180,0.57,110,0.361,1,1,1,1
Udaipur,Rajasthan,Saheliyon-ki-Bari,garden,relax,180,10.43,85,0.963,1,1,1,1
Srinagar,Jammu and Kashmir,Mughal Gardens,garden,relax,180,7.88,80,0.902,1,1,1,1
Darjeeling,West Bengal,Tiger Hill,viewpoint,adventure,30,0.95,115,0.972,0,0,1,0
Chennai,Tamil Nadu,Guindy National Park,nature,nature,480,32.96,135,0.727,1,1,1,1
Varanasi,Uttar Pradesh,Kashi Vishwanath Temple,religious,nature,30,2.3,100,0.151,1,0,1,0
Pune,Maharashtra,Raja Dinkar Kelkar Museum,museum,nature,30,2.44,80,0.513,1,0,1,0
Jaipur,Rajasthan,Jantar Mantar,museum,explore,120,3.7,105,0.847,1,1,1,1
Nashik,Maharashtra,Trimbakeshwar Temple,religious,food,300,6.05,130,0.073,1,1,1,0
Kolkata,West Bengal,Victoria Memorial,historic,nature,180,8.64,125,0.396,1,1,1,1
Bengaluru,Karnataka,Cubbon Park,park,culture,30,1.37,60,0.531,1,0,1,0
Mysuru,Karnataka,Chamundi Hill,nature,food,120,2.04,125,0.174,1,0,1,0
Lucknow,Uttar Pradesh,Chota Imambara,historic,adventure,300,4.07,90,0.537,1,1,1,1
Jaipur,Rajasthan,City Palace,historic,explore,180,7.66,140,0.814,1,1,1,1
Jaipur,Rajasthan,Hawa Mahal,historic,explore,120,1.72,60,0.829,0,1,1,1
Jaipur,Rajasthan,Nahargarh Fort,fort,food,300,3.33,120,0.306,1,1,1,1
Nagpur,Maharashtra,Ramtek Fort Temple,fort,food,120,4.59,100,0.31,1,1,1,1
Darjeeling,West Bengal,Happy Valley Tea Estate,nature,explore,180,10.84,110,0.893,1,1,1,1
Srinagar,Jammu and Kashmir,Mughal Gardens,garden,nature,30,2.27,95,0.793,1,0,1,1
